model,kind,key,share,n_electrodes
tf_time,electrode,Fc5,0.012307729,
tf_time,electrode,Fc3,0.011568733,
tf_time,electrode,Fc1,0.013659923,
tf_time,electrode,Fcz,0.015794259,
tf_time,electrode,Fc2,0.010794675,
tf_time,electrode,Fc4,0.014805564,
tf_time,electrode,Fc6,0.02027394,
tf_time,electrode,C5,0.013061789,
tf_time,electrode,C3,0.014839073,
tf_time,electrode,C1,0.017199269,
tf_time,electrode,Cz,0.015137661,
tf_time,electrode,C2,0.012785065,
tf_time,electrode,C4,0.01728083,
tf_time,electrode,C6,0.0137838,
tf_time,electrode,Cp5,0.01510855,
tf_time,electrode,Cp3,0.011077397,
tf_time,electrode,Cp1,0.019131912,
tf_time,electrode,Cpz,0.015197324,
tf_time,electrode,Cp2,0.016621664,
tf_time,electrode,Cp4,0.013292419,
tf_time,electrode,Cp6,0.012632493,
tf_time,electrode,Fp1,0.0104475655,
tf_time,electrode,Fpz,0.011549611,
tf_time,electrode,Fp2,0.0109954355,
tf_time,electrode,Af7,0.0153710535,
tf_time,electrode,Af3,0.014544214,
tf_time,electrode,Afz,0.010307642,
tf_time,electrode,Af4,0.010403612,
tf_time,electrode,Af8,0.02267649,
tf_time,electrode,F7,0.03579425,
tf_time,electrode,F5,0.013082276,
tf_time,electrode,F3,0.013569476,
tf_time,electrode,F1,0.011519584,
tf_time,electrode,Fz,0.012072699,
tf_time,electrode,F2,0.0121063795,
tf_time,electrode,F4,0.016706336,
tf_time,electrode,F6,0.01552169,
tf_time,electrode,F8,0.029904746,
tf_time,electrode,Ft7,0.03692304,
tf_time,electrode,Ft8,0.023795705,
tf_time,electrode,T7,0.019938234,
tf_time,electrode,T8,0.014046372,
tf_time,electrode,T9,0.02274122,
tf_time,electrode,T10,0.013928052,
tf_time,electrode,Tp7,0.013428254,
tf_time,electrode,Tp8,0.011600356,
tf_time,electrode,P7,0.012596298,
tf_time,electrode,P5,0.01702568,
tf_time,electrode,P3,0.011650783,
tf_time,electrode,P1,0.011485399,
tf_time,electrode,Pz,0.0129039055,
tf_time,electrode,P2,0.015536408,
tf_time,electrode,P4,0.019799182,
tf_time,electrode,P6,0.013588073,
tf_time,electrode,P8,0.012381108,
tf_time,electrode,Po7,0.022137126,
tf_time,electrode,Po3,0.016570924,
tf_time,electrode,Poz,0.013030305,
tf_time,electrode,Po4,0.016083274,
tf_time,electrode,Po8,0.02055538,
tf_time,electrode,O1,0.014695263,
tf_time,electrode,Oz,0.012046366,
tf_time,electrode,O2,0.015546578,
tf_time,electrode,Iz,0.013039601,
tf_time,time_0.1s,0.0,0.04045989,
tf_time,time_0.1s,0.1,0.045511834,
tf_time,time_0.1s,0.2,0.06235105,
tf_time,time_0.1s,0.3,0.07508407,
tf_time,time_0.1s,0.4,0.037456654,
tf_time,time_0.1s,0.5,0.029101806,
tf_time,time_0.1s,0.6,0.030966591,
tf_time,time_0.1s,0.7,0.034394395,
tf_time,time_0.1s,0.8,0.037736047,
tf_time,time_0.1s,0.9,0.039368678,
tf_time,time_0.1s,1.0,0.0329273,
tf_time,time_0.1s,1.1,0.030945938,
tf_time,time_0.1s,1.2,0.027954761,
tf_time,time_0.1s,1.3,0.028479457,
tf_time,time_0.1s,1.4,0.02753818,
tf_time,time_0.1s,1.5,0.028698051,
tf_time,time_0.1s,1.6,0.026313258,
tf_time,time_0.1s,1.7,0.026755579,
tf_time,time_0.1s,1.8,0.022054775,
tf_time,time_0.1s,1.9,0.02122876,
tf_time,time_0.1s,2.0,0.01907268,
tf_time,time_0.1s,2.1,0.019424025,
tf_time,time_0.1s,2.2,0.019832108,
tf_time,time_0.1s,2.3,0.019827705,
tf_time,time_0.1s,2.4,0.017613085,
tf_time,time_0.1s,2.5,0.017488709,
tf_time,time_0.1s,2.6,0.01522146,
tf_time,time_0.1s,2.7,0.015372973,
tf_time,time_0.1s,2.8,0.014209806,
tf_time,time_0.1s,2.9,0.0136947185,
tf_time,time_0.1s,3.0,0.012850323,
tf_time,time_0.1s,3.1,0.013434515,
tf_time,time_0.1s,3.2,0.013283289,
tf_time,time_0.1s,3.3,0.013528411,
tf_time,time_0.1s,3.4,0.012932793,
tf_time,time_0.1s,3.5,0.013422916,
tf_time,time_0.1s,3.6,0.011709907,
tf_time,time_0.1s,3.7,0.011919574,
tf_time,time_0.1s,3.8,0.01007155,
tf_time,time_0.1s,3.9,0.0097623775,
tf_time,region,frontal (A3 eye),0.2005986,12.0
tf_time,region,occipital (A3 visual),0.14370482,9.0
tf_time,region,temporal,0.15640123,8.0
tf_time,region,sensorimotor (A2),0.3063541,21.0
eegnet,electrode,Fc5,0.009442841,
eegnet,electrode,Fc3,0.013544962,
eegnet,electrode,Fc1,0.009898148,
eegnet,electrode,Fcz,0.009531985,
eegnet,electrode,Fc2,0.011348558,
eegnet,electrode,Fc4,0.012388389,
eegnet,electrode,Fc6,0.019432966,
eegnet,electrode,C5,0.012196481,
eegnet,electrode,C3,0.009687017,
eegnet,electrode,C1,0.017402858,
eegnet,electrode,Cz,0.01415242,
eegnet,electrode,C2,0.009189091,
eegnet,electrode,C4,0.022829596,
eegnet,electrode,C6,0.02054136,
eegnet,electrode,Cp5,0.011219762,
eegnet,electrode,Cp3,0.020169752,
eegnet,electrode,Cp1,0.016161988,
eegnet,electrode,Cpz,0.011228378,
eegnet,electrode,Cp2,0.015751973,
eegnet,electrode,Cp4,0.015932862,
eegnet,electrode,Cp6,0.0070643397,
eegnet,electrode,Fp1,0.007310166,
eegnet,electrode,Fpz,0.01050018,
eegnet,electrode,Fp2,0.009012357,
eegnet,electrode,Af7,0.023639727,
eegnet,electrode,Af3,0.010145936,
eegnet,electrode,Afz,0.009235701,
eegnet,electrode,Af4,0.007988748,
eegnet,electrode,Af8,0.027067106,
eegnet,electrode,F7,0.047171533,
eegnet,electrode,F5,0.014194676,
eegnet,electrode,F3,0.013624201,
eegnet,electrode,F1,0.019654553,
eegnet,electrode,Fz,0.017357629,
eegnet,electrode,F2,0.018060848,
eegnet,electrode,F4,0.017002694,
eegnet,electrode,F6,0.017811688,
eegnet,electrode,F8,0.024629276,
eegnet,electrode,Ft7,0.044952046,
eegnet,electrode,Ft8,0.03291591,
eegnet,electrode,T7,0.026434857,
eegnet,electrode,T8,0.015430995,
eegnet,electrode,T9,0.021285364,
eegnet,electrode,T10,0.02084048,
eegnet,electrode,Tp7,0.01083928,
eegnet,electrode,Tp8,0.011678842,
eegnet,electrode,P7,0.009729465,
eegnet,electrode,P5,0.015267894,
eegnet,electrode,P3,0.0111916475,
eegnet,electrode,P1,0.006582064,
eegnet,electrode,Pz,0.009263845,
eegnet,electrode,P2,0.0146626,
eegnet,electrode,P4,0.014262115,
eegnet,electrode,P6,0.0125466315,
eegnet,electrode,P8,0.011539539,
eegnet,electrode,Po7,0.017978225,
eegnet,electrode,Po3,0.014865551,
eegnet,electrode,Poz,0.010469853,
eegnet,electrode,Po4,0.015528104,
eegnet,electrode,Po8,0.026379256,
eegnet,electrode,O1,0.014173042,
eegnet,electrode,Oz,0.009380579,
eegnet,electrode,O2,0.008859511,
eegnet,electrode,Iz,0.009419548,
eegnet,time_0.1s,0.0,0.017139379,
eegnet,time_0.1s,0.1,0.016995015,
eegnet,time_0.1s,0.2,0.02742693,
eegnet,time_0.1s,0.3,0.045414697,
eegnet,time_0.1s,0.4,0.028155012,
eegnet,time_0.1s,0.5,0.032808453,
eegnet,time_0.1s,0.6,0.05741174,
eegnet,time_0.1s,0.7,0.06589373,
eegnet,time_0.1s,0.8,0.06270916,
eegnet,time_0.1s,0.9,0.056409948,
eegnet,time_0.1s,1.0,0.04996372,
eegnet,time_0.1s,1.1,0.039835542,
eegnet,time_0.1s,1.2,0.029580493,
eegnet,time_0.1s,1.3,0.019954447,
eegnet,time_0.1s,1.4,0.012854184,
eegnet,time_0.1s,1.5,0.0107743,
eegnet,time_0.1s,1.6,0.013957994,
eegnet,time_0.1s,1.7,0.01854545,
eegnet,time_0.1s,1.8,0.021304497,
eegnet,time_0.1s,1.9,0.022363517,
eegnet,time_0.1s,2.0,0.02322192,
eegnet,time_0.1s,2.1,0.025085928,
eegnet,time_0.1s,2.2,0.027339185,
eegnet,time_0.1s,2.3,0.029063517,
eegnet,time_0.1s,2.4,0.02885647,
eegnet,time_0.1s,2.5,0.027255658,
eegnet,time_0.1s,2.6,0.023766367,
eegnet,time_0.1s,2.7,0.021360345,
eegnet,time_0.1s,2.8,0.018923137,
eegnet,time_0.1s,2.9,0.016468879,
eegnet,time_0.1s,3.0,0.015209037,
eegnet,time_0.1s,3.1,0.014771546,
eegnet,time_0.1s,3.2,0.014547181,
eegnet,time_0.1s,3.3,0.014044589,
eegnet,time_0.1s,3.4,0.012314437,
eegnet,time_0.1s,3.5,0.010685437,
eegnet,time_0.1s,3.6,0.008764318,
eegnet,time_0.1s,3.7,0.0077874237,
eegnet,time_0.1s,3.8,0.006047773,
eegnet,time_0.1s,3.9,0.004988601,
eegnet,region,frontal (A3 eye),0.2087071,12.0
eegnet,region,occipital (A3 visual),0.12705366,9.0
eegnet,region,temporal,0.18437777,8.0
eegnet,region,sensorimotor (A2),0.28911573,21.0
