model,fold,seed,n_train,n_params,best_epoch,epochs_run,val_loss,val_acc,test_acc,n_test,sec,exp,job
eegnet,0,0,30,2962,7,18,0.3645344376564026,0.8222222222222222,0.7878787878787878,231,565.1,aug,aug_eegnet_f0_s0_n30
eegnet,0,1,30,2962,13,24,0.358156681060791,0.8488888888888889,0.7792207792207793,231,539.9,aug,aug_eegnet_f0_s1_n30
eegnet,1,0,30,2962,23,34,0.5883672833442688,0.6860986547085202,0.8266666666666667,225,3872.6,aug,aug_eegnet_f1_s0_n30
eegnet,1,1,30,2962,9,20,0.6321499943733215,0.6591928251121076,0.8222222222222222,225,455.8,aug,aug_eegnet_f1_s1_n30
eegnet,2,0,30,2962,14,25,0.3695276975631714,0.7905982905982906,0.6860986547085202,223,3620.9,aug,aug_eegnet_f2_s0_n30
eegnet,2,1,30,2962,19,30,0.37117356061935425,0.8076923076923077,0.6905829596412556,223,696.1,aug,aug_eegnet_f2_s1_n30
eegnet,3,0,30,2962,15,26,0.47978639602661133,0.7288888888888889,0.8247863247863247,234,3641.4,aug,aug_eegnet_f3_s0_n30
eegnet,3,1,30,2962,28,39,0.48635968565940857,0.72,0.8504273504273504,234,920.9,aug,aug_eegnet_f3_s1_n30
eegnet,0,0,5,2962,28,89,0.5224431753158569,0.7155555555555555,0.7142857142857143,231,482.6,base,base_eegnet_f0_s0_n5
eegnet,0,1,5,2962,31,92,0.41843006014823914,0.8088888888888889,0.7316017316017316,231,483.0,base,base_eegnet_f0_s1_n5
eegnet,0,2,5,2962,16,77,0.5016897320747375,0.7733333333333333,0.7229437229437229,231,455.4,base,base_eegnet_f0_s2_n5
eegnet,1,0,5,2962,6,67,0.6353148221969604,0.6367713004484304,0.7555555555555555,225,357.2,base,base_eegnet_f1_s0_n5
eegnet,1,1,5,2962,6,67,0.648508608341217,0.6053811659192825,0.7644444444444445,225,322.6,base,base_eegnet_f1_s1_n5
eegnet,1,2,5,2962,12,73,0.643240749835968,0.6367713004484304,0.7866666666666666,225,435.0,base,base_eegnet_f1_s2_n5
eegnet,2,0,5,2962,20,81,0.48772963881492615,0.7991452991452992,0.6098654708520179,223,439.5,base,base_eegnet_f2_s0_n5
eegnet,2,1,5,2962,22,83,0.46134668588638306,0.7863247863247863,0.6053811659192825,223,401.0,base,base_eegnet_f2_s1_n5
eegnet,2,2,5,2962,19,80,0.47499075531959534,0.7777777777777778,0.6098654708520179,223,486.4,base,base_eegnet_f2_s2_n5
eegnet,3,0,5,2962,16,77,0.5793240070343018,0.6888888888888889,0.7777777777777778,234,411.5,base,base_eegnet_f3_s0_n5
eegnet,3,1,5,2962,22,83,0.5685084462165833,0.6933333333333334,0.7991452991452992,234,392.7,base,base_eegnet_f3_s1_n5
eegnet,3,2,5,2962,11,72,0.5881127119064331,0.6933333333333334,0.7606837606837606,234,423.0,base,base_eegnet_f3_s2_n5
eegnet,0,0,10,2962,17,48,0.439369797706604,0.8044444444444444,0.7229437229437229,231,505.8,base,base_eegnet_f0_s0_n10
eegnet,0,1,10,2962,20,51,0.4056570529937744,0.7955555555555556,0.7575757575757576,231,400.2,base,base_eegnet_f0_s1_n10
eegnet,1,0,10,2962,16,47,0.6269544363021851,0.672645739910314,0.76,225,530.4,base,base_eegnet_f1_s0_n10
eegnet,1,1,10,2962,4,35,0.6696068644523621,0.600896860986547,0.7644444444444445,225,269.5,base,base_eegnet_f1_s1_n10
eegnet,2,0,10,2962,25,56,0.3959469795227051,0.8076923076923077,0.6771300448430493,223,628.5,base,base_eegnet_f2_s0_n10
eegnet,2,1,10,2962,20,51,0.45363742113113403,0.7649572649572649,0.6591928251121076,223,413.3,base,base_eegnet_f2_s1_n10
eegnet,3,0,10,2962,63,94,0.4545592963695526,0.7822222222222223,0.7991452991452992,234,885.9,base,base_eegnet_f3_s0_n10
eegnet,3,1,10,2962,8,39,0.6040344834327698,0.6933333333333334,0.7905982905982906,234,303.5,base,base_eegnet_f3_s1_n10
eegnet,0,0,20,2962,14,30,0.39029112458229065,0.8177777777777778,0.7359307359307359,231,586.5,base,base_eegnet_f0_s0_n20
eegnet,0,1,20,2962,17,33,0.3675093948841095,0.8222222222222222,0.7575757575757576,231,483.5,base,base_eegnet_f0_s1_n20
eegnet,1,0,20,2962,8,24,0.6088318228721619,0.7085201793721974,0.8266666666666667,225,468.9,base,base_eegnet_f1_s0_n20
eegnet,1,1,20,2962,8,24,0.6433929204940796,0.6591928251121076,0.7911111111111111,225,351.2,base,base_eegnet_f1_s1_n20
eegnet,2,0,20,2962,31,47,0.39046597480773926,0.8162393162393162,0.7219730941704036,223,949.9,base,base_eegnet_f2_s0_n20
eegnet,2,1,20,2962,12,28,0.39482006430625916,0.811965811965812,0.6143497757847534,223,402.7,base,base_eegnet_f2_s1_n20
eegnet,3,0,20,2962,36,52,0.49299630522727966,0.7555555555555555,0.8247863247863247,234,1065.6,base,base_eegnet_f3_s0_n20
eegnet,3,1,20,2962,30,46,0.46976858377456665,0.7466666666666667,0.8504273504273504,234,674.9,base,base_eegnet_f3_s1_n20
eegnet,0,0,30,2962,7,18,0.36881446838378906,0.8266666666666667,0.7792207792207793,231,400.6,base,base_eegnet_f0_s0_n30
eegnet,0,1,30,2962,13,24,0.35831546783447266,0.8577777777777778,0.7705627705627706,231,3518.4,base,base_eegnet_f0_s1_n30
eegnet,0,2,30,2962,9,20,0.38626474142074585,0.8266666666666667,0.7359307359307359,231,434.9,base,base_eegnet_f0_s2_n30
eegnet,1,0,30,2962,17,28,0.5873255133628845,0.6771300448430493,0.8,225,637.6,base,base_eegnet_f1_s0_n30
eegnet,1,1,30,2962,11,22,0.6365931630134583,0.6367713004484304,0.8177777777777778,225,510.3,base,base_eegnet_f1_s1_n30
eegnet,1,2,30,2962,11,22,0.6129345297813416,0.6816143497757847,0.8177777777777778,225,489.4,base,base_eegnet_f1_s2_n30
eegnet,2,0,30,2962,13,24,0.36770564317703247,0.7948717948717948,0.6860986547085202,223,543.4,base,base_eegnet_f2_s0_n30
eegnet,2,1,30,2962,10,21,0.3788289427757263,0.8076923076923077,0.6816143497757847,223,481.2,base,base_eegnet_f2_s1_n30
eegnet,2,2,30,2962,17,28,0.3873336613178253,0.7863247863247863,0.6905829596412556,223,683.5,base,base_eegnet_f2_s2_n30
eegnet,3,0,30,2962,17,28,0.48043906688690186,0.7377777777777778,0.7991452991452992,234,631.1,base,base_eegnet_f3_s0_n30
eegnet,3,1,30,2962,28,39,0.49158748984336853,0.7244444444444444,0.8461538461538461,234,854.3,base,base_eegnet_f3_s1_n30
eegnet,3,2,30,2962,14,25,0.482418030500412,0.7511111111111111,0.7948717948717948,234,626.5,base,base_eegnet_f3_s2_n30
tf_chan_id,0,0,30,7250,7,18,0.5342698097229004,0.7422222222222222,0.6277056277056277,231,441.0,base,base_tf_chan_id_f0_s0_n30
tf_chan_id,0,1,30,7250,26,37,0.4898808002471924,0.7644444444444445,0.7186147186147186,231,907.1,base,base_tf_chan_id_f0_s1_n30
tf_chan_id,0,2,30,7250,20,31,0.5187549591064453,0.7422222222222222,0.658008658008658,231,902.6,base,base_tf_chan_id_f0_s2_n30
tf_chan_id,1,0,30,7250,14,25,0.6639467477798462,0.6053811659192825,0.7377777777777778,225,614.8,base,base_tf_chan_id_f1_s0_n30
tf_chan_id,1,1,30,7250,26,37,0.6240761876106262,0.6636771300448431,0.7333333333333333,225,914.0,base,base_tf_chan_id_f1_s1_n30
tf_chan_id,1,2,30,7250,15,26,0.6648179292678833,0.6143497757847534,0.7644444444444445,225,751.2,base,base_tf_chan_id_f1_s2_n30
tf_chan_id,2,0,30,7250,43,54,0.4942200183868408,0.782051282051282,0.6322869955156951,223,1357.3,base,base_tf_chan_id_f2_s0_n30
tf_chan_id,2,1,30,7250,21,32,0.46939149498939514,0.7606837606837606,0.6591928251121076,223,784.4,base,base_tf_chan_id_f2_s1_n30
tf_chan_id,2,2,30,7250,40,51,0.4517393112182617,0.7991452991452992,0.5919282511210763,223,18323.5,base,base_tf_chan_id_f2_s2_n30
tf_chan_id,3,0,30,7250,36,47,0.5388374924659729,0.7244444444444444,0.7692307692307693,234,1279.0,base,base_tf_chan_id_f3_s0_n30
tf_chan_id,3,1,30,7250,11,22,0.6563157439231873,0.6844444444444444,0.7478632478632479,234,542.0,base,base_tf_chan_id_f3_s1_n30
tf_chan_id,3,2,30,7250,35,46,0.5809213519096375,0.6977777777777778,0.782051282051282,234,18183.4,base,base_tf_chan_id_f3_s2_n30
tf_chan_noid,0,0,30,6226,16,27,0.6685802340507507,0.64,0.5454545454545454,231,670.7,base,base_tf_chan_noid_f0_s0_n30
tf_chan_noid,0,1,30,6226,11,22,0.6647048592567444,0.6177777777777778,0.5584415584415584,231,654.2,base,base_tf_chan_noid_f0_s1_n30
tf_chan_noid,0,2,30,6226,11,22,0.6519680023193359,0.6311111111111111,0.5844155844155844,231,619.9,base,base_tf_chan_noid_f0_s2_n30
tf_chan_noid,1,0,30,6226,0,11,0.6958819627761841,0.4977578475336323,0.6088888888888889,225,271.6,base,base_tf_chan_noid_f1_s0_n30
tf_chan_noid,1,1,30,6226,2,13,0.7019047737121582,0.5201793721973094,0.6088888888888889,225,384.5,base,base_tf_chan_noid_f1_s1_n30
tf_chan_noid,1,2,30,6226,0,11,0.6934167742729187,0.515695067264574,0.5688888888888889,225,319.1,base,base_tf_chan_noid_f1_s2_n30
tf_chan_noid,2,0,30,6226,3,14,0.6628483533859253,0.6153846153846154,0.5246636771300448,223,372.1,base,base_tf_chan_noid_f2_s0_n30
tf_chan_noid,2,1,30,6226,4,15,0.6438406705856323,0.6538461538461539,0.5381165919282511,223,477.6,base,base_tf_chan_noid_f2_s1_n30
tf_chan_noid,2,2,30,6226,6,17,0.6690855026245117,0.594017094017094,0.5246636771300448,223,17301.9,base,base_tf_chan_noid_f2_s2_n30
tf_chan_noid,3,0,30,6226,2,13,0.7026933431625366,0.5688888888888889,0.6367521367521367,234,373.0,base,base_tf_chan_noid_f3_s0_n30
tf_chan_noid,3,1,30,6226,16,27,0.6848551630973816,0.5733333333333334,0.6452991452991453,234,773.6,base,base_tf_chan_noid_f3_s1_n30
tf_chan_noid,3,2,30,6226,0,11,0.6917409896850586,0.5288888888888889,0.5512820512820513,234,17126.4,base,base_tf_chan_noid_f3_s2_n30
tf_time,0,0,5,6834,36,97,0.6757392287254333,0.5688888888888889,0.5584415584415584,231,485.8,base,base_tf_time_f0_s0_n5
tf_time,0,1,5,6834,48,109,0.591431200504303,0.7555555555555555,0.6536796536796536,231,512.9,base,base_tf_time_f0_s1_n5
tf_time,0,2,5,6834,23,84,0.6467907428741455,0.6444444444444445,0.5714285714285714,231,592.8,base,base_tf_time_f0_s2_n5
tf_time,1,0,5,6834,7,68,0.6925544142723083,0.5291479820627802,0.5333333333333333,225,328.4,base,base_tf_time_f1_s0_n5
tf_time,1,1,5,6834,0,61,0.6900138258934021,0.5201793721973094,0.4577777777777778,225,294.6,base,base_tf_time_f1_s1_n5
tf_time,1,2,5,6834,0,61,0.6918148994445801,0.5246636771300448,0.48,225,442.6,base,base_tf_time_f1_s2_n5
tf_time,2,0,5,6834,21,82,0.6822840571403503,0.5256410256410257,0.484304932735426,223,413.9,base,base_tf_time_f2_s0_n5
tf_time,2,1,5,6834,41,102,0.6247535943984985,0.7051282051282052,0.6143497757847534,223,484.8,base,base_tf_time_f2_s1_n5
tf_time,3,0,5,6834,28,89,0.6907444000244141,0.5288888888888889,0.5854700854700855,234,540.4,base,base_tf_time_f3_s0_n5
tf_time,3,1,5,6834,33,94,0.6437017321586609,0.6444444444444445,0.5982905982905983,234,431.8,base,base_tf_time_f3_s1_n5
tf_time,0,0,10,6834,37,68,0.6339117288589478,0.6622222222222223,0.6883116883116883,231,650.1,base,base_tf_time_f0_s0_n10
tf_time,0,1,10,6834,41,72,0.5427619218826294,0.7555555555555555,0.7229437229437229,231,570.8,base,base_tf_time_f0_s1_n10
tf_time,1,0,10,6834,51,82,0.6412460803985596,0.6636771300448431,0.7333333333333333,225,812.0,base,base_tf_time_f1_s0_n10
tf_time,1,1,10,6834,1,32,0.6933150291442871,0.5246636771300448,0.48444444444444446,225,256.1,base,base_tf_time_f1_s1_n10
tf_time,2,0,10,6834,41,72,0.5176685452461243,0.7905982905982906,0.6098654708520179,223,746.4,base,base_tf_time_f2_s0_n10
tf_time,2,1,10,6834,40,71,0.5367544293403625,0.7606837606837606,0.5964125560538116,223,588.2,base,base_tf_time_f2_s1_n10
tf_time,3,0,10,6834,17,48,0.6633837819099426,0.6177777777777778,0.6623931623931624,234,540.2,base,base_tf_time_f3_s0_n10
tf_time,3,1,10,6834,28,59,0.6118882894515991,0.6622222222222223,0.6495726495726496,234,478.0,base,base_tf_time_f3_s1_n10
tf_time,0,0,20,6834,24,40,0.4992659091949463,0.7822222222222223,0.696969696969697,231,918.1,base,base_tf_time_f0_s0_n20
tf_time,0,1,20,6834,23,39,0.3983926773071289,0.8266666666666667,0.7445887445887446,231,588.6,base,base_tf_time_f0_s1_n20
tf_time,1,0,20,6834,0,16,0.6938174962997437,0.5246636771300448,0.4488888888888889,225,355.2,base,base_tf_time_f1_s0_n20
tf_time,1,1,20,6834,27,43,0.6259656548500061,0.695067264573991,0.7422222222222222,225,645.3,base,base_tf_time_f1_s1_n20
tf_time,2,0,20,6834,51,67,0.4158068597316742,0.7948717948717948,0.6098654708520179,223,1530.1,base,base_tf_time_f2_s0_n20
tf_time,2,1,20,6834,12,28,0.44728079438209534,0.7991452991452992,0.6143497757847534,223,415.1,base,base_tf_time_f2_s1_n20
tf_time,3,0,20,6834,24,40,0.5448146462440491,0.7377777777777778,0.8076923076923077,234,919.6,base,base_tf_time_f3_s0_n20
tf_time,3,1,20,6834,28,44,0.544288694858551,0.7377777777777778,0.7564102564102564,234,617.0,base,base_tf_time_f3_s1_n20
tf_time,0,0,30,6834,40,51,0.46262186765670776,0.8044444444444444,0.7445887445887446,231,1253.3,base,base_tf_time_f0_s0_n30
tf_time,0,1,30,6834,21,32,0.4755575954914093,0.8044444444444444,0.7662337662337663,231,726.6,base,base_tf_time_f0_s1_n30
tf_time,0,2,30,6834,19,30,0.46049728989601135,0.7866666666666666,0.7835497835497836,231,786.3,base,base_tf_time_f0_s2_n30
tf_time,1,0,30,6834,20,31,0.6512677073478699,0.6591928251121076,0.7333333333333333,225,791.9,base,base_tf_time_f1_s0_n30
tf_time,1,1,30,6834,10,21,0.6479056477546692,0.6188340807174888,0.7066666666666667,225,460.5,base,base_tf_time_f1_s1_n30
tf_time,1,2,30,6834,1,12,0.6941195726394653,0.4798206278026906,0.5155555555555555,225,327.1,base,base_tf_time_f1_s2_n30
tf_time,2,0,30,6834,22,33,0.4817347526550293,0.782051282051282,0.6188340807174888,223,826.2,base,base_tf_time_f2_s0_n30
tf_time,2,1,30,6834,23,34,0.4622788429260254,0.782051282051282,0.6457399103139013,223,761.5,base,base_tf_time_f2_s1_n30
tf_time,2,2,30,6834,27,38,0.4573431611061096,0.7948717948717948,0.6143497757847534,223,988.0,base,base_tf_time_f2_s2_n30
tf_time,3,0,30,6834,20,31,0.5432071089744568,0.7244444444444444,0.8076923076923077,234,788.0,base,base_tf_time_f3_s0_n30
tf_time,3,1,30,6834,14,25,0.5257246494293213,0.7911111111111111,0.8376068376068376,234,559.1,base,base_tf_time_f3_s1_n30
tf_time,3,2,30,6834,21,32,0.512839138507843,0.7511111111111111,0.7948717948717948,234,830.2,base,base_tf_time_f3_s2_n30
eegnet,0,0,30,2274,0,11,0.7060981392860413,0.4222222222222222,0.48917748917748916,231,158.3,noconf,noconf_eegnet_f0_s0_n30
eegnet,0,1,30,2274,0,11,0.6969059705734253,0.5244444444444445,0.5367965367965368,231,87.6,noconf,noconf_eegnet_f0_s1_n30
eegnet,1,0,30,2274,0,11,0.6946093440055847,0.4663677130044843,0.48444444444444446,225,160.3,noconf,noconf_eegnet_f1_s0_n30
eegnet,1,1,30,2274,0,11,0.6924921274185181,0.5291479820627802,0.5466666666666666,225,82.3,noconf,noconf_eegnet_f1_s1_n30
eegnet,2,0,30,2274,0,11,0.6992389559745789,0.45726495726495725,0.484304932735426,223,155.2,noconf,noconf_eegnet_f2_s0_n30
eegnet,2,1,30,2274,0,11,0.6975106000900269,0.5341880341880342,0.5067264573991032,223,81.7,noconf,noconf_eegnet_f2_s1_n30
eegnet,3,0,30,2274,0,11,0.6921370625495911,0.5244444444444445,0.49145299145299143,234,156.2,noconf,noconf_eegnet_f3_s0_n30
eegnet,3,1,30,2274,0,11,0.6923738121986389,0.4888888888888889,0.5598290598290598,234,81.4,noconf,noconf_eegnet_f3_s1_n30
tf_time,0,0,30,6146,9,20,0.6913755536079407,0.5422222222222223,0.48917748917748916,231,285.3,noconf,noconf_tf_time_f0_s0_n30
tf_time,0,1,30,6146,5,16,0.6923760175704956,0.5244444444444445,0.5324675324675324,231,121.9,noconf,noconf_tf_time_f0_s1_n30
tf_time,1,0,30,6146,1,12,0.692726731300354,0.5067264573991032,0.49333333333333335,225,178.7,noconf,noconf_tf_time_f1_s0_n30
tf_time,1,1,30,6146,12,23,0.6931040287017822,0.5067264573991032,0.5111111111111111,225,173.9,noconf,noconf_tf_time_f1_s1_n30
tf_time,2,0,30,6146,12,23,0.6934832334518433,0.5,0.4977578475336323,223,358.8,noconf,noconf_tf_time_f2_s0_n30
tf_time,2,1,30,6146,6,17,0.6944906115531921,0.4700854700854701,0.4349775784753363,223,130.3,noconf,noconf_tf_time_f2_s1_n30
tf_time,3,0,30,6146,1,12,0.6938154697418213,0.52,0.48717948717948717,234,224.2,noconf,noconf_tf_time_f3_s0_n30
tf_time,3,1,30,6146,5,16,0.6934951543807983,0.4888888888888889,0.5299145299145299,234,121.6,noconf,noconf_tf_time_f3_s1_n30
