label,shift_mm,mean,std
eegnet,0.0,0.7688937568455642,0.010038500974711546
eegnet,2.5,0.7709930631617379,0.008525224117441103
eegnet,5.0,0.7722709017889741,0.007673548578672406
eegnet,10.0,0.7719058050383351,0.00763272719866725
eegnet,15.0,0.7661555312157722,0.008541332946594855
eegnet,20.0,0.7628696604600219,0.007177076901468298
eegnet+aug,0.0,0.7769258853596203,0.012835630398865953
eegnet+aug,2.5,0.776378240233662,0.011527680574937199
eegnet+aug,5.0,0.7752829499817452,0.011482060629252566
eegnet+aug,10.0,0.7725447243519533,0.010114151999609997
eegnet+aug,15.0,0.7686199342825849,0.010448403082332367
eegnet+aug,20.0,0.7660642570281123,0.008848890097200654
tf_chan_id,0.0,0.7024461482292809,0.011711584470496804
tf_chan_id,2.5,0.7008944870390653,0.010275949479004795
tf_chan_id,5.0,0.7008944870390653,0.010875042722604214
tf_chan_id,10.0,0.7015334063526835,0.012461183190561638
tf_chan_id,15.0,0.6996166484118292,0.014364596986422788
tf_chan_id,20.0,0.6987951807228915,0.014364596986422815
tf_chan_noid,0.0,0.5750273822562979,0.015796500659206947
tf_chan_noid,2.5,0.5744797371303395,0.015530833420029776
tf_chan_noid,5.0,0.5735669952537422,0.015742614576378537
tf_chan_noid,10.0,0.5737495436290617,0.016631950317478057
tf_chan_noid,15.0,0.5729280759401242,0.01598601669234846
tf_chan_noid,20.0,0.5725629791894852,0.016676221225175338
tf_time,0.0,0.7155896312522819,0.03229404072653666
tf_time,2.5,0.7147681635633444,0.03253460705179147
tf_time,5.0,0.7122124863088719,0.03486482813230449
tf_time,10.0,0.7112084702446149,0.0337428216090287
tf_time,15.0,0.704728002920774,0.031410125607100686
tf_time,20.0,0.7005293902884264,0.027140683204398844
