label,layer,mean,std
eegnet+aug,temporal,0.13217081533124045,0.030515406989332736
eegnet+aug,spatial (depthwise),0.166400723469754,0.04053900722056929
eegnet+aug,block2,0.19688316527754066,0.04592411930088741
eegnet+aug,logits,0.11608067139362292,0.029128578768770976
eegnet,temporal,0.13217782834544775,0.03053459740913696
eegnet,spatial (depthwise),0.16784191473076737,0.04547274797168298
eegnet,block2,0.20909607922658321,0.05273340854175346
eegnet,logits,0.12579554195205364,0.03354838368528053
tf_chan_id,temporal,0.12605260110770658,0.017504126583370097
tf_chan_id,tokens,0.12029380987708764,0.037112087798517816
tf_chan_id,cls output,0.1201497794439395,0.04114364940275315
tf_chan_id,logits,0.15351768055309847,0.05240508686630585
tf_chan_noid,temporal,0.131604872799168,0.02122288666157692
tf_chan_noid,tokens,0.12430773333956795,0.035402206542942224
tf_chan_noid,cls output,0.02839760261122132,0.008395445936341705
tf_chan_noid,logits,0.03796142262096202,0.008795562659411364
tf_time,temporal,0.1294743902981281,0.022813402039438765
tf_time,spatial (depthwise),0.1314038001000881,0.02608020296289778
tf_time,tokens,0.1437250875557462,0.03988467230196136
tf_time,cls output,0.13296470882293454,0.05295303090566043
tf_time,logits,0.16849447701436773,0.06081591726821847
