exp,fold,seed,spatial_sensitivity_10mm
aug,0,0,0.42212390654434445
aug,0,1,0.40019093843606285
aug,1,0,0.42820352789261723
aug,1,1,0.39380837273061614
aug,2,0,0.4216587684251818
aug,2,1,0.4072237398549231
aug,3,0,0.4179443684739948
aug,3,1,0.393980359360367
base,0,0,0.4284051681036645
base,0,1,0.4105193584147181
base,0,2,0.40014164460496154
base,1,0,0.4296653725649637
base,1,1,0.39814033323783304
base,1,2,0.39591187851827914
base,2,0,0.4323563630575084
base,2,1,0.4130305065260709
base,2,2,0.4007763791708006
base,3,0,0.43302925496580685
base,3,1,0.4180924569253347
base,3,2,0.39889869039820663
