method,frac,mean,std
attention,0.05,0.6945932650641171,0.08756104450832722
attention,0.1,0.6633739869165878,0.08022698691434349
attention,0.2,0.6267800833944331,0.08857141189220316
attention,0.3,0.6089646402426672,0.0957201585213916
attention,0.5,0.5769359945817345,0.1072340852687804
gradxinput,0.05,0.7011979981486708,0.09993171558639326
gradxinput,0.1,0.678258243168557,0.0980207316496607
gradxinput,0.2,0.6692020643365936,0.09850397241945523
gradxinput,0.3,0.6617891898833603,0.09717152534825062
gradxinput,0.5,0.6410344554963389,0.09552062466447854
random,0.05,0.709358954282721,0.09195607720151211
random,0.1,0.7039820216322459,0.08820375594316275
random,0.2,0.6943545944173747,0.09052776725151117
random,0.3,0.683225191018913,0.08208739718194466
random,0.5,0.6561032936503788,0.06960031875572849
