exp,model,subject,net_acc,mu_LI,mu_p,beta_LI,beta_p,label,thr_binom,acc_A1,acc_A1_pre,acc_F1,acc_F1_pre,acc_F2,acc_G1,acc_G1_pre,acc_M1,acc_M1_pre,acc_N1,acc_N1_pre,acc_N2,acc_N2_pre,acc_O1,acc_O1_pre,acc_O2,acc_O2_pre,acc_R1,acc_R12,acc_R2,LI_mean
aug,eegnet,70,0.9629629629629629,0.83780245230086,0.0001999800019998,0.5750780229787944,9.999000099990002e-05,present,0.6444444444444445,0.6444444444444445,0.4888888888888889,0.7777777777777778,0.4666666666666667,0.8444444444444444,0.5555555555555556,0.5777777777777777,0.6666666666666666,0.4666666666666667,0.6444444444444445,0.5555555555555556,0.5777777777777777,0.6,0.4,0.5555555555555556,0.6222222222222222,0.4444444444444444,0.4888888888888889,0.7555555555555555,0.8,0.7064402376398272
aug,eegnet,71,0.9259259259259259,0.9933943610740156,9.999000099990002e-05,0.3861532436080727,0.0005999400059994,present,0.6444444444444445,0.6444444444444445,0.5333333333333333,0.9111111111111112,0.5111111111111111,0.8444444444444444,0.4666666666666667,0.4444444444444444,0.7111111111111111,0.5777777777777777,0.5777777777777777,0.4666666666666667,0.8,0.4888888888888889,0.7111111111111111,0.4444444444444444,0.4666666666666667,0.5333333333333333,0.5111111111111111,0.8,0.8,0.6897738023410441
aug,eegnet,74,0.8217054263565892,0.0233450218915581,0.4078592140785921,0.0890851742570616,0.1480851914808519,absent,0.6511627906976745,0.5348837209302325,0.3488372093023256,0.6976744186046512,0.6046511627906976,0.627906976744186,0.5813953488372093,0.5581395348837209,0.5581395348837209,0.4883720930232558,0.5348837209302325,0.3023255813953488,0.7209302325581395,0.4883720930232558,0.7209302325581395,0.3720930232558139,0.6511627906976745,0.4186046511627907,0.5348837209302325,0.7674418604651163,0.7441860465116279,0.05621509807430985
aug,eegnet,75,0.725925925925926,0.4346441766941277,9.999000099990002e-05,0.3599990818654293,0.0706929307069293,present,0.6444444444444445,0.6444444444444445,0.4444444444444444,0.5111111111111111,0.5333333333333333,0.6444444444444445,0.4888888888888889,0.5777777777777777,0.6222222222222222,0.3777777777777777,0.5777777777777777,0.5555555555555556,0.4888888888888889,0.6666666666666666,0.5777777777777777,0.6666666666666666,0.5777777777777777,0.5777777777777777,0.5555555555555556,0.8,0.8,0.3973216292797785
aug,eegnet,77,0.7185185185185184,0.1096668816990762,0.3192680731926807,-0.0715705735572611,0.5601439856014399,absent,0.6444444444444445,0.4888888888888889,0.5111111111111111,0.7333333333333333,0.6444444444444445,0.5333333333333333,0.6,0.4888888888888889,0.5333333333333333,0.3777777777777777,0.6,0.6444444444444445,0.6666666666666666,0.4666666666666667,0.5111111111111111,0.4222222222222222,0.6,0.6222222222222222,0.4888888888888889,0.6666666666666666,0.6888888888888889,0.01904815407090755
aug,eegnet,80,0.6148148148148148,0.1041080214912941,0.1800819918008199,0.08564928988628,0.1510848915108489,absent,0.6444444444444445,0.5555555555555556,0.4666666666666667,0.6888888888888889,0.5333333333333333,0.6888888888888889,0.5555555555555556,0.3777777777777777,0.5333333333333333,0.4888888888888889,0.5555555555555556,0.5333333333333333,0.7555555555555555,0.5111111111111111,0.5555555555555556,0.5555555555555556,0.6,0.4,0.4888888888888889,0.7333333333333333,0.7333333333333333,0.09487865568878705
aug,eegnet,81,0.8148148148148149,0.4068745431435881,0.2652734726527347,0.4605043790319091,0.03999600039996,absent,0.6444444444444445,0.2666666666666666,0.4222222222222222,0.8222222222222222,0.6,0.6888888888888889,0.6222222222222222,0.5333333333333333,0.3333333333333333,0.5111111111111111,0.4,0.4444444444444444,0.7333333333333333,0.6222222222222222,0.6666666666666666,0.6,0.3777777777777777,0.4444444444444444,0.4444444444444444,0.5777777777777777,0.5777777777777777,0.43368946108774864
aug,eegnet,84,0.8296296296296296,0.453713042002659,0.000999900009999,0.1695111116944475,0.0008999100089991,present,0.6444444444444445,0.6,0.6222222222222222,0.7555555555555555,0.5555555555555556,0.6888888888888889,0.4444444444444444,0.6444444444444445,0.6,0.6,0.5555555555555556,0.5555555555555556,0.6222222222222222,0.6,0.4,0.5111111111111111,0.4444444444444444,0.4222222222222222,0.4888888888888889,0.5333333333333333,0.4666666666666667,0.31161207684855324
aug,eegnet,87,0.5259259259259259,-0.1206253987948921,0.628937106289371,-0.0790921869028028,0.6299370062993701,absent,0.6444444444444445,0.4444444444444444,0.3777777777777777,0.6,0.4666666666666667,0.5555555555555556,0.4666666666666667,0.5111111111111111,0.4,0.3777777777777777,0.4222222222222222,0.4222222222222222,0.5111111111111111,0.4222222222222222,0.3333333333333333,0.3777777777777777,0.6,0.5111111111111111,0.5111111111111111,0.6666666666666666,0.7777777777777778,-0.09985879284884745
aug,eegnet,88,0.7345679012345679,0.5952917582418132,0.0850914908509149,0.435149912022943,0.363963603639636,absent,0.6296296296296297,0.5925925925925926,0.5925925925925926,0.6851851851851852,0.3703703703703703,0.4444444444444444,0.4629629629629629,0.5925925925925926,0.5370370370370371,0.5185185185185185,0.4444444444444444,0.5925925925925926,0.7222222222222222,0.3518518518518518,0.7037037037037037,0.4444444444444444,0.4629629629629629,0.5740740740740741,0.5,0.6481481481481481,0.5925925925925926,0.5152208351323782
aug,eegnet,89,0.7555555555555555,-0.0111488975983083,0.6104389561043896,0.2173600934754425,0.0058994100589941,present,0.6444444444444445,0.5555555555555556,0.4888888888888889,0.6444444444444445,0.5333333333333333,0.5555555555555556,0.5111111111111111,0.4888888888888889,0.3777777777777777,0.3777777777777777,0.6,0.5111111111111111,0.6666666666666666,0.5555555555555556,0.7111111111111111,0.6,0.6222222222222222,0.3111111111111111,0.5111111111111111,0.8,0.8222222222222222,0.10310559793856709
aug,eegnet,92,0.8765432098765432,1.0,0.0090990900909909,1.0,0.0104989501049895,present,0.6296296296296297,0.6111111111111112,0.5925925925925926,0.7407407407407407,0.4629629629629629,0.7777777777777778,0.5185185185185185,0.3888888888888889,0.5370370370370371,0.6666666666666666,0.6296296296296297,0.4259259259259259,0.6666666666666666,0.4259259259259259,0.5185185185185185,0.4259259259259259,0.5555555555555556,0.4814814814814814,0.5,0.6851851851851852,0.7037037037037037,1.0
aug,eegnet,94,0.7703703703703703,0.8971082162507236,9.999000099990002e-05,0.6246592735828052,9.999000099990002e-05,present,0.6444444444444445,0.8,0.5111111111111111,0.5777777777777777,0.5555555555555556,0.7111111111111111,0.5555555555555556,0.4222222222222222,0.6666666666666666,0.4888888888888889,0.7333333333333333,0.4666666666666667,0.6,0.6222222222222222,0.5777777777777777,0.5111111111111111,0.6,0.4,0.4888888888888889,0.7333333333333333,0.7555555555555555,0.7608837449167644
aug,eegnet,95,0.8666666666666667,1.0,0.0522947705229477,1.0,0.0032996700329967,present,0.6444444444444445,0.6,0.4666666666666667,0.6,0.4444444444444444,0.6444444444444445,0.4888888888888889,0.3111111111111111,0.4222222222222222,0.4222222222222222,0.4888888888888889,0.5777777777777777,0.6,0.4444444444444444,0.5111111111111111,0.4222222222222222,0.6222222222222222,0.4888888888888889,0.4222222222222222,0.5555555555555556,0.5777777777777777,1.0
aug,eegnet,97,0.8222222222222223,0.0564602754833586,0.4378562143785621,1.0,0.3923607639236076,absent,0.6444444444444445,0.7333333333333333,0.5333333333333333,0.6444444444444445,0.2666666666666666,0.5111111111111111,0.3555555555555555,0.4666666666666667,0.7333333333333333,0.5333333333333333,0.7555555555555555,0.5111111111111111,0.5111111111111111,0.4888888888888889,0.3111111111111111,0.6444444444444445,0.6888888888888889,0.3777777777777777,0.5111111111111111,0.7111111111111111,0.7333333333333333,0.5282301377416793
aug,eegnet,102,0.8095238095238096,0.0599873336014742,0.1344865513448655,0.2338684011357664,9.999000099990002e-05,present,0.6428571428571429,0.5476190476190477,0.5952380952380952,0.6666666666666666,0.5,0.5714285714285714,0.5714285714285714,0.3333333333333333,0.6190476190476191,0.5952380952380952,0.6190476190476191,0.5238095238095238,0.5714285714285714,0.3333333333333333,0.5238095238095238,0.4047619047619047,0.5238095238095238,0.6666666666666666,0.5238095238095238,0.7857142857142857,0.8333333333333334,0.1469278673686203
aug,eegnet,106,0.6592592592592593,0.0998874949310782,0.0588941105889411,0.056742794405375,0.1744825517448255,absent,0.6444444444444445,0.6888888888888889,0.5111111111111111,0.4666666666666667,0.4444444444444444,0.6222222222222222,0.5333333333333333,0.5333333333333333,0.5555555555555556,0.5111111111111111,0.6444444444444445,0.4888888888888889,0.5333333333333333,0.4888888888888889,0.4444444444444444,0.4888888888888889,0.7333333333333333,0.5555555555555556,0.5333333333333333,0.6222222222222222,0.6888888888888889,0.07831514466822659
aug,eegnet,107,0.7851851851851852,0.508568689764593,0.1267873212678732,0.4775836106177506,0.3045695430456954,absent,0.6444444444444445,0.3777777777777777,0.5333333333333333,0.4444444444444444,0.4444444444444444,0.4222222222222222,0.5333333333333333,0.5111111111111111,0.4888888888888889,0.5111111111111111,0.4,0.6222222222222222,0.5111111111111111,0.3333333333333333,0.4666666666666667,0.4222222222222222,0.4666666666666667,0.4222222222222222,0.5333333333333333,0.8222222222222222,0.8222222222222222,0.4930761501911718
aug,eegnet,108,0.8296296296296296,0.8906847481539181,9.999000099990002e-05,1.0,0.000999900009999,present,0.6444444444444445,0.7333333333333333,0.4,0.6666666666666666,0.5555555555555556,0.4222222222222222,0.6444444444444445,0.4444444444444444,0.5777777777777777,0.6222222222222222,0.6888888888888889,0.3777777777777777,0.6444444444444445,0.5777777777777777,0.5111111111111111,0.5111111111111111,0.6444444444444445,0.4444444444444444,0.5111111111111111,0.6222222222222222,0.6888888888888889,0.9453423740769591
aug,eegnet,109,0.6814814814814815,-0.1250991982345983,0.5924407559244076,0.0230752494047936,0.4586541345865413,absent,0.6444444444444445,0.5111111111111111,0.4888888888888889,0.6444444444444445,0.5555555555555556,0.6888888888888889,0.5111111111111111,0.4444444444444444,0.5555555555555556,0.5555555555555556,0.6888888888888889,0.4222222222222222,0.7111111111111111,0.6222222222222222,0.6666666666666666,0.6222222222222222,0.5777777777777777,0.4666666666666667,0.5111111111111111,0.7555555555555555,0.7777777777777778,-0.05101197441490235
base,eegnet,70,0.9629629629629629,0.83780245230086,0.0001999800019998,0.5750780229787944,9.999000099990002e-05,present,0.6444444444444445,0.6444444444444445,0.4888888888888889,0.7777777777777778,0.4666666666666667,0.8444444444444444,0.5555555555555556,0.5777777777777777,0.6666666666666666,0.4666666666666667,0.6444444444444445,0.5555555555555556,0.5777777777777777,0.6,0.4,0.5555555555555556,0.6222222222222222,0.4444444444444444,0.4888888888888889,0.7555555555555555,0.8,0.7064402376398272
base,eegnet,71,0.9037037037037038,0.9933943610740156,9.999000099990002e-05,0.3861532436080727,0.0005999400059994,present,0.6444444444444445,0.6444444444444445,0.5333333333333333,0.9111111111111112,0.5111111111111111,0.8444444444444444,0.4666666666666667,0.4444444444444444,0.7111111111111111,0.5777777777777777,0.5777777777777777,0.4666666666666667,0.8,0.4888888888888889,0.7111111111111111,0.4444444444444444,0.4666666666666667,0.5333333333333333,0.5111111111111111,0.8,0.8,0.6897738023410441
base,eegnet,74,0.7984496124031008,0.0233450218915581,0.4078592140785921,0.0890851742570616,0.1480851914808519,absent,0.6511627906976745,0.5348837209302325,0.3488372093023256,0.6976744186046512,0.6046511627906976,0.627906976744186,0.5813953488372093,0.5581395348837209,0.5581395348837209,0.4883720930232558,0.5348837209302325,0.3023255813953488,0.7209302325581395,0.4883720930232558,0.7209302325581395,0.3720930232558139,0.6511627906976745,0.4186046511627907,0.5348837209302325,0.7674418604651163,0.7441860465116279,0.05621509807430985
base,eegnet,75,0.7481481481481481,0.4346441766941277,9.999000099990002e-05,0.3599990818654293,0.0706929307069293,present,0.6444444444444445,0.6444444444444445,0.4444444444444444,0.5111111111111111,0.5333333333333333,0.6444444444444445,0.4888888888888889,0.5777777777777777,0.6222222222222222,0.3777777777777777,0.5777777777777777,0.5555555555555556,0.4888888888888889,0.6666666666666666,0.5777777777777777,0.6666666666666666,0.5777777777777777,0.5777777777777777,0.5555555555555556,0.8,0.8,0.3973216292797785
base,eegnet,77,0.7259259259259259,0.1096668816990762,0.3192680731926807,-0.0715705735572611,0.5601439856014399,absent,0.6444444444444445,0.4888888888888889,0.5111111111111111,0.7333333333333333,0.6444444444444445,0.5333333333333333,0.6,0.4888888888888889,0.5333333333333333,0.3777777777777777,0.6,0.6444444444444445,0.6666666666666666,0.4666666666666667,0.5111111111111111,0.4222222222222222,0.6,0.6222222222222222,0.4888888888888889,0.6666666666666666,0.6888888888888889,0.01904815407090755
base,eegnet,80,0.6074074074074074,0.1041080214912941,0.1800819918008199,0.08564928988628,0.1510848915108489,absent,0.6444444444444445,0.5555555555555556,0.4666666666666667,0.6888888888888889,0.5333333333333333,0.6888888888888889,0.5555555555555556,0.3777777777777777,0.5333333333333333,0.4888888888888889,0.5555555555555556,0.5333333333333333,0.7555555555555555,0.5111111111111111,0.5555555555555556,0.5555555555555556,0.6,0.4,0.4888888888888889,0.7333333333333333,0.7333333333333333,0.09487865568878705
base,eegnet,81,0.8222222222222223,0.4068745431435881,0.2652734726527347,0.4605043790319091,0.03999600039996,absent,0.6444444444444445,0.2666666666666666,0.4222222222222222,0.8222222222222222,0.6,0.6888888888888889,0.6222222222222222,0.5333333333333333,0.3333333333333333,0.5111111111111111,0.4,0.4444444444444444,0.7333333333333333,0.6222222222222222,0.6666666666666666,0.6,0.3777777777777777,0.4444444444444444,0.4444444444444444,0.5777777777777777,0.5777777777777777,0.43368946108774864
base,eegnet,84,0.8222222222222223,0.453713042002659,0.000999900009999,0.1695111116944475,0.0008999100089991,present,0.6444444444444445,0.6,0.6222222222222222,0.7555555555555555,0.5555555555555556,0.6888888888888889,0.4444444444444444,0.6444444444444445,0.6,0.6,0.5555555555555556,0.5555555555555556,0.6222222222222222,0.6,0.4,0.5111111111111111,0.4444444444444444,0.4222222222222222,0.4888888888888889,0.5333333333333333,0.4666666666666667,0.31161207684855324
base,eegnet,87,0.5185185185185185,-0.1206253987948921,0.628937106289371,-0.0790921869028028,0.6299370062993701,absent,0.6444444444444445,0.4444444444444444,0.3777777777777777,0.6,0.4666666666666667,0.5555555555555556,0.4666666666666667,0.5111111111111111,0.4,0.3777777777777777,0.4222222222222222,0.4222222222222222,0.5111111111111111,0.4222222222222222,0.3333333333333333,0.3777777777777777,0.6,0.5111111111111111,0.5111111111111111,0.6666666666666666,0.7777777777777778,-0.09985879284884745
base,eegnet,88,0.7160493827160493,0.5952917582418132,0.0850914908509149,0.435149912022943,0.363963603639636,absent,0.6296296296296297,0.5925925925925926,0.5925925925925926,0.6851851851851852,0.3703703703703703,0.4444444444444444,0.4629629629629629,0.5925925925925926,0.5370370370370371,0.5185185185185185,0.4444444444444444,0.5925925925925926,0.7222222222222222,0.3518518518518518,0.7037037037037037,0.4444444444444444,0.4629629629629629,0.5740740740740741,0.5,0.6481481481481481,0.5925925925925926,0.5152208351323782
base,eegnet,89,0.762962962962963,-0.0111488975983083,0.6104389561043896,0.2173600934754425,0.0058994100589941,present,0.6444444444444445,0.5555555555555556,0.4888888888888889,0.6444444444444445,0.5333333333333333,0.5555555555555556,0.5111111111111111,0.4888888888888889,0.3777777777777777,0.3777777777777777,0.6,0.5111111111111111,0.6666666666666666,0.5555555555555556,0.7111111111111111,0.6,0.6222222222222222,0.3111111111111111,0.5111111111111111,0.8,0.8222222222222222,0.10310559793856709
base,eegnet,92,0.8580246913580246,1.0,0.0090990900909909,1.0,0.0104989501049895,present,0.6296296296296297,0.6111111111111112,0.5925925925925926,0.7407407407407407,0.4629629629629629,0.7777777777777778,0.5185185185185185,0.3888888888888889,0.5370370370370371,0.6666666666666666,0.6296296296296297,0.4259259259259259,0.6666666666666666,0.4259259259259259,0.5185185185185185,0.4259259259259259,0.5555555555555556,0.4814814814814814,0.5,0.6851851851851852,0.7037037037037037,1.0
base,eegnet,94,0.762962962962963,0.8971082162507236,9.999000099990002e-05,0.6246592735828052,9.999000099990002e-05,present,0.6444444444444445,0.8,0.5111111111111111,0.5777777777777777,0.5555555555555556,0.7111111111111111,0.5555555555555556,0.4222222222222222,0.6666666666666666,0.4888888888888889,0.7333333333333333,0.4666666666666667,0.6,0.6222222222222222,0.5777777777777777,0.5111111111111111,0.6,0.4,0.4888888888888889,0.7333333333333333,0.7555555555555555,0.7608837449167644
base,eegnet,95,0.8814814814814814,1.0,0.0522947705229477,1.0,0.0032996700329967,present,0.6444444444444445,0.6,0.4666666666666667,0.6,0.4444444444444444,0.6444444444444445,0.4888888888888889,0.3111111111111111,0.4222222222222222,0.4222222222222222,0.4888888888888889,0.5777777777777777,0.6,0.4444444444444444,0.5111111111111111,0.4222222222222222,0.6222222222222222,0.4888888888888889,0.4222222222222222,0.5555555555555556,0.5777777777777777,1.0
base,eegnet,97,0.8148148148148149,0.0564602754833586,0.4378562143785621,1.0,0.3923607639236076,absent,0.6444444444444445,0.7333333333333333,0.5333333333333333,0.6444444444444445,0.2666666666666666,0.5111111111111111,0.3555555555555555,0.4666666666666667,0.7333333333333333,0.5333333333333333,0.7555555555555555,0.5111111111111111,0.5111111111111111,0.4888888888888889,0.3111111111111111,0.6444444444444445,0.6888888888888889,0.3777777777777777,0.5111111111111111,0.7111111111111111,0.7333333333333333,0.5282301377416793
base,eegnet,102,0.8015873015873015,0.0599873336014742,0.1344865513448655,0.2338684011357664,9.999000099990002e-05,present,0.6428571428571429,0.5476190476190477,0.5952380952380952,0.6666666666666666,0.5,0.5714285714285714,0.5714285714285714,0.3333333333333333,0.6190476190476191,0.5952380952380952,0.6190476190476191,0.5238095238095238,0.5714285714285714,0.3333333333333333,0.5238095238095238,0.4047619047619047,0.5238095238095238,0.6666666666666666,0.5238095238095238,0.7857142857142857,0.8333333333333334,0.1469278673686203
base,eegnet,106,0.6518518518518519,0.0998874949310782,0.0588941105889411,0.056742794405375,0.1744825517448255,absent,0.6444444444444445,0.6888888888888889,0.5111111111111111,0.4666666666666667,0.4444444444444444,0.6222222222222222,0.5333333333333333,0.5333333333333333,0.5555555555555556,0.5111111111111111,0.6444444444444445,0.4888888888888889,0.5333333333333333,0.4888888888888889,0.4444444444444444,0.4888888888888889,0.7333333333333333,0.5555555555555556,0.5333333333333333,0.6222222222222222,0.6888888888888889,0.07831514466822659
base,eegnet,107,0.7555555555555555,0.508568689764593,0.1267873212678732,0.4775836106177506,0.3045695430456954,absent,0.6444444444444445,0.3777777777777777,0.5333333333333333,0.4444444444444444,0.4444444444444444,0.4222222222222222,0.5333333333333333,0.5111111111111111,0.4888888888888889,0.5111111111111111,0.4,0.6222222222222222,0.5111111111111111,0.3333333333333333,0.4666666666666667,0.4222222222222222,0.4666666666666667,0.4222222222222222,0.5333333333333333,0.8222222222222222,0.8222222222222222,0.4930761501911718
base,eegnet,108,0.8074074074074075,0.8906847481539181,9.999000099990002e-05,1.0,0.000999900009999,present,0.6444444444444445,0.7333333333333333,0.4,0.6666666666666666,0.5555555555555556,0.4222222222222222,0.6444444444444445,0.4444444444444444,0.5777777777777777,0.6222222222222222,0.6888888888888889,0.3777777777777777,0.6444444444444445,0.5777777777777777,0.5111111111111111,0.5111111111111111,0.6444444444444445,0.4444444444444444,0.5111111111111111,0.6222222222222222,0.6888888888888889,0.9453423740769591
base,eegnet,109,0.6518518518518519,-0.1250991982345983,0.5924407559244076,0.0230752494047936,0.4586541345865413,absent,0.6444444444444445,0.5111111111111111,0.4888888888888889,0.6444444444444445,0.5555555555555556,0.6888888888888889,0.5111111111111111,0.4444444444444444,0.5555555555555556,0.5555555555555556,0.6888888888888889,0.4222222222222222,0.7111111111111111,0.6222222222222222,0.6666666666666666,0.6222222222222222,0.5777777777777777,0.4666666666666667,0.5111111111111111,0.7555555555555555,0.7777777777777778,-0.05101197441490235
base,tf_chan_id,70,0.9629629629629629,0.83780245230086,0.0001999800019998,0.5750780229787944,9.999000099990002e-05,present,0.6444444444444445,0.6444444444444445,0.4888888888888889,0.7777777777777778,0.4666666666666667,0.8444444444444444,0.5555555555555556,0.5777777777777777,0.6666666666666666,0.4666666666666667,0.6444444444444445,0.5555555555555556,0.5777777777777777,0.6,0.4,0.5555555555555556,0.6222222222222222,0.4444444444444444,0.4888888888888889,0.7555555555555555,0.8,0.7064402376398272
base,tf_chan_id,71,0.8444444444444444,0.9933943610740156,9.999000099990002e-05,0.3861532436080727,0.0005999400059994,present,0.6444444444444445,0.6444444444444445,0.5333333333333333,0.9111111111111112,0.5111111111111111,0.8444444444444444,0.4666666666666667,0.4444444444444444,0.7111111111111111,0.5777777777777777,0.5777777777777777,0.4666666666666667,0.8,0.4888888888888889,0.7111111111111111,0.4444444444444444,0.4666666666666667,0.5333333333333333,0.5111111111111111,0.8,0.8,0.6897738023410441
base,tf_chan_id,74,0.7286821705426356,0.0233450218915581,0.4078592140785921,0.0890851742570616,0.1480851914808519,absent,0.6511627906976745,0.5348837209302325,0.3488372093023256,0.6976744186046512,0.6046511627906976,0.627906976744186,0.5813953488372093,0.5581395348837209,0.5581395348837209,0.4883720930232558,0.5348837209302325,0.3023255813953488,0.7209302325581395,0.4883720930232558,0.7209302325581395,0.3720930232558139,0.6511627906976745,0.4186046511627907,0.5348837209302325,0.7674418604651163,0.7441860465116279,0.05621509807430985
base,tf_chan_id,75,0.688888888888889,0.4346441766941277,9.999000099990002e-05,0.3599990818654293,0.0706929307069293,present,0.6444444444444445,0.6444444444444445,0.4444444444444444,0.5111111111111111,0.5333333333333333,0.6444444444444445,0.4888888888888889,0.5777777777777777,0.6222222222222222,0.3777777777777777,0.5777777777777777,0.5555555555555556,0.4888888888888889,0.6666666666666666,0.5777777777777777,0.6666666666666666,0.5777777777777777,0.5777777777777777,0.5555555555555556,0.8,0.8,0.3973216292797785
base,tf_chan_id,77,0.6222222222222222,0.1096668816990762,0.3192680731926807,-0.0715705735572611,0.5601439856014399,absent,0.6444444444444445,0.4888888888888889,0.5111111111111111,0.7333333333333333,0.6444444444444445,0.5333333333333333,0.6,0.4888888888888889,0.5333333333333333,0.3777777777777777,0.6,0.6444444444444445,0.6666666666666666,0.4666666666666667,0.5111111111111111,0.4222222222222222,0.6,0.6222222222222222,0.4888888888888889,0.6666666666666666,0.6888888888888889,0.01904815407090755
base,tf_chan_id,80,0.5037037037037037,0.1041080214912941,0.1800819918008199,0.08564928988628,0.1510848915108489,absent,0.6444444444444445,0.5555555555555556,0.4666666666666667,0.6888888888888889,0.5333333333333333,0.6888888888888889,0.5555555555555556,0.3777777777777777,0.5333333333333333,0.4888888888888889,0.5555555555555556,0.5333333333333333,0.7555555555555555,0.5111111111111111,0.5555555555555556,0.5555555555555556,0.6,0.4,0.4888888888888889,0.7333333333333333,0.7333333333333333,0.09487865568878705
base,tf_chan_id,81,0.8222222222222223,0.4068745431435881,0.2652734726527347,0.4605043790319091,0.03999600039996,absent,0.6444444444444445,0.2666666666666666,0.4222222222222222,0.8222222222222222,0.6,0.6888888888888889,0.6222222222222222,0.5333333333333333,0.3333333333333333,0.5111111111111111,0.4,0.4444444444444444,0.7333333333333333,0.6222222222222222,0.6666666666666666,0.6,0.3777777777777777,0.4444444444444444,0.4444444444444444,0.5777777777777777,0.5777777777777777,0.43368946108774864
base,tf_chan_id,84,0.7555555555555555,0.453713042002659,0.000999900009999,0.1695111116944475,0.0008999100089991,present,0.6444444444444445,0.6,0.6222222222222222,0.7555555555555555,0.5555555555555556,0.6888888888888889,0.4444444444444444,0.6444444444444445,0.6,0.6,0.5555555555555556,0.5555555555555556,0.6222222222222222,0.6,0.4,0.5111111111111111,0.4444444444444444,0.4222222222222222,0.4888888888888889,0.5333333333333333,0.4666666666666667,0.31161207684855324
base,tf_chan_id,87,0.4962962962962963,-0.1206253987948921,0.628937106289371,-0.0790921869028028,0.6299370062993701,absent,0.6444444444444445,0.4444444444444444,0.3777777777777777,0.6,0.4666666666666667,0.5555555555555556,0.4666666666666667,0.5111111111111111,0.4,0.3777777777777777,0.4222222222222222,0.4222222222222222,0.5111111111111111,0.4222222222222222,0.3333333333333333,0.3777777777777777,0.6,0.5111111111111111,0.5111111111111111,0.6666666666666666,0.7777777777777778,-0.09985879284884745
base,tf_chan_id,88,0.5617283950617283,0.5952917582418132,0.0850914908509149,0.435149912022943,0.363963603639636,absent,0.6296296296296297,0.5925925925925926,0.5925925925925926,0.6851851851851852,0.3703703703703703,0.4444444444444444,0.4629629629629629,0.5925925925925926,0.5370370370370371,0.5185185185185185,0.4444444444444444,0.5925925925925926,0.7222222222222222,0.3518518518518518,0.7037037037037037,0.4444444444444444,0.4629629629629629,0.5740740740740741,0.5,0.6481481481481481,0.5925925925925926,0.5152208351323782
base,tf_chan_id,89,0.725925925925926,-0.0111488975983083,0.6104389561043896,0.2173600934754425,0.0058994100589941,present,0.6444444444444445,0.5555555555555556,0.4888888888888889,0.6444444444444445,0.5333333333333333,0.5555555555555556,0.5111111111111111,0.4888888888888889,0.3777777777777777,0.3777777777777777,0.6,0.5111111111111111,0.6666666666666666,0.5555555555555556,0.7111111111111111,0.6,0.6222222222222222,0.3111111111111111,0.5111111111111111,0.8,0.8222222222222222,0.10310559793856709
base,tf_chan_id,92,0.7962962962962963,1.0,0.0090990900909909,1.0,0.0104989501049895,present,0.6296296296296297,0.6111111111111112,0.5925925925925926,0.7407407407407407,0.4629629629629629,0.7777777777777778,0.5185185185185185,0.3888888888888889,0.5370370370370371,0.6666666666666666,0.6296296296296297,0.4259259259259259,0.6666666666666666,0.4259259259259259,0.5185185185185185,0.4259259259259259,0.5555555555555556,0.4814814814814814,0.5,0.6851851851851852,0.7037037037037037,1.0
base,tf_chan_id,94,0.6814814814814815,0.8971082162507236,9.999000099990002e-05,0.6246592735828052,9.999000099990002e-05,present,0.6444444444444445,0.8,0.5111111111111111,0.5777777777777777,0.5555555555555556,0.7111111111111111,0.5555555555555556,0.4222222222222222,0.6666666666666666,0.4888888888888889,0.7333333333333333,0.4666666666666667,0.6,0.6222222222222222,0.5777777777777777,0.5111111111111111,0.6,0.4,0.4888888888888889,0.7333333333333333,0.7555555555555555,0.7608837449167644
base,tf_chan_id,95,0.6814814814814815,1.0,0.0522947705229477,1.0,0.0032996700329967,present,0.6444444444444445,0.6,0.4666666666666667,0.6,0.4444444444444444,0.6444444444444445,0.4888888888888889,0.3111111111111111,0.4222222222222222,0.4222222222222222,0.4888888888888889,0.5777777777777777,0.6,0.4444444444444444,0.5111111111111111,0.4222222222222222,0.6222222222222222,0.4888888888888889,0.4222222222222222,0.5555555555555556,0.5777777777777777,1.0
base,tf_chan_id,97,0.7185185185185184,0.0564602754833586,0.4378562143785621,1.0,0.3923607639236076,absent,0.6444444444444445,0.7333333333333333,0.5333333333333333,0.6444444444444445,0.2666666666666666,0.5111111111111111,0.3555555555555555,0.4666666666666667,0.7333333333333333,0.5333333333333333,0.7555555555555555,0.5111111111111111,0.5111111111111111,0.4888888888888889,0.3111111111111111,0.6444444444444445,0.6888888888888889,0.3777777777777777,0.5111111111111111,0.7111111111111111,0.7333333333333333,0.5282301377416793
base,tf_chan_id,102,0.6349206349206349,0.0599873336014742,0.1344865513448655,0.2338684011357664,9.999000099990002e-05,present,0.6428571428571429,0.5476190476190477,0.5952380952380952,0.6666666666666666,0.5,0.5714285714285714,0.5714285714285714,0.3333333333333333,0.6190476190476191,0.5952380952380952,0.6190476190476191,0.5238095238095238,0.5714285714285714,0.3333333333333333,0.5238095238095238,0.4047619047619047,0.5238095238095238,0.6666666666666666,0.5238095238095238,0.7857142857142857,0.8333333333333334,0.1469278673686203
base,tf_chan_id,106,0.6296296296296297,0.0998874949310782,0.0588941105889411,0.056742794405375,0.1744825517448255,absent,0.6444444444444445,0.6888888888888889,0.5111111111111111,0.4666666666666667,0.4444444444444444,0.6222222222222222,0.5333333333333333,0.5333333333333333,0.5555555555555556,0.5111111111111111,0.6444444444444445,0.4888888888888889,0.5333333333333333,0.4888888888888889,0.4444444444444444,0.4888888888888889,0.7333333333333333,0.5555555555555556,0.5333333333333333,0.6222222222222222,0.6888888888888889,0.07831514466822659
base,tf_chan_id,107,0.7185185185185184,0.508568689764593,0.1267873212678732,0.4775836106177506,0.3045695430456954,absent,0.6444444444444445,0.3777777777777777,0.5333333333333333,0.4444444444444444,0.4444444444444444,0.4222222222222222,0.5333333333333333,0.5111111111111111,0.4888888888888889,0.5111111111111111,0.4,0.6222222222222222,0.5111111111111111,0.3333333333333333,0.4666666666666667,0.4222222222222222,0.4666666666666667,0.4222222222222222,0.5333333333333333,0.8222222222222222,0.8222222222222222,0.4930761501911718
base,tf_chan_id,108,0.7999999999999999,0.8906847481539181,9.999000099990002e-05,1.0,0.000999900009999,present,0.6444444444444445,0.7333333333333333,0.4,0.6666666666666666,0.5555555555555556,0.4222222222222222,0.6444444444444445,0.4444444444444444,0.5777777777777777,0.6222222222222222,0.6888888888888889,0.3777777777777777,0.6444444444444445,0.5777777777777777,0.5111111111111111,0.5111111111111111,0.6444444444444445,0.4444444444444444,0.5111111111111111,0.6222222222222222,0.6888888888888889,0.9453423740769591
base,tf_chan_id,109,0.6814814814814815,-0.1250991982345983,0.5924407559244076,0.0230752494047936,0.4586541345865413,absent,0.6444444444444445,0.5111111111111111,0.4888888888888889,0.6444444444444445,0.5555555555555556,0.6888888888888889,0.5111111111111111,0.4444444444444444,0.5555555555555556,0.5555555555555556,0.6888888888888889,0.4222222222222222,0.7111111111111111,0.6222222222222222,0.6666666666666666,0.6222222222222222,0.5777777777777777,0.4666666666666667,0.5111111111111111,0.7555555555555555,0.7777777777777778,-0.05101197441490235
base,tf_chan_noid,70,0.6,0.83780245230086,0.0001999800019998,0.5750780229787944,9.999000099990002e-05,present,0.6444444444444445,0.6444444444444445,0.4888888888888889,0.7777777777777778,0.4666666666666667,0.8444444444444444,0.5555555555555556,0.5777777777777777,0.6666666666666666,0.4666666666666667,0.6444444444444445,0.5555555555555556,0.5777777777777777,0.6,0.4,0.5555555555555556,0.6222222222222222,0.4444444444444444,0.4888888888888889,0.7555555555555555,0.8,0.7064402376398272
base,tf_chan_noid,71,0.6,0.9933943610740156,9.999000099990002e-05,0.3861532436080727,0.0005999400059994,present,0.6444444444444445,0.6444444444444445,0.5333333333333333,0.9111111111111112,0.5111111111111111,0.8444444444444444,0.4666666666666667,0.4444444444444444,0.7111111111111111,0.5777777777777777,0.5777777777777777,0.4666666666666667,0.8,0.4888888888888889,0.7111111111111111,0.4444444444444444,0.4666666666666667,0.5333333333333333,0.5111111111111111,0.8,0.8,0.6897738023410441
base,tf_chan_noid,74,0.5038759689922481,0.0233450218915581,0.4078592140785921,0.0890851742570616,0.1480851914808519,absent,0.6511627906976745,0.5348837209302325,0.3488372093023256,0.6976744186046512,0.6046511627906976,0.627906976744186,0.5813953488372093,0.5581395348837209,0.5581395348837209,0.4883720930232558,0.5348837209302325,0.3023255813953488,0.7209302325581395,0.4883720930232558,0.7209302325581395,0.3720930232558139,0.6511627906976745,0.4186046511627907,0.5348837209302325,0.7674418604651163,0.7441860465116279,0.05621509807430985
base,tf_chan_noid,75,0.38518518518518513,0.4346441766941277,9.999000099990002e-05,0.3599990818654293,0.0706929307069293,present,0.6444444444444445,0.6444444444444445,0.4444444444444444,0.5111111111111111,0.5333333333333333,0.6444444444444445,0.4888888888888889,0.5777777777777777,0.6222222222222222,0.3777777777777777,0.5777777777777777,0.5555555555555556,0.4888888888888889,0.6666666666666666,0.5777777777777777,0.6666666666666666,0.5777777777777777,0.5777777777777777,0.5555555555555556,0.8,0.8,0.3973216292797785
base,tf_chan_noid,77,0.5333333333333333,0.1096668816990762,0.3192680731926807,-0.0715705735572611,0.5601439856014399,absent,0.6444444444444445,0.4888888888888889,0.5111111111111111,0.7333333333333333,0.6444444444444445,0.5333333333333333,0.6,0.4888888888888889,0.5333333333333333,0.3777777777777777,0.6,0.6444444444444445,0.6666666666666666,0.4666666666666667,0.5111111111111111,0.4222222222222222,0.6,0.6222222222222222,0.4888888888888889,0.6666666666666666,0.6888888888888889,0.01904815407090755
base,tf_chan_noid,80,0.5555555555555555,0.1041080214912941,0.1800819918008199,0.08564928988628,0.1510848915108489,absent,0.6444444444444445,0.5555555555555556,0.4666666666666667,0.6888888888888889,0.5333333333333333,0.6888888888888889,0.5555555555555556,0.3777777777777777,0.5333333333333333,0.4888888888888889,0.5555555555555556,0.5333333333333333,0.7555555555555555,0.5111111111111111,0.5555555555555556,0.5555555555555556,0.6,0.4,0.4888888888888889,0.7333333333333333,0.7333333333333333,0.09487865568878705
base,tf_chan_noid,81,0.6814814814814815,0.4068745431435881,0.2652734726527347,0.4605043790319091,0.03999600039996,absent,0.6444444444444445,0.2666666666666666,0.4222222222222222,0.8222222222222222,0.6,0.6888888888888889,0.6222222222222222,0.5333333333333333,0.3333333333333333,0.5111111111111111,0.4,0.4444444444444444,0.7333333333333333,0.6222222222222222,0.6666666666666666,0.6,0.3777777777777777,0.4444444444444444,0.4444444444444444,0.5777777777777777,0.5777777777777777,0.43368946108774864
base,tf_chan_noid,84,0.6074074074074075,0.453713042002659,0.000999900009999,0.1695111116944475,0.0008999100089991,present,0.6444444444444445,0.6,0.6222222222222222,0.7555555555555555,0.5555555555555556,0.6888888888888889,0.4444444444444444,0.6444444444444445,0.6,0.6,0.5555555555555556,0.5555555555555556,0.6222222222222222,0.6,0.4,0.5111111111111111,0.4444444444444444,0.4222222222222222,0.4888888888888889,0.5333333333333333,0.4666666666666667,0.31161207684855324
base,tf_chan_noid,87,0.5851851851851851,-0.1206253987948921,0.628937106289371,-0.0790921869028028,0.6299370062993701,absent,0.6444444444444445,0.4444444444444444,0.3777777777777777,0.6,0.4666666666666667,0.5555555555555556,0.4666666666666667,0.5111111111111111,0.4,0.3777777777777777,0.4222222222222222,0.4222222222222222,0.5111111111111111,0.4222222222222222,0.3333333333333333,0.3777777777777777,0.6,0.5111111111111111,0.5111111111111111,0.6666666666666666,0.7777777777777778,-0.09985879284884745
base,tf_chan_noid,88,0.5925925925925926,0.5952917582418132,0.0850914908509149,0.435149912022943,0.363963603639636,absent,0.6296296296296297,0.5925925925925926,0.5925925925925926,0.6851851851851852,0.3703703703703703,0.4444444444444444,0.4629629629629629,0.5925925925925926,0.5370370370370371,0.5185185185185185,0.4444444444444444,0.5925925925925926,0.7222222222222222,0.3518518518518518,0.7037037037037037,0.4444444444444444,0.4629629629629629,0.5740740740740741,0.5,0.6481481481481481,0.5925925925925926,0.5152208351323782
base,tf_chan_noid,89,0.6148148148148148,-0.0111488975983083,0.6104389561043896,0.2173600934754425,0.0058994100589941,present,0.6444444444444445,0.5555555555555556,0.4888888888888889,0.6444444444444445,0.5333333333333333,0.5555555555555556,0.5111111111111111,0.4888888888888889,0.3777777777777777,0.3777777777777777,0.6,0.5111111111111111,0.6666666666666666,0.5555555555555556,0.7111111111111111,0.6,0.6222222222222222,0.3111111111111111,0.5111111111111111,0.8,0.8222222222222222,0.10310559793856709
base,tf_chan_noid,92,0.5555555555555556,1.0,0.0090990900909909,1.0,0.0104989501049895,present,0.6296296296296297,0.6111111111111112,0.5925925925925926,0.7407407407407407,0.4629629629629629,0.7777777777777778,0.5185185185185185,0.3888888888888889,0.5370370370370371,0.6666666666666666,0.6296296296296297,0.4259259259259259,0.6666666666666666,0.4259259259259259,0.5185185185185185,0.4259259259259259,0.5555555555555556,0.4814814814814814,0.5,0.6851851851851852,0.7037037037037037,1.0
base,tf_chan_noid,94,0.7037037037037037,0.8971082162507236,9.999000099990002e-05,0.6246592735828052,9.999000099990002e-05,present,0.6444444444444445,0.8,0.5111111111111111,0.5777777777777777,0.5555555555555556,0.7111111111111111,0.5555555555555556,0.4222222222222222,0.6666666666666666,0.4888888888888889,0.7333333333333333,0.4666666666666667,0.6,0.6222222222222222,0.5777777777777777,0.5111111111111111,0.6,0.4,0.4888888888888889,0.7333333333333333,0.7555555555555555,0.7608837449167644
base,tf_chan_noid,95,0.5703703703703704,1.0,0.0522947705229477,1.0,0.0032996700329967,present,0.6444444444444445,0.6,0.4666666666666667,0.6,0.4444444444444444,0.6444444444444445,0.4888888888888889,0.3111111111111111,0.4222222222222222,0.4222222222222222,0.4888888888888889,0.5777777777777777,0.6,0.4444444444444444,0.5111111111111111,0.4222222222222222,0.6222222222222222,0.4888888888888889,0.4222222222222222,0.5555555555555556,0.5777777777777777,1.0
base,tf_chan_noid,97,0.6518518518518518,0.0564602754833586,0.4378562143785621,1.0,0.3923607639236076,absent,0.6444444444444445,0.7333333333333333,0.5333333333333333,0.6444444444444445,0.2666666666666666,0.5111111111111111,0.3555555555555555,0.4666666666666667,0.7333333333333333,0.5333333333333333,0.7555555555555555,0.5111111111111111,0.5111111111111111,0.4888888888888889,0.3111111111111111,0.6444444444444445,0.6888888888888889,0.3777777777777777,0.5111111111111111,0.7111111111111111,0.7333333333333333,0.5282301377416793
base,tf_chan_noid,102,0.373015873015873,0.0599873336014742,0.1344865513448655,0.2338684011357664,9.999000099990002e-05,present,0.6428571428571429,0.5476190476190477,0.5952380952380952,0.6666666666666666,0.5,0.5714285714285714,0.5714285714285714,0.3333333333333333,0.6190476190476191,0.5952380952380952,0.6190476190476191,0.5238095238095238,0.5714285714285714,0.3333333333333333,0.5238095238095238,0.4047619047619047,0.5238095238095238,0.6666666666666666,0.5238095238095238,0.7857142857142857,0.8333333333333334,0.1469278673686203
base,tf_chan_noid,106,0.6,0.0998874949310782,0.0588941105889411,0.056742794405375,0.1744825517448255,absent,0.6444444444444445,0.6888888888888889,0.5111111111111111,0.4666666666666667,0.4444444444444444,0.6222222222222222,0.5333333333333333,0.5333333333333333,0.5555555555555556,0.5111111111111111,0.6444444444444445,0.4888888888888889,0.5333333333333333,0.4888888888888889,0.4444444444444444,0.4888888888888889,0.7333333333333333,0.5555555555555556,0.5333333333333333,0.6222222222222222,0.6888888888888889,0.07831514466822659
base,tf_chan_noid,107,0.6148148148148148,0.508568689764593,0.1267873212678732,0.4775836106177506,0.3045695430456954,absent,0.6444444444444445,0.3777777777777777,0.5333333333333333,0.4444444444444444,0.4444444444444444,0.4222222222222222,0.5333333333333333,0.5111111111111111,0.4888888888888889,0.5111111111111111,0.4,0.6222222222222222,0.5111111111111111,0.3333333333333333,0.4666666666666667,0.4222222222222222,0.4666666666666667,0.4222222222222222,0.5333333333333333,0.8222222222222222,0.8222222222222222,0.4930761501911718
base,tf_chan_noid,108,0.5777777777777778,0.8906847481539181,9.999000099990002e-05,1.0,0.000999900009999,present,0.6444444444444445,0.7333333333333333,0.4,0.6666666666666666,0.5555555555555556,0.4222222222222222,0.6444444444444445,0.4444444444444444,0.5777777777777777,0.6222222222222222,0.6888888888888889,0.3777777777777777,0.6444444444444445,0.5777777777777777,0.5111111111111111,0.5111111111111111,0.6444444444444445,0.4444444444444444,0.5111111111111111,0.6222222222222222,0.6888888888888889,0.9453423740769591
base,tf_chan_noid,109,0.5777777777777778,-0.1250991982345983,0.5924407559244076,0.0230752494047936,0.4586541345865413,absent,0.6444444444444445,0.5111111111111111,0.4888888888888889,0.6444444444444445,0.5555555555555556,0.6888888888888889,0.5111111111111111,0.4444444444444444,0.5555555555555556,0.5555555555555556,0.6888888888888889,0.4222222222222222,0.7111111111111111,0.6222222222222222,0.6666666666666666,0.6222222222222222,0.5777777777777777,0.4666666666666667,0.5111111111111111,0.7555555555555555,0.7777777777777778,-0.05101197441490235
base,tf_time,70,0.9481481481481482,0.83780245230086,0.0001999800019998,0.5750780229787944,9.999000099990002e-05,present,0.6444444444444445,0.6444444444444445,0.4888888888888889,0.7777777777777778,0.4666666666666667,0.8444444444444444,0.5555555555555556,0.5777777777777777,0.6666666666666666,0.4666666666666667,0.6444444444444445,0.5555555555555556,0.5777777777777777,0.6,0.4,0.5555555555555556,0.6222222222222222,0.4444444444444444,0.4888888888888889,0.7555555555555555,0.8,0.7064402376398272
base,tf_time,71,0.7185185185185184,0.9933943610740156,9.999000099990002e-05,0.3861532436080727,0.0005999400059994,present,0.6444444444444445,0.6444444444444445,0.5333333333333333,0.9111111111111112,0.5111111111111111,0.8444444444444444,0.4666666666666667,0.4444444444444444,0.7111111111111111,0.5777777777777777,0.5777777777777777,0.4666666666666667,0.8,0.4888888888888889,0.7111111111111111,0.4444444444444444,0.4666666666666667,0.5333333333333333,0.5111111111111111,0.8,0.8,0.6897738023410441
base,tf_time,74,0.751937984496124,0.0233450218915581,0.4078592140785921,0.0890851742570616,0.1480851914808519,absent,0.6511627906976745,0.5348837209302325,0.3488372093023256,0.6976744186046512,0.6046511627906976,0.627906976744186,0.5813953488372093,0.5581395348837209,0.5581395348837209,0.4883720930232558,0.5348837209302325,0.3023255813953488,0.7209302325581395,0.4883720930232558,0.7209302325581395,0.3720930232558139,0.6511627906976745,0.4186046511627907,0.5348837209302325,0.7674418604651163,0.7441860465116279,0.05621509807430985
base,tf_time,75,0.6296296296296297,0.4346441766941277,9.999000099990002e-05,0.3599990818654293,0.0706929307069293,present,0.6444444444444445,0.6444444444444445,0.4444444444444444,0.5111111111111111,0.5333333333333333,0.6444444444444445,0.4888888888888889,0.5777777777777777,0.6222222222222222,0.3777777777777777,0.5777777777777777,0.5555555555555556,0.4888888888888889,0.6666666666666666,0.5777777777777777,0.6666666666666666,0.5777777777777777,0.5777777777777777,0.5555555555555556,0.8,0.8,0.3973216292797785
base,tf_time,77,0.7555555555555555,0.1096668816990762,0.3192680731926807,-0.0715705735572611,0.5601439856014399,absent,0.6444444444444445,0.4888888888888889,0.5111111111111111,0.7333333333333333,0.6444444444444445,0.5333333333333333,0.6,0.4888888888888889,0.5333333333333333,0.3777777777777777,0.6,0.6444444444444445,0.6666666666666666,0.4666666666666667,0.5111111111111111,0.4222222222222222,0.6,0.6222222222222222,0.4888888888888889,0.6666666666666666,0.6888888888888889,0.01904815407090755
base,tf_time,80,0.5407407407407407,0.1041080214912941,0.1800819918008199,0.08564928988628,0.1510848915108489,absent,0.6444444444444445,0.5555555555555556,0.4666666666666667,0.6888888888888889,0.5333333333333333,0.6888888888888889,0.5555555555555556,0.3777777777777777,0.5333333333333333,0.4888888888888889,0.5555555555555556,0.5333333333333333,0.7555555555555555,0.5111111111111111,0.5555555555555556,0.5555555555555556,0.6,0.4,0.4888888888888889,0.7333333333333333,0.7333333333333333,0.09487865568878705
base,tf_time,81,0.7851851851851852,0.4068745431435881,0.2652734726527347,0.4605043790319091,0.03999600039996,absent,0.6444444444444445,0.2666666666666666,0.4222222222222222,0.8222222222222222,0.6,0.6888888888888889,0.6222222222222222,0.5333333333333333,0.3333333333333333,0.5111111111111111,0.4,0.4444444444444444,0.7333333333333333,0.6222222222222222,0.6666666666666666,0.6,0.3777777777777777,0.4444444444444444,0.4444444444444444,0.5777777777777777,0.5777777777777777,0.43368946108774864
base,tf_time,84,0.8074074074074075,0.453713042002659,0.000999900009999,0.1695111116944475,0.0008999100089991,present,0.6444444444444445,0.6,0.6222222222222222,0.7555555555555555,0.5555555555555556,0.6888888888888889,0.4444444444444444,0.6444444444444445,0.6,0.6,0.5555555555555556,0.5555555555555556,0.6222222222222222,0.6,0.4,0.5111111111111111,0.4444444444444444,0.4222222222222222,0.4888888888888889,0.5333333333333333,0.4666666666666667,0.31161207684855324
base,tf_time,87,0.5037037037037037,-0.1206253987948921,0.628937106289371,-0.0790921869028028,0.6299370062993701,absent,0.6444444444444445,0.4444444444444444,0.3777777777777777,0.6,0.4666666666666667,0.5555555555555556,0.4666666666666667,0.5111111111111111,0.4,0.3777777777777777,0.4222222222222222,0.4222222222222222,0.5111111111111111,0.4222222222222222,0.3333333333333333,0.3777777777777777,0.6,0.5111111111111111,0.5111111111111111,0.6666666666666666,0.7777777777777778,-0.09985879284884745
base,tf_time,88,0.7839506172839507,0.5952917582418132,0.0850914908509149,0.435149912022943,0.363963603639636,absent,0.6296296296296297,0.5925925925925926,0.5925925925925926,0.6851851851851852,0.3703703703703703,0.4444444444444444,0.4629629629629629,0.5925925925925926,0.5370370370370371,0.5185185185185185,0.4444444444444444,0.5925925925925926,0.7222222222222222,0.3518518518518518,0.7037037037037037,0.4444444444444444,0.4629629629629629,0.5740740740740741,0.5,0.6481481481481481,0.5925925925925926,0.5152208351323782
base,tf_time,89,0.7111111111111111,-0.0111488975983083,0.6104389561043896,0.2173600934754425,0.0058994100589941,present,0.6444444444444445,0.5555555555555556,0.4888888888888889,0.6444444444444445,0.5333333333333333,0.5555555555555556,0.5111111111111111,0.4888888888888889,0.3777777777777777,0.3777777777777777,0.6,0.5111111111111111,0.6666666666666666,0.5555555555555556,0.7111111111111111,0.6,0.6222222222222222,0.3111111111111111,0.5111111111111111,0.8,0.8222222222222222,0.10310559793856709
base,tf_time,92,0.8148148148148149,1.0,0.0090990900909909,1.0,0.0104989501049895,present,0.6296296296296297,0.6111111111111112,0.5925925925925926,0.7407407407407407,0.4629629629629629,0.7777777777777778,0.5185185185185185,0.3888888888888889,0.5370370370370371,0.6666666666666666,0.6296296296296297,0.4259259259259259,0.6666666666666666,0.4259259259259259,0.5185185185185185,0.4259259259259259,0.5555555555555556,0.4814814814814814,0.5,0.6851851851851852,0.7037037037037037,1.0
base,tf_time,94,0.7703703703703703,0.8971082162507236,9.999000099990002e-05,0.6246592735828052,9.999000099990002e-05,present,0.6444444444444445,0.8,0.5111111111111111,0.5777777777777777,0.5555555555555556,0.7111111111111111,0.5555555555555556,0.4222222222222222,0.6666666666666666,0.4888888888888889,0.7333333333333333,0.4666666666666667,0.6,0.6222222222222222,0.5777777777777777,0.5111111111111111,0.6,0.4,0.4888888888888889,0.7333333333333333,0.7555555555555555,0.7608837449167644
base,tf_time,95,0.6148148148148148,1.0,0.0522947705229477,1.0,0.0032996700329967,present,0.6444444444444445,0.6,0.4666666666666667,0.6,0.4444444444444444,0.6444444444444445,0.4888888888888889,0.3111111111111111,0.4222222222222222,0.4222222222222222,0.4888888888888889,0.5777777777777777,0.6,0.4444444444444444,0.5111111111111111,0.4222222222222222,0.6222222222222222,0.4888888888888889,0.4222222222222222,0.5555555555555556,0.5777777777777777,1.0
base,tf_time,97,0.6666666666666666,0.0564602754833586,0.4378562143785621,1.0,0.3923607639236076,absent,0.6444444444444445,0.7333333333333333,0.5333333333333333,0.6444444444444445,0.2666666666666666,0.5111111111111111,0.3555555555555555,0.4666666666666667,0.7333333333333333,0.5333333333333333,0.7555555555555555,0.5111111111111111,0.5111111111111111,0.4888888888888889,0.3111111111111111,0.6444444444444445,0.6888888888888889,0.3777777777777777,0.5111111111111111,0.7111111111111111,0.7333333333333333,0.5282301377416793
base,tf_time,102,0.7936507936507936,0.0599873336014742,0.1344865513448655,0.2338684011357664,9.999000099990002e-05,present,0.6428571428571429,0.5476190476190477,0.5952380952380952,0.6666666666666666,0.5,0.5714285714285714,0.5714285714285714,0.3333333333333333,0.6190476190476191,0.5952380952380952,0.6190476190476191,0.5238095238095238,0.5714285714285714,0.3333333333333333,0.5238095238095238,0.4047619047619047,0.5238095238095238,0.6666666666666666,0.5238095238095238,0.7857142857142857,0.8333333333333334,0.1469278673686203
base,tf_time,106,0.725925925925926,0.0998874949310782,0.0588941105889411,0.056742794405375,0.1744825517448255,absent,0.6444444444444445,0.6888888888888889,0.5111111111111111,0.4666666666666667,0.4444444444444444,0.6222222222222222,0.5333333333333333,0.5333333333333333,0.5555555555555556,0.5111111111111111,0.6444444444444445,0.4888888888888889,0.5333333333333333,0.4888888888888889,0.4444444444444444,0.4888888888888889,0.7333333333333333,0.5555555555555556,0.5333333333333333,0.6222222222222222,0.6888888888888889,0.07831514466822659
base,tf_time,107,0.7037037037037037,0.508568689764593,0.1267873212678732,0.4775836106177506,0.3045695430456954,absent,0.6444444444444445,0.3777777777777777,0.5333333333333333,0.4444444444444444,0.4444444444444444,0.4222222222222222,0.5333333333333333,0.5111111111111111,0.4888888888888889,0.5111111111111111,0.4,0.6222222222222222,0.5111111111111111,0.3333333333333333,0.4666666666666667,0.4222222222222222,0.4666666666666667,0.4222222222222222,0.5333333333333333,0.8222222222222222,0.8222222222222222,0.4930761501911718
base,tf_time,108,0.6444444444444445,0.8906847481539181,9.999000099990002e-05,1.0,0.000999900009999,present,0.6444444444444445,0.7333333333333333,0.4,0.6666666666666666,0.5555555555555556,0.4222222222222222,0.6444444444444445,0.4444444444444444,0.5777777777777777,0.6222222222222222,0.6888888888888889,0.3777777777777777,0.6444444444444445,0.5777777777777777,0.5111111111111111,0.5111111111111111,0.6444444444444445,0.4444444444444444,0.5111111111111111,0.6222222222222222,0.6888888888888889,0.9453423740769591
base,tf_time,109,0.6148148148148148,-0.1250991982345983,0.5924407559244076,0.0230752494047936,0.4586541345865413,absent,0.6444444444444445,0.5111111111111111,0.4888888888888889,0.6444444444444445,0.5555555555555556,0.6888888888888889,0.5111111111111111,0.4444444444444444,0.5555555555555556,0.5555555555555556,0.6888888888888889,0.4222222222222222,0.7111111111111111,0.6222222222222222,0.6666666666666666,0.6222222222222222,0.5777777777777777,0.4666666666666667,0.5111111111111111,0.7555555555555555,0.7777777777777778,-0.05101197441490235
noconf,eegnet,70,0.4962962962962963,0.83780245230086,0.0001999800019998,0.5750780229787944,9.999000099990002e-05,present,0.6444444444444445,0.6444444444444445,0.4888888888888889,0.7777777777777778,0.4666666666666667,0.8444444444444444,0.5555555555555556,0.5777777777777777,0.6666666666666666,0.4666666666666667,0.6444444444444445,0.5555555555555556,0.5777777777777777,0.6,0.4,0.5555555555555556,0.6222222222222222,0.4444444444444444,0.4888888888888889,0.7555555555555555,0.8,0.7064402376398272
noconf,eegnet,71,0.6074074074074074,0.9933943610740156,9.999000099990002e-05,0.3861532436080727,0.0005999400059994,present,0.6444444444444445,0.6444444444444445,0.5333333333333333,0.9111111111111112,0.5111111111111111,0.8444444444444444,0.4666666666666667,0.4444444444444444,0.7111111111111111,0.5777777777777777,0.5777777777777777,0.4666666666666667,0.8,0.4888888888888889,0.7111111111111111,0.4444444444444444,0.4666666666666667,0.5333333333333333,0.5111111111111111,0.8,0.8,0.6897738023410441
noconf,eegnet,74,0.441860465116279,0.0233450218915581,0.4078592140785921,0.0890851742570616,0.1480851914808519,absent,0.6511627906976745,0.5348837209302325,0.3488372093023256,0.6976744186046512,0.6046511627906976,0.627906976744186,0.5813953488372093,0.5581395348837209,0.5581395348837209,0.4883720930232558,0.5348837209302325,0.3023255813953488,0.7209302325581395,0.4883720930232558,0.7209302325581395,0.3720930232558139,0.6511627906976745,0.4186046511627907,0.5348837209302325,0.7674418604651163,0.7441860465116279,0.05621509807430985
noconf,eegnet,75,0.4518518518518519,0.4346441766941277,9.999000099990002e-05,0.3599990818654293,0.0706929307069293,present,0.6444444444444445,0.6444444444444445,0.4444444444444444,0.5111111111111111,0.5333333333333333,0.6444444444444445,0.4888888888888889,0.5777777777777777,0.6222222222222222,0.3777777777777777,0.5777777777777777,0.5555555555555556,0.4888888888888889,0.6666666666666666,0.5777777777777777,0.6666666666666666,0.5777777777777777,0.5777777777777777,0.5555555555555556,0.8,0.8,0.3973216292797785
noconf,eegnet,77,0.5407407407407407,0.1096668816990762,0.3192680731926807,-0.0715705735572611,0.5601439856014399,absent,0.6444444444444445,0.4888888888888889,0.5111111111111111,0.7333333333333333,0.6444444444444445,0.5333333333333333,0.6,0.4888888888888889,0.5333333333333333,0.3777777777777777,0.6,0.6444444444444445,0.6666666666666666,0.4666666666666667,0.5111111111111111,0.4222222222222222,0.6,0.6222222222222222,0.4888888888888889,0.6666666666666666,0.6888888888888889,0.01904815407090755
noconf,eegnet,80,0.5111111111111111,0.1041080214912941,0.1800819918008199,0.08564928988628,0.1510848915108489,absent,0.6444444444444445,0.5555555555555556,0.4666666666666667,0.6888888888888889,0.5333333333333333,0.6888888888888889,0.5555555555555556,0.3777777777777777,0.5333333333333333,0.4888888888888889,0.5555555555555556,0.5333333333333333,0.7555555555555555,0.5111111111111111,0.5555555555555556,0.5555555555555556,0.6,0.4,0.4888888888888889,0.7333333333333333,0.7333333333333333,0.09487865568878705
noconf,eegnet,81,0.4518518518518519,0.4068745431435881,0.2652734726527347,0.4605043790319091,0.03999600039996,absent,0.6444444444444445,0.2666666666666666,0.4222222222222222,0.8222222222222222,0.6,0.6888888888888889,0.6222222222222222,0.5333333333333333,0.3333333333333333,0.5111111111111111,0.4,0.4444444444444444,0.7333333333333333,0.6222222222222222,0.6666666666666666,0.6,0.3777777777777777,0.4444444444444444,0.4444444444444444,0.5777777777777777,0.5777777777777777,0.43368946108774864
noconf,eegnet,84,0.5037037037037037,0.453713042002659,0.000999900009999,0.1695111116944475,0.0008999100089991,present,0.6444444444444445,0.6,0.6222222222222222,0.7555555555555555,0.5555555555555556,0.6888888888888889,0.4444444444444444,0.6444444444444445,0.6,0.6,0.5555555555555556,0.5555555555555556,0.6222222222222222,0.6,0.4,0.5111111111111111,0.4444444444444444,0.4222222222222222,0.4888888888888889,0.5333333333333333,0.4666666666666667,0.31161207684855324
noconf,eegnet,87,0.5407407407407407,-0.1206253987948921,0.628937106289371,-0.0790921869028028,0.6299370062993701,absent,0.6444444444444445,0.4444444444444444,0.3777777777777777,0.6,0.4666666666666667,0.5555555555555556,0.4666666666666667,0.5111111111111111,0.4,0.3777777777777777,0.4222222222222222,0.4222222222222222,0.5111111111111111,0.4222222222222222,0.3333333333333333,0.3777777777777777,0.6,0.5111111111111111,0.5111111111111111,0.6666666666666666,0.7777777777777778,-0.09985879284884745
noconf,eegnet,88,0.5555555555555555,0.5952917582418132,0.0850914908509149,0.435149912022943,0.363963603639636,absent,0.6296296296296297,0.5925925925925926,0.5925925925925926,0.6851851851851852,0.3703703703703703,0.4444444444444444,0.4629629629629629,0.5925925925925926,0.5370370370370371,0.5185185185185185,0.4444444444444444,0.5925925925925926,0.7222222222222222,0.3518518518518518,0.7037037037037037,0.4444444444444444,0.4629629629629629,0.5740740740740741,0.5,0.6481481481481481,0.5925925925925926,0.5152208351323782
noconf,eegnet,89,0.45925925925925926,-0.0111488975983083,0.6104389561043896,0.2173600934754425,0.0058994100589941,present,0.6444444444444445,0.5555555555555556,0.4888888888888889,0.6444444444444445,0.5333333333333333,0.5555555555555556,0.5111111111111111,0.4888888888888889,0.3777777777777777,0.3777777777777777,0.6,0.5111111111111111,0.6666666666666666,0.5555555555555556,0.7111111111111111,0.6,0.6222222222222222,0.3111111111111111,0.5111111111111111,0.8,0.8222222222222222,0.10310559793856709
noconf,eegnet,92,0.5370370370370371,1.0,0.0090990900909909,1.0,0.0104989501049895,present,0.6296296296296297,0.6111111111111112,0.5925925925925926,0.7407407407407407,0.4629629629629629,0.7777777777777778,0.5185185185185185,0.3888888888888889,0.5370370370370371,0.6666666666666666,0.6296296296296297,0.4259259259259259,0.6666666666666666,0.4259259259259259,0.5185185185185185,0.4259259259259259,0.5555555555555556,0.4814814814814814,0.5,0.6851851851851852,0.7037037037037037,1.0
noconf,eegnet,94,0.4740740740740741,0.8971082162507236,9.999000099990002e-05,0.6246592735828052,9.999000099990002e-05,present,0.6444444444444445,0.8,0.5111111111111111,0.5777777777777777,0.5555555555555556,0.7111111111111111,0.5555555555555556,0.4222222222222222,0.6666666666666666,0.4888888888888889,0.7333333333333333,0.4666666666666667,0.6,0.6222222222222222,0.5777777777777777,0.5111111111111111,0.6,0.4,0.4888888888888889,0.7333333333333333,0.7555555555555555,0.7608837449167644
noconf,eegnet,95,0.4962962962962963,1.0,0.0522947705229477,1.0,0.0032996700329967,present,0.6444444444444445,0.6,0.4666666666666667,0.6,0.4444444444444444,0.6444444444444445,0.4888888888888889,0.3111111111111111,0.4222222222222222,0.4222222222222222,0.4888888888888889,0.5777777777777777,0.6,0.4444444444444444,0.5111111111111111,0.4222222222222222,0.6222222222222222,0.4888888888888889,0.4222222222222222,0.5555555555555556,0.5777777777777777,1.0
noconf,eegnet,97,0.48148148148148145,0.0564602754833586,0.4378562143785621,1.0,0.3923607639236076,absent,0.6444444444444445,0.7333333333333333,0.5333333333333333,0.6444444444444445,0.2666666666666666,0.5111111111111111,0.3555555555555555,0.4666666666666667,0.7333333333333333,0.5333333333333333,0.7555555555555555,0.5111111111111111,0.5111111111111111,0.4888888888888889,0.3111111111111111,0.6444444444444445,0.6888888888888889,0.3777777777777777,0.5111111111111111,0.7111111111111111,0.7333333333333333,0.5282301377416793
noconf,eegnet,102,0.5317460317460317,0.0599873336014742,0.1344865513448655,0.2338684011357664,9.999000099990002e-05,present,0.6428571428571429,0.5476190476190477,0.5952380952380952,0.6666666666666666,0.5,0.5714285714285714,0.5714285714285714,0.3333333333333333,0.6190476190476191,0.5952380952380952,0.6190476190476191,0.5238095238095238,0.5714285714285714,0.3333333333333333,0.5238095238095238,0.4047619047619047,0.5238095238095238,0.6666666666666666,0.5238095238095238,0.7857142857142857,0.8333333333333334,0.1469278673686203
noconf,eegnet,106,0.5555555555555555,0.0998874949310782,0.0588941105889411,0.056742794405375,0.1744825517448255,absent,0.6444444444444445,0.6888888888888889,0.5111111111111111,0.4666666666666667,0.4444444444444444,0.6222222222222222,0.5333333333333333,0.5333333333333333,0.5555555555555556,0.5111111111111111,0.6444444444444445,0.4888888888888889,0.5333333333333333,0.4888888888888889,0.4444444444444444,0.4888888888888889,0.7333333333333333,0.5555555555555556,0.5333333333333333,0.6222222222222222,0.6888888888888889,0.07831514466822659
noconf,eegnet,107,0.4518518518518519,0.508568689764593,0.1267873212678732,0.4775836106177506,0.3045695430456954,absent,0.6444444444444445,0.3777777777777777,0.5333333333333333,0.4444444444444444,0.4444444444444444,0.4222222222222222,0.5333333333333333,0.5111111111111111,0.4888888888888889,0.5111111111111111,0.4,0.6222222222222222,0.5111111111111111,0.3333333333333333,0.4666666666666667,0.4222222222222222,0.4666666666666667,0.4222222222222222,0.5333333333333333,0.8222222222222222,0.8222222222222222,0.4930761501911718
noconf,eegnet,108,0.4740740740740741,0.8906847481539181,9.999000099990002e-05,1.0,0.000999900009999,present,0.6444444444444445,0.7333333333333333,0.4,0.6666666666666666,0.5555555555555556,0.4222222222222222,0.6444444444444445,0.4444444444444444,0.5777777777777777,0.6222222222222222,0.6888888888888889,0.3777777777777777,0.6444444444444445,0.5777777777777777,0.5111111111111111,0.5111111111111111,0.6444444444444445,0.4444444444444444,0.5111111111111111,0.6222222222222222,0.6888888888888889,0.9453423740769591
noconf,eegnet,109,0.5111111111111111,-0.1250991982345983,0.5924407559244076,0.0230752494047936,0.4586541345865413,absent,0.6444444444444445,0.5111111111111111,0.4888888888888889,0.6444444444444445,0.5555555555555556,0.6888888888888889,0.5111111111111111,0.4444444444444444,0.5555555555555556,0.5555555555555556,0.6888888888888889,0.4222222222222222,0.7111111111111111,0.6222222222222222,0.6666666666666666,0.6222222222222222,0.5777777777777777,0.4666666666666667,0.5111111111111111,0.7555555555555555,0.7777777777777778,-0.05101197441490235
noconf,tf_time,70,0.562962962962963,0.83780245230086,0.0001999800019998,0.5750780229787944,9.999000099990002e-05,present,0.6444444444444445,0.6444444444444445,0.4888888888888889,0.7777777777777778,0.4666666666666667,0.8444444444444444,0.5555555555555556,0.5777777777777777,0.6666666666666666,0.4666666666666667,0.6444444444444445,0.5555555555555556,0.5777777777777777,0.6,0.4,0.5555555555555556,0.6222222222222222,0.4444444444444444,0.4888888888888889,0.7555555555555555,0.8,0.7064402376398272
noconf,tf_time,71,0.5037037037037037,0.9933943610740156,9.999000099990002e-05,0.3861532436080727,0.0005999400059994,present,0.6444444444444445,0.6444444444444445,0.5333333333333333,0.9111111111111112,0.5111111111111111,0.8444444444444444,0.4666666666666667,0.4444444444444444,0.7111111111111111,0.5777777777777777,0.5777777777777777,0.4666666666666667,0.8,0.4888888888888889,0.7111111111111111,0.4444444444444444,0.4666666666666667,0.5333333333333333,0.5111111111111111,0.8,0.8,0.6897738023410441
noconf,tf_time,74,0.48062015503875966,0.0233450218915581,0.4078592140785921,0.0890851742570616,0.1480851914808519,absent,0.6511627906976745,0.5348837209302325,0.3488372093023256,0.6976744186046512,0.6046511627906976,0.627906976744186,0.5813953488372093,0.5581395348837209,0.5581395348837209,0.4883720930232558,0.5348837209302325,0.3023255813953488,0.7209302325581395,0.4883720930232558,0.7209302325581395,0.3720930232558139,0.6511627906976745,0.4186046511627907,0.5348837209302325,0.7674418604651163,0.7441860465116279,0.05621509807430985
noconf,tf_time,75,0.45925925925925926,0.4346441766941277,9.999000099990002e-05,0.3599990818654293,0.0706929307069293,present,0.6444444444444445,0.6444444444444445,0.4444444444444444,0.5111111111111111,0.5333333333333333,0.6444444444444445,0.4888888888888889,0.5777777777777777,0.6222222222222222,0.3777777777777777,0.5777777777777777,0.5555555555555556,0.4888888888888889,0.6666666666666666,0.5777777777777777,0.6666666666666666,0.5777777777777777,0.5777777777777777,0.5555555555555556,0.8,0.8,0.3973216292797785
noconf,tf_time,77,0.525925925925926,0.1096668816990762,0.3192680731926807,-0.0715705735572611,0.5601439856014399,absent,0.6444444444444445,0.4888888888888889,0.5111111111111111,0.7333333333333333,0.6444444444444445,0.5333333333333333,0.6,0.4888888888888889,0.5333333333333333,0.3777777777777777,0.6,0.6444444444444445,0.6666666666666666,0.4666666666666667,0.5111111111111111,0.4222222222222222,0.6,0.6222222222222222,0.4888888888888889,0.6666666666666666,0.6888888888888889,0.01904815407090755
noconf,tf_time,80,0.4444444444444444,0.1041080214912941,0.1800819918008199,0.08564928988628,0.1510848915108489,absent,0.6444444444444445,0.5555555555555556,0.4666666666666667,0.6888888888888889,0.5333333333333333,0.6888888888888889,0.5555555555555556,0.3777777777777777,0.5333333333333333,0.4888888888888889,0.5555555555555556,0.5333333333333333,0.7555555555555555,0.5111111111111111,0.5555555555555556,0.5555555555555556,0.6,0.4,0.4888888888888889,0.7333333333333333,0.7333333333333333,0.09487865568878705
noconf,tf_time,81,0.4666666666666666,0.4068745431435881,0.2652734726527347,0.4605043790319091,0.03999600039996,absent,0.6444444444444445,0.2666666666666666,0.4222222222222222,0.8222222222222222,0.6,0.6888888888888889,0.6222222222222222,0.5333333333333333,0.3333333333333333,0.5111111111111111,0.4,0.4444444444444444,0.7333333333333333,0.6222222222222222,0.6666666666666666,0.6,0.3777777777777777,0.4444444444444444,0.4444444444444444,0.5777777777777777,0.5777777777777777,0.43368946108774864
noconf,tf_time,84,0.5185185185185185,0.453713042002659,0.000999900009999,0.1695111116944475,0.0008999100089991,present,0.6444444444444445,0.6,0.6222222222222222,0.7555555555555555,0.5555555555555556,0.6888888888888889,0.4444444444444444,0.6444444444444445,0.6,0.6,0.5555555555555556,0.5555555555555556,0.6222222222222222,0.6,0.4,0.5111111111111111,0.4444444444444444,0.4222222222222222,0.4888888888888889,0.5333333333333333,0.4666666666666667,0.31161207684855324
noconf,tf_time,87,0.48148148148148145,-0.1206253987948921,0.628937106289371,-0.0790921869028028,0.6299370062993701,absent,0.6444444444444445,0.4444444444444444,0.3777777777777777,0.6,0.4666666666666667,0.5555555555555556,0.4666666666666667,0.5111111111111111,0.4,0.3777777777777777,0.4222222222222222,0.4222222222222222,0.5111111111111111,0.4222222222222222,0.3333333333333333,0.3777777777777777,0.6,0.5111111111111111,0.5111111111111111,0.6666666666666666,0.7777777777777778,-0.09985879284884745
noconf,tf_time,88,0.5061728395061729,0.5952917582418132,0.0850914908509149,0.435149912022943,0.363963603639636,absent,0.6296296296296297,0.5925925925925926,0.5925925925925926,0.6851851851851852,0.3703703703703703,0.4444444444444444,0.4629629629629629,0.5925925925925926,0.5370370370370371,0.5185185185185185,0.4444444444444444,0.5925925925925926,0.7222222222222222,0.3518518518518518,0.7037037037037037,0.4444444444444444,0.4629629629629629,0.5740740740740741,0.5,0.6481481481481481,0.5925925925925926,0.5152208351323782
noconf,tf_time,89,0.4666666666666666,-0.0111488975983083,0.6104389561043896,0.2173600934754425,0.0058994100589941,present,0.6444444444444445,0.5555555555555556,0.4888888888888889,0.6444444444444445,0.5333333333333333,0.5555555555555556,0.5111111111111111,0.4888888888888889,0.3777777777777777,0.3777777777777777,0.6,0.5111111111111111,0.6666666666666666,0.5555555555555556,0.7111111111111111,0.6,0.6222222222222222,0.3111111111111111,0.5111111111111111,0.8,0.8222222222222222,0.10310559793856709
noconf,tf_time,92,0.5,1.0,0.0090990900909909,1.0,0.0104989501049895,present,0.6296296296296297,0.6111111111111112,0.5925925925925926,0.7407407407407407,0.4629629629629629,0.7777777777777778,0.5185185185185185,0.3888888888888889,0.5370370370370371,0.6666666666666666,0.6296296296296297,0.4259259259259259,0.6666666666666666,0.4259259259259259,0.5185185185185185,0.4259259259259259,0.5555555555555556,0.4814814814814814,0.5,0.6851851851851852,0.7037037037037037,1.0
noconf,tf_time,94,0.4666666666666666,0.8971082162507236,9.999000099990002e-05,0.6246592735828052,9.999000099990002e-05,present,0.6444444444444445,0.8,0.5111111111111111,0.5777777777777777,0.5555555555555556,0.7111111111111111,0.5555555555555556,0.4222222222222222,0.6666666666666666,0.4888888888888889,0.7333333333333333,0.4666666666666667,0.6,0.6222222222222222,0.5777777777777777,0.5111111111111111,0.6,0.4,0.4888888888888889,0.7333333333333333,0.7555555555555555,0.7608837449167644
noconf,tf_time,95,0.48148148148148145,1.0,0.0522947705229477,1.0,0.0032996700329967,present,0.6444444444444445,0.6,0.4666666666666667,0.6,0.4444444444444444,0.6444444444444445,0.4888888888888889,0.3111111111111111,0.4222222222222222,0.4222222222222222,0.4888888888888889,0.5777777777777777,0.6,0.4444444444444444,0.5111111111111111,0.4222222222222222,0.6222222222222222,0.4888888888888889,0.4222222222222222,0.5555555555555556,0.5777777777777777,1.0
noconf,tf_time,97,0.5333333333333333,0.0564602754833586,0.4378562143785621,1.0,0.3923607639236076,absent,0.6444444444444445,0.7333333333333333,0.5333333333333333,0.6444444444444445,0.2666666666666666,0.5111111111111111,0.3555555555555555,0.4666666666666667,0.7333333333333333,0.5333333333333333,0.7555555555555555,0.5111111111111111,0.5111111111111111,0.4888888888888889,0.3111111111111111,0.6444444444444445,0.6888888888888889,0.3777777777777777,0.5111111111111111,0.7111111111111111,0.7333333333333333,0.5282301377416793
noconf,tf_time,102,0.4920634920634921,0.0599873336014742,0.1344865513448655,0.2338684011357664,9.999000099990002e-05,present,0.6428571428571429,0.5476190476190477,0.5952380952380952,0.6666666666666666,0.5,0.5714285714285714,0.5714285714285714,0.3333333333333333,0.6190476190476191,0.5952380952380952,0.6190476190476191,0.5238095238095238,0.5714285714285714,0.3333333333333333,0.5238095238095238,0.4047619047619047,0.5238095238095238,0.6666666666666666,0.5238095238095238,0.7857142857142857,0.8333333333333334,0.1469278673686203
noconf,tf_time,106,0.4222222222222222,0.0998874949310782,0.0588941105889411,0.056742794405375,0.1744825517448255,absent,0.6444444444444445,0.6888888888888889,0.5111111111111111,0.4666666666666667,0.4444444444444444,0.6222222222222222,0.5333333333333333,0.5333333333333333,0.5555555555555556,0.5111111111111111,0.6444444444444445,0.4888888888888889,0.5333333333333333,0.4888888888888889,0.4444444444444444,0.4888888888888889,0.7333333333333333,0.5555555555555556,0.5333333333333333,0.6222222222222222,0.6888888888888889,0.07831514466822659
noconf,tf_time,107,0.48148148148148145,0.508568689764593,0.1267873212678732,0.4775836106177506,0.3045695430456954,absent,0.6444444444444445,0.3777777777777777,0.5333333333333333,0.4444444444444444,0.4444444444444444,0.4222222222222222,0.5333333333333333,0.5111111111111111,0.4888888888888889,0.5111111111111111,0.4,0.6222222222222222,0.5111111111111111,0.3333333333333333,0.4666666666666667,0.4222222222222222,0.4666666666666667,0.4222222222222222,0.5333333333333333,0.8222222222222222,0.8222222222222222,0.4930761501911718
noconf,tf_time,108,0.4888888888888889,0.8906847481539181,9.999000099990002e-05,1.0,0.000999900009999,present,0.6444444444444445,0.7333333333333333,0.4,0.6666666666666666,0.5555555555555556,0.4222222222222222,0.6444444444444445,0.4444444444444444,0.5777777777777777,0.6222222222222222,0.6888888888888889,0.3777777777777777,0.6444444444444445,0.5777777777777777,0.5111111111111111,0.5111111111111111,0.6444444444444445,0.4444444444444444,0.5111111111111111,0.6222222222222222,0.6888888888888889,0.9453423740769591
noconf,tf_time,109,0.5259259259259259,-0.1250991982345983,0.5924407559244076,0.0230752494047936,0.4586541345865413,absent,0.6444444444444445,0.5111111111111111,0.4888888888888889,0.6444444444444445,0.5555555555555556,0.6888888888888889,0.5111111111111111,0.4444444444444444,0.5555555555555556,0.5555555555555556,0.6888888888888889,0.4222222222222222,0.7111111111111111,0.6222222222222222,0.6666666666666666,0.6222222222222222,0.5777777777777777,0.4666666666666667,0.5111111111111111,0.7555555555555555,0.7777777777777778,-0.05101197441490235
