model,epoch,train_loss,val_loss,val_acc,train_acc_best_ckpt,test_acc,best_epoch
eegnet,0,0.7005268448875064,0.7060983180999756,0.4222222222222222,,,
eegnet,1,0.6860423371905372,0.7223172187805176,0.4088888888888889,,,
eegnet,2,0.6726440588633219,0.748645007610321,0.4311111111111111,,,
eegnet,3,0.6677777511732919,0.7672538161277771,0.4311111111111111,,,
eegnet,4,0.6576621078309559,0.7847595810890198,0.4444444444444444,,,
eegnet,5,0.6537286043167114,0.8210887312889099,0.4622222222222222,,,
eegnet,6,0.6521191284770057,0.8088374137878418,0.4711111111111111,,,
eegnet,7,0.6385769957587832,0.8200679421424866,0.4666666666666667,,,
eegnet,8,0.6369385634149823,0.813567578792572,0.4488888888888889,,,
eegnet,9,0.629292471068246,0.8112876415252686,0.4622222222222222,,,
eegnet,10,0.6255058192071461,0.8143197894096375,0.4666666666666667,,,
eegnet,11,0.6256713782038007,0.8472018241882324,0.4533333333333333,,,
eegnet,12,0.6225835539045788,0.809562087059021,0.4488888888888889,,,
eegnet,13,0.6151622193200248,0.8293565511703491,0.44,,,
eegnet,14,0.613921738806225,0.8217085599899292,0.4711111111111111,,,
eegnet,15,0.6146480639775594,0.8374210596084595,0.4577777777777778,,,
eegnet,16,0.6131135480744498,0.8300542831420898,0.4488888888888889,,,
eegnet,17,0.6127602741831825,0.835511326789856,0.4311111111111111,,,
eegnet,18,0.6078904356275286,0.8264051675796509,0.4577777777777778,,,
eegnet,19,0.6058791847456069,0.8262965679168701,0.4533333333333333,,,
eegnet,20,0.6060728175299508,0.850401759147644,0.4488888888888889,,,
eegnet,21,0.6034389194988069,0.8433345556259155,0.44,,,
eegnet,22,0.6002779290789649,0.83132404088974,0.4711111111111111,,,
eegnet,23,0.600152435756865,0.8414276242256165,0.44,,,
eegnet,24,0.5992837236041114,0.8376137018203735,0.47555555555555556,,,
eegnet,25,0.5962377105440412,0.8326649069786072,0.4444444444444444,,,
eegnet,26,0.5990235010782877,0.8368738293647766,0.4622222222222222,,,
eegnet,27,0.5932268131346929,0.852453887462616,0.44,,,
eegnet,28,0.5873312921751113,0.8544890880584717,0.4444444444444444,,,
eegnet,29,0.583981318133218,0.8596298098564148,0.4622222222222222,,,
eegnet,30,0.587110195841108,0.8308014869689941,0.49333333333333335,,,
eegnet,31,0.5867836872736613,0.8436013460159302,0.48,,,
eegnet,32,0.5924277050154549,0.8819921016693115,0.4577777777777778,,,
eegnet,33,0.5880240939912342,0.8515035510063171,0.4577777777777778,,,
eegnet,34,0.5865250655582973,0.8480100035667419,0.4666666666666667,,,
eegnet,35,0.5838214300927662,0.853622555732727,0.4622222222222222,,,
eegnet,36,0.5849769768260774,0.8629975914955139,0.4488888888888889,,,
eegnet,37,0.5772134491375515,0.8567414879798889,0.48444444444444446,,,
eegnet,38,0.5746342341105143,0.8644664883613586,0.48,,,
eegnet,39,0.5740683305831182,0.8616428375244141,0.4888888888888889,,,
eegnet,40,0.57595842225211,0.8539133071899414,0.4488888888888889,,,
eegnet,final,,,,0.5691847419596111,0.48917748917748916,0.0
