exp,model,n_train,mean,std,min,max,count,n_trials,thr_binom_5pct
aug,eegnet,30,0.7769258853596203,0.012835630398865953,0.7623220153340635,0.7864184008762322,3,913,0.5279299014238773
base,eegnet,5,0.7207009857612268,0.0054764512595837644,0.7152245345016429,0.7261774370208105,3,913,0.5279299014238773
base,eegnet,10,0.7495436290617014,0.01306719983072167,0.7404162102957283,0.764512595837897,3,913,0.5279299014238773
base,eegnet,20,0.7623220153340635,0.013279688557483203,0.7546549835706462,0.7776560788608982,3,913,0.5279299014238773
base,eegnet,30,0.7688937568455642,0.010038500974711546,0.76013143483023,0.7798466593647316,3,913,0.5279299014238773
base,tf_chan_id,30,0.7024461482292809,0.011711584470496804,0.6922234392113911,0.7152245345016429,3,913,0.5279299014238773
base,tf_chan_noid,30,0.5750273822562979,0.015796500659206947,0.5575027382256298,0.588170865279299,3,913,0.5279299014238773
base,tf_time,5,0.5480102227090179,0.03071373024176428,0.5213581599123768,0.5815991237677984,3,913,0.5279299014238773
base,tf_time,10,0.6433004746257759,0.029599868650908093,0.6144578313253012,0.6736035049288062,3,913,0.5279299014238773
base,tf_time,20,0.6681270536692224,0.04082069036929732,0.6429353778751369,0.7152245345016429,3,913,0.5279299014238773
base,tf_time,30,0.7155896312522819,0.03229404072653666,0.6790799561883899,0.7404162102957283,3,913,0.5279299014238773
noconf,eegnet,30,0.5045637093829864,0.02877786987796793,0.4874041621029573,0.5377875136911281,3,913,0.5279299014238773
noconf,tf_time,30,0.4906900328587076,0.01263150338956276,0.47754654983570644,0.5027382256297919,3,913,0.5279299014238773
