exp,model,n_train,seed,acc,n_trials
aug,eegnet,30,0,0.7820372398685652,913
aug,eegnet,30,1,0.7864184008762322,913
aug,eegnet,30,2,0.7623220153340635,913
base,eegnet,5,0,0.7152245345016429,913
base,eegnet,5,1,0.7261774370208105,913
base,eegnet,5,2,0.7207009857612268,913
base,eegnet,10,0,0.7404162102957283,913
base,eegnet,10,1,0.7437020810514786,913
base,eegnet,10,2,0.764512595837897,913
base,eegnet,20,0,0.7776560788608982,913
base,eegnet,20,1,0.7546549835706462,913
base,eegnet,20,2,0.7546549835706462,913
base,eegnet,30,0,0.7667031763417306,913
base,eegnet,30,1,0.7798466593647316,913
base,eegnet,30,2,0.76013143483023,913
base,tf_chan_id,30,0,0.6922234392113911,913
base,tf_chan_id,30,1,0.7152245345016429,913
base,tf_chan_id,30,2,0.6998904709748083,913
base,tf_chan_noid,30,0,0.579408543263965,913
base,tf_chan_noid,30,1,0.588170865279299,913
base,tf_chan_noid,30,2,0.5575027382256298,913
base,tf_time,5,0,0.5410733844468785,913
base,tf_time,5,1,0.5815991237677984,913
base,tf_time,5,2,0.5213581599123768,913
base,tf_time,10,0,0.6736035049288062,913
base,tf_time,10,1,0.6144578313253012,913
base,tf_time,10,2,0.6418400876232202,913
base,tf_time,20,0,0.6429353778751369,913
base,tf_time,20,1,0.7152245345016429,913
base,tf_time,20,2,0.6462212486308871,913
base,tf_time,30,0,0.7272727272727273,913
base,tf_time,30,1,0.7404162102957283,913
base,tf_time,30,2,0.6790799561883899,913
noconf,eegnet,30,0,0.4874041621029573,913
noconf,eegnet,30,1,0.5377875136911281,913
noconf,eegnet,30,2,0.488499452354874,913
noconf,tf_time,30,0,0.49178532311062434,913
noconf,tf_time,30,1,0.5027382256297919,913
noconf,tf_time,30,2,0.47754654983570644,913
