variant,seed,accuracy,macro_f1,kappa,f1_W,f1_N1,f1_N2,f1_N3,f1_REM,n_test_windows
FIXED,42,0.8401,0.8031,0.7922,0.9360,0.5086,0.8343,0.8808,0.8559,5415
FIXED,43,0.8162,0.7737,0.7535,0.8738,0.4943,0.8302,0.8371,0.8329,6393
FIXED,44,0.8244,0.7870,0.7620,0.8579,0.5287,0.8886,0.8669,0.7929,6653
D1,42,0.8173,0.7832,0.7486,0.9435,0.4766,0.8329,0.8258,0.8373,4750
D1,43,0.7997,0.7628,0.7291,0.9096,0.5182,0.8008,0.7051,0.8802,5143
D1,44,0.8435,0.7828,0.7881,0.9465,0.4721,0.8445,0.7995,0.8512,5106
D2,42,0.8569,0.8240,0.8141,0.9438,0.5581,0.8407,0.8915,0.8860,5415
D2,43,0.8162,0.7737,0.7535,0.8738,0.4943,0.8302,0.8371,0.8329,6393
D2,44,0.8368,0.8135,0.7837,0.8966,0.5465,0.8622,0.8974,0.8650,6653
D3,42,0.8044,0.7644,0.7460,0.8811,0.4483,0.8168,0.8762,0.7996,5415
D3,43,0.7743,0.7232,0.6997,0.8480,0.3479,0.8114,0.8418,0.7671,6393
D3,44,0.8226,0.7754,0.7581,0.8767,0.4679,0.8767,0.8687,0.7868,6653
D4,42,0.8168,0.7804,0.7644,0.9345,0.4283,0.8037,0.8767,0.8586,5415
D4,43,0.8140,0.7595,0.7467,0.9039,0.4274,0.8221,0.8197,0.8245,6393
D4,44,0.8422,0.8069,0.7877,0.8756,0.5425,0.8826,0.8820,0.8519,6653
D5,42,0.8469,0.7987,0.8005,0.9337,0.4640,0.8529,0.8933,0.8497,5415
D5,43,0.8159,0.7756,0.7550,0.8898,0.4822,0.8181,0.8488,0.8390,6393
D5,44,0.8456,0.8114,0.7905,0.8893,0.5532,0.8921,0.8728,0.8498,6653
D6,42,0.8401,0.8031,0.7922,0.9360,0.5086,0.8343,0.8808,0.8559,5415
D6,43,0.8162,0.7737,0.7535,0.8738,0.4943,0.8302,0.8371,0.8329,6393
D6,44,0.8422,0.8108,0.7889,0.8811,0.5423,0.8837,0.8933,0.8538,6653
D7,42,0.8401,0.8031,0.7922,0.9360,0.5086,0.8343,0.8808,0.8559,5415
D7,43,0.8162,0.7737,0.7535,0.8738,0.4943,0.8302,0.8371,0.8329,6393
D7,44,0.8568,0.8122,0.8036,0.9023,0.5208,0.8958,0.8768,0.8654,6653
D8,42,0.8161,0.7562,0.7589,0.8282,0.3843,0.8220,0.8842,0.8622,5415
D8,43,0.8125,0.7589,0.7464,0.8844,0.4142,0.8262,0.8273,0.8422,6393
D8,44,0.8150,0.7745,0.7417,0.8847,0.5118,0.8512,0.8055,0.8194,6653
D9,42,0.8305,0.7859,0.7763,0.9425,0.4856,0.8400,0.8489,0.8123,5415
D9,43,0.7935,0.7501,0.7266,0.8734,0.4472,0.7957,0.8153,0.8190,6416
D9,44,0.8115,0.7782,0.7439,0.8764,0.5007,0.8646,0.8619,0.7876,6658
D10,42,0.9455,0.8284,0.8912,0.9925,0.5221,0.8581,0.8927,0.8768,13774
D10,43,0.9267,0.7957,0.8632,0.9838,0.4324,0.8422,0.8845,0.8355,15435
D10,44,0.9035,0.7799,0.8192,0.9746,0.4283,0.8481,0.8628,0.7859,16173
D3+D4,42,0.7946,0.7488,0.7305,0.8166,0.4535,0.8197,0.8746,0.7796,5415
D3+D4,43,0.7696,0.7017,0.6922,0.8372,0.2996,0.8111,0.8306,0.7297,6393
D3+D4,44,0.8060,0.7759,0.7412,0.8747,0.4769,0.8638,0.8860,0.7778,6653
D1+D2,42,0.8181,0.7857,0.7483,0.8869,0.5337,0.8280,0.8322,0.8476,4750
D1+D2,43,0.8421,0.8011,0.7793,0.9326,0.4870,0.8659,0.8673,0.8525,5143
D1+D2,44,0.8662,0.8144,0.8231,0.9462,0.5052,0.8624,0.9007,0.8575,5106
D9+D10,42,0.9292,0.7957,0.8588,0.9909,0.4994,0.7866,0.8527,0.8488,13774
D9+D10,43,0.9219,0.7910,0.8492,0.9818,0.4540,0.8253,0.8761,0.8176,16352
D6N,42,0.8147,0.7528,0.7237,0.8533,0.4922,0.8425,0.8748,0.7013,3178
D6N,43,0.7855,0.7260,0.6849,0.8468,0.3727,0.8131,0.8210,0.7761,4056
D6N+D7,42,0.8344,0.8004,0.7802,0.9372,0.5107,0.8366,0.8679,0.8497,4878
D6N+D7,43,0.7891,0.7339,0.7078,0.8223,0.4272,0.8208,0.7981,0.8011,5875
ALL,42,0.8449,0.6341,0.6948,0.9512,0.1995,0.7054,0.6563,0.6581,13714
ALL,43,0.8647,0.6494,0.7323,0.9607,0.1510,0.7302,0.7449,0.6602,13596
