model,fold,seed,n_train,subject,trial,y,p_right,exp
eegnet,0,1,30,77,0,1,0.98491216,base
eegnet,0,1,30,77,1,0,0.0790219,base
eegnet,0,1,30,77,2,1,0.5903933,base
eegnet,0,1,30,77,3,0,0.8516877,base
eegnet,0,1,30,77,4,0,0.022618508,base
eegnet,0,1,30,77,5,1,0.7915927,base
eegnet,0,1,30,77,6,0,0.010927293,base
eegnet,0,1,30,77,7,1,0.6128146,base
eegnet,0,1,30,77,8,0,0.21905275,base
eegnet,0,1,30,77,9,1,0.93098235,base
eegnet,0,1,30,77,10,1,0.9405675,base
eegnet,0,1,30,77,11,0,0.042899955,base
eegnet,0,1,30,77,12,0,0.011173157,base
eegnet,0,1,30,77,13,1,0.8894674,base
eegnet,0,1,30,77,14,1,0.83348477,base
eegnet,0,1,30,77,15,1,0.92614466,base
eegnet,0,1,30,77,16,0,0.2881279,base
eegnet,0,1,30,77,17,1,0.059548035,base
eegnet,0,1,30,77,18,0,0.7027187,base
eegnet,0,1,30,77,19,0,0.14681292,base
eegnet,0,1,30,77,20,1,0.7488789,base
eegnet,0,1,30,77,21,1,0.9815129,base
eegnet,0,1,30,77,22,0,0.3790971,base
eegnet,0,1,30,77,23,1,0.3852159,base
eegnet,0,1,30,77,24,0,0.6339586,base
eegnet,0,1,30,77,25,1,0.051119313,base
eegnet,0,1,30,77,26,0,0.5501091,base
eegnet,0,1,30,77,27,1,0.045718007,base
eegnet,0,1,30,77,28,0,0.7584572,base
eegnet,0,1,30,77,29,1,0.74234384,base
eegnet,0,1,30,77,30,1,0.7820273,base
eegnet,0,1,30,77,31,0,0.04156209,base
eegnet,0,1,30,77,32,0,0.0324114,base
eegnet,0,1,30,77,33,1,0.9424329,base
eegnet,0,1,30,77,34,0,0.079455264,base
eegnet,0,1,30,77,35,1,0.93101925,base
eegnet,0,1,30,77,36,1,0.8741574,base
eegnet,0,1,30,77,37,0,0.40055946,base
eegnet,0,1,30,77,38,0,0.10836404,base
eegnet,0,1,30,77,39,1,0.5611871,base
eegnet,0,1,30,77,40,0,0.9219891,base
eegnet,0,1,30,77,41,1,0.8529259,base
eegnet,0,1,30,77,42,1,0.99606067,base
eegnet,0,1,30,77,43,0,0.73683715,base
eegnet,0,1,30,77,44,1,0.406119,base
eegnet,0,1,30,81,0,0,0.5034098,base
eegnet,0,1,30,81,1,1,0.3646111,base
eegnet,0,1,30,81,2,0,0.62787265,base
eegnet,0,1,30,81,3,1,0.93656075,base
eegnet,0,1,30,81,4,1,0.71236175,base
eegnet,0,1,30,81,5,0,0.021881247,base
eegnet,0,1,30,81,6,0,0.06917265,base
eegnet,0,1,30,81,7,1,0.56464934,base
eegnet,0,1,30,81,8,0,0.1790727,base
eegnet,0,1,30,81,9,1,0.8043592,base
eegnet,0,1,30,81,10,1,0.903624,base
eegnet,0,1,30,81,11,0,0.13142738,base
eegnet,0,1,30,81,12,0,0.12365215,base
eegnet,0,1,30,81,13,1,0.92431164,base
eegnet,0,1,30,81,14,1,0.8742248,base
eegnet,0,1,30,81,15,0,0.51404124,base
eegnet,0,1,30,81,16,1,0.30492857,base
eegnet,0,1,30,81,17,0,0.072087884,base
eegnet,0,1,30,81,18,1,0.962928,base
eegnet,0,1,30,81,19,1,0.96640164,base
eegnet,0,1,30,81,20,0,0.26125646,base
eegnet,0,1,30,81,21,1,0.37098187,base
eegnet,0,1,30,81,22,0,0.3046815,base
eegnet,0,1,30,81,23,1,0.72768646,base
eegnet,0,1,30,81,24,0,0.3935131,base
eegnet,0,1,30,81,25,0,0.08616129,base
eegnet,0,1,30,81,26,1,0.7198684,base
eegnet,0,1,30,81,27,1,0.7518643,base
eegnet,0,1,30,81,28,0,0.40481028,base
eegnet,0,1,30,81,29,1,0.85711855,base
eegnet,0,1,30,81,30,1,0.7258495,base
eegnet,0,1,30,81,31,0,0.52524257,base
eegnet,0,1,30,81,32,0,0.07980166,base
eegnet,0,1,30,81,33,1,0.6092576,base
eegnet,0,1,30,81,34,1,0.9352379,base
eegnet,0,1,30,81,35,0,0.079801485,base
eegnet,0,1,30,81,36,0,0.09738722,base
eegnet,0,1,30,81,37,1,0.42609954,base
eegnet,0,1,30,81,38,1,0.8835638,base
eegnet,0,1,30,81,39,0,0.539599,base
eegnet,0,1,30,81,40,0,0.16564049,base
eegnet,0,1,30,81,41,1,0.6323412,base
eegnet,0,1,30,81,42,1,0.921546,base
eegnet,0,1,30,81,43,0,0.44700116,base
eegnet,0,1,30,81,44,0,0.19000503,base
eegnet,0,1,30,88,0,0,0.21082793,base
eegnet,0,1,30,88,1,0,0.024412153,base
eegnet,0,1,30,88,2,1,0.62877196,base
eegnet,0,1,30,88,3,0,0.33508655,base
eegnet,0,1,30,88,4,1,0.5333145,base
eegnet,0,1,30,88,5,0,0.3177492,base
eegnet,0,1,30,88,6,1,0.22229262,base
eegnet,0,1,30,88,7,1,0.92194,base
eegnet,0,1,30,88,8,0,0.57895947,base
eegnet,0,1,30,88,9,1,0.5560224,base
eegnet,0,1,30,88,10,0,0.42336002,base
eegnet,0,1,30,88,11,1,0.6228751,base
eegnet,0,1,30,88,12,0,0.22671393,base
eegnet,0,1,30,88,13,1,0.41623694,base
eegnet,0,1,30,88,14,0,0.23520385,base
eegnet,0,1,30,88,15,1,0.5814103,base
eegnet,0,1,30,88,16,0,0.3017078,base
eegnet,0,1,30,88,17,0,0.021293612,base
eegnet,0,1,30,88,18,1,0.5736426,base
eegnet,0,1,30,88,19,0,0.20596583,base
eegnet,0,1,30,88,20,1,0.1976522,base
eegnet,0,1,30,88,21,0,0.7597105,base
eegnet,0,1,30,88,22,1,0.3289842,base
eegnet,0,1,30,88,23,1,0.93684,base
eegnet,0,1,30,88,24,0,0.023659987,base
eegnet,0,1,30,88,25,0,0.004517356,base
eegnet,0,1,30,88,26,1,0.62361246,base
eegnet,0,1,30,88,27,1,0.9767858,base
eegnet,0,1,30,88,28,0,0.0988938,base
eegnet,0,1,30,88,29,0,0.026824707,base
eegnet,0,1,30,88,30,1,0.17412601,base
eegnet,0,1,30,88,31,0,0.19916241,base
eegnet,0,1,30,88,32,1,0.6583951,base
eegnet,0,1,30,88,33,1,0.97929424,base
eegnet,0,1,30,88,34,0,0.77700347,base
eegnet,0,1,30,88,35,0,0.1330065,base
eegnet,0,1,30,88,36,1,0.9759169,base
eegnet,0,1,30,88,37,1,0.910683,base
eegnet,0,1,30,88,38,0,0.2641441,base
eegnet,0,1,30,88,39,0,0.090056784,base
eegnet,0,1,30,88,40,1,0.7531645,base
eegnet,0,1,30,88,41,0,0.19735365,base
eegnet,0,1,30,88,42,1,0.08786566,base
eegnet,0,1,30,88,43,0,0.5255095,base
eegnet,0,1,30,88,44,1,0.2854261,base
eegnet,0,1,30,88,45,1,0.92418367,base
eegnet,0,1,30,88,46,0,0.47946683,base
eegnet,0,1,30,88,47,1,0.8882547,base
eegnet,0,1,30,88,48,0,0.38649786,base
eegnet,0,1,30,88,49,0,0.02233374,base
eegnet,0,1,30,88,50,1,0.21140291,base
eegnet,0,1,30,88,51,1,0.8134028,base
eegnet,0,1,30,88,52,0,0.32464692,base
eegnet,0,1,30,88,53,1,0.6094047,base
eegnet,0,1,30,102,0,1,0.83528775,base
eegnet,0,1,30,102,1,0,0.43514967,base
eegnet,0,1,30,102,2,1,0.70381254,base
eegnet,0,1,30,102,3,0,0.2840586,base
eegnet,0,1,30,102,4,1,0.69542426,base
eegnet,0,1,30,102,5,0,0.38692948,base
eegnet,0,1,30,102,6,0,0.11577016,base
eegnet,0,1,30,102,7,1,0.61533403,base
eegnet,0,1,30,102,8,0,0.4810155,base
eegnet,0,1,30,102,9,1,0.48104432,base
eegnet,0,1,30,102,10,0,0.60625136,base
eegnet,0,1,30,102,11,1,0.68765455,base
eegnet,0,1,30,102,12,0,0.4769603,base
eegnet,0,1,30,102,13,1,0.4946353,base
eegnet,0,1,30,102,14,1,0.86433375,base
eegnet,0,1,30,102,15,0,0.56808716,base
eegnet,0,1,30,102,16,1,0.6598544,base
eegnet,0,1,30,102,17,0,0.47077203,base
eegnet,0,1,30,102,18,0,0.17402859,base
eegnet,0,1,30,102,19,1,0.6454583,base
eegnet,0,1,30,102,20,0,0.74369437,base
eegnet,0,1,30,102,21,1,0.5944108,base
eegnet,0,1,30,102,22,0,0.4113023,base
eegnet,0,1,30,102,23,1,0.4675086,base
eegnet,0,1,30,102,24,1,0.8254325,base
eegnet,0,1,30,102,25,0,0.4633687,base
eegnet,0,1,30,102,26,1,0.9199329,base
eegnet,0,1,30,102,27,0,0.54746836,base
eegnet,0,1,30,102,28,0,0.5105659,base
eegnet,0,1,30,102,29,1,0.89730936,base
eegnet,0,1,30,102,30,0,0.46166125,base
eegnet,0,1,30,102,31,1,0.88739794,base
eegnet,0,1,30,102,32,1,0.67414963,base
eegnet,0,1,30,102,33,0,0.2343147,base
eegnet,0,1,30,102,34,0,0.4982921,base
eegnet,0,1,30,102,35,1,0.7124106,base
eegnet,0,1,30,102,36,0,0.37483138,base
eegnet,0,1,30,102,37,1,0.5392384,base
eegnet,0,1,30,102,38,1,0.7265129,base
eegnet,0,1,30,102,39,0,0.43995273,base
eegnet,0,1,30,102,40,1,0.5556486,base
eegnet,0,1,30,102,41,0,0.31523556,base
eegnet,0,1,30,107,0,1,0.9115771,base
eegnet,0,1,30,107,1,0,0.13327596,base
eegnet,0,1,30,107,2,0,0.022302462,base
eegnet,0,1,30,107,3,1,0.9611542,base
eegnet,0,1,30,107,4,0,0.019334758,base
eegnet,0,1,30,107,5,1,0.8566956,base
eegnet,0,1,30,107,6,0,0.055366624,base
eegnet,0,1,30,107,7,1,0.79527026,base
eegnet,0,1,30,107,8,0,0.080901355,base
eegnet,0,1,30,107,9,1,0.8985055,base
eegnet,0,1,30,107,10,0,0.19803637,base
eegnet,0,1,30,107,11,1,0.91715765,base
eegnet,0,1,30,107,12,0,0.0640786,base
eegnet,0,1,30,107,13,1,0.9349423,base
eegnet,0,1,30,107,14,0,0.04597823,base
eegnet,0,1,30,107,15,1,0.30020785,base
eegnet,0,1,30,107,16,0,0.30154893,base
eegnet,0,1,30,107,17,1,0.7718163,base
eegnet,0,1,30,107,18,0,0.089523174,base
eegnet,0,1,30,107,19,1,0.93944615,base
eegnet,0,1,30,107,20,0,0.66898334,base
eegnet,0,1,30,107,21,0,0.4025551,base
eegnet,0,1,30,107,22,1,0.18251833,base
eegnet,0,1,30,107,23,0,0.026773557,base
eegnet,0,1,30,107,24,1,0.49979722,base
eegnet,0,1,30,107,25,0,0.15688777,base
eegnet,0,1,30,107,26,1,0.48399147,base
eegnet,0,1,30,107,27,1,0.4978233,base
eegnet,0,1,30,107,28,0,0.72769594,base
eegnet,0,1,30,107,29,0,0.30982068,base
eegnet,0,1,30,107,30,0,0.005269083,base
eegnet,0,1,30,107,31,1,0.6725133,base
eegnet,0,1,30,107,32,1,0.7711436,base
eegnet,0,1,30,107,33,0,0.14445622,base
eegnet,0,1,30,107,34,1,0.7596208,base
eegnet,0,1,30,107,35,0,0.6357525,base
eegnet,0,1,30,107,36,1,0.8854411,base
eegnet,0,1,30,107,37,0,0.8425973,base
eegnet,0,1,30,107,38,1,0.6311726,base
eegnet,0,1,30,107,39,0,0.696897,base
eegnet,0,1,30,107,40,0,0.31468743,base
eegnet,0,1,30,107,41,1,0.5456702,base
eegnet,0,1,30,107,42,0,0.16810645,base
eegnet,0,1,30,107,43,1,0.31404656,base
eegnet,0,1,30,107,44,0,0.9818746,base
