subject,n_left,n_right,mu_contra_db,mu_ipsi_db,mu_LI,mu_T,mu_p,beta_contra_db,beta_ipsi_db,beta_LI,beta_T,beta_p,label
70,22,23,-0.9925075948744977,-0.10009731180973118,0.8167730875133987,1.8009337448616565,0.00029997000299970003,-1.689921450127772,-0.45214252316044645,0.5778440524664855,2.472754012962338,9.999000099990002e-05,present
71,22,23,-1.2693970052904786,0.015894599704652432,1.0,2.6214305369298203,9.999000099990002e-05,-1.3218043487782563,-0.5830275519026896,0.38784356593958036,1.5222900308198983,0.0005999400059994001,present
72,22,21,-8.644793415866635,-2.671800496836113,0.527808363992447,11.929443948266611,9.999000099990002e-05,-4.930007054036677,-1.4582333692316227,0.5434632159678257,6.90888938719525,9.999000099990002e-05,present
73,21,21,-0.5412898481601649,-0.534066661468759,0.006717015823801907,0.014446373382811462,0.48655134486551344,-2.007187152205958,-1.7704749574042598,0.06266102894684843,0.4734243896033954,0.0705929407059294,absent
74,22,21,-1.5753924588218184,-1.4856854537763866,0.029305691526580465,0.14633600380044764,0.3768623137686231,-1.335109610072798,-1.1193033824755552,0.08792580069142185,0.41921132486784796,0.1503849615038496,absent
75,22,23,-1.673279620599505,-0.6542898755442204,0.4377913298586909,1.997663869746915,9.999000099990002e-05,-0.8284088702177287,-0.39819019805617034,0.35074107203340116,0.8596035230383381,0.0731926807319268,present
76,21,21,-0.8659089788266714,-0.6625483983655491,0.133049559311033,0.40672116092224475,0.2395760423957604,-0.035100124833537985,0.07617415882799855,1.0,0.22254856732307315,0.31566843315668436,absent
77,21,24,-0.41159267978719355,-0.34175010292557295,0.09271022231091058,0.17543722646765184,0.33736626337366266,-0.030817385256658954,-0.03277468464716241,-0.030778985390218297,-0.028979925601945872,0.5531446855314468,absent
78,23,22,-0.8983888551068443,-0.2766777041446091,0.5290859024686063,1.2657015995864915,0.0352964703529647,-0.5975740065299205,-0.47610778808970733,0.11313055604453544,0.27733460400209387,0.34826517348265174,absent
79,22,23,-0.3832918775201425,-0.25191367818848903,0.20682784989984654,0.2793215894079394,0.23657634236576341,-0.1960442217737193,-0.1452483980485134,0.14883364237897576,0.09514848867045211,0.37646235376462356,absent
80,23,22,-0.9821333292703356,-0.8001038735439817,0.10213536976947431,0.3645989011874158,0.18908109189081093,-0.9197863661338055,-0.7675652808535322,0.09021301846124055,0.2979358536601575,0.1434856514348565,absent
81,22,23,-0.2368049453379506,-0.11522318643218833,0.34537512185290514,0.2411563922189402,0.28687131286871315,-0.3655992531534079,-0.14443788330281337,0.4336181702125484,0.4108608396813269,0.039896010398960104,absent
82,23,22,-1.6472698816817999,-1.314238101500315,0.11245344671455014,0.7237711814477761,0.028997100289971003,-0.9371036499883031,-0.6135874744095698,0.2086270892305218,0.6792043189812353,0.03189681031896811,absent
83,22,23,-2.226326756384407,-1.806757263808194,0.10403192457075972,0.9902965973812772,0.12588741125887412,-1.4262224459965986,-0.6428674790063336,0.37859880207437335,1.6309740403170094,0.0029997000299970002,present
84,23,22,-2.2217797065521143,-0.8680092797488879,0.43814332719980265,2.7901871385162944,0.0010998900109989002,-2.4913694355252227,-1.780687098918841,0.1663560233523139,1.5904249267939847,0.0008999100089991,present
85,23,22,-1.1310649317690757,0.14442172836825293,1.0,2.570699065825692,9.999000099990002e-05,-0.8018799789635966,0.09037519442607633,1.0,1.7947025976982265,9.999000099990002e-05,present
86,22,23,0.20745931576406598,0.04062470341858461,-0.6724923793767232,-0.3287152312780461,0.7531246875312468,-0.11198044404637479,0.14660231190827114,1.0,0.5105960597666415,0.16498350164983502,absent
87,22,23,-0.3696608737624048,-0.4876200675108033,-0.1375968927679752,-0.19632764890406984,0.645035496450355,-0.2754685032674078,-0.31714346325847387,-0.0703241958399535,-0.10426128316476102,0.6215378462153784,absent
88,27,27,-0.37866546844126703,-0.09872949081792727,0.5863823490255011,0.5598719552466795,0.0923907609239076,0.032088956603896886,0.0837825974623236,0.44612883010858595,0.10338728171685332,0.3478652134786521,absent
89,24,21,-0.2937466384794569,-0.29021434539987623,0.006048851168300982,-0.09872263967073269,0.5971402859714029,-0.8412338451685996,-0.5569112757575103,0.20335698001274596,0.6322157018176546,0.0072992700729927005,present
90,22,23,-0.3891357515629786,-0.5802273240163616,-0.1971310618977075,-0.381133174522357,0.8309169083091691,-0.35250976344373935,-0.2802298846019337,0.11423320644605514,0.12858274868751368,0.3458654134586541,absent
91,22,23,-1.2697491409042532,-1.0282712431900285,0.10508083365387479,0.4470630265167359,0.22547745225477453,-0.44601368626829435,-0.3249120410862743,0.15708600826902003,0.22391895374588083,0.23897610238976102,absent
92,25,29,-0.9232724145843185,0.09759012881924502,1.0,2.099532086174582,0.009299070092990702,-0.38110587777984967,0.11562007591939086,1.0,1.0284751884121472,0.010198980101989802,present
93,23,22,-2.8076228679213697,-0.8403614096208224,0.5392735572933933,3.915030714812523,9.999000099990002e-05,-1.329195383093777,-0.6405715585853663,0.3495965994440885,1.3805705061712619,0.00019998000199980003,present
94,22,23,-1.9587438588433417,-0.10142278898611216,0.9015392380097319,3.7798677740913407,9.999000099990002e-05,-1.7092750428701293,-0.3935047308149047,0.6257290128625271,2.6605024633358796,9.999000099990002e-05,present
95,23,22,-0.5960855511952474,0.02056432764838325,1.0,1.2079430247482927,0.057394260573942604,-0.7501107470157224,0.04838401648129119,1.0,1.5785344362720732,0.0029997000299970002,present
96,23,22,-2.4136186890540374,-2.4759715212576756,-0.012752159081172403,0.015450486039938927,0.49465053494650535,-3.5053238124592174,-3.842229413680285,-0.04585276089222451,-0.5249000990029113,0.83991600839916,absent
97,23,22,0.26355580341497475,0.29707937008489005,0.05979568934399614,0.06232810928365348,0.4310568943105689,-0.04337676670697396,0.020113752875562434,1.0,0.09995386624931757,0.35636436356364365,absent
98,23,22,-2.2974524994183394,-2.0968139520936724,0.04565916735787149,0.4696112887809458,0.35196480351964804,-3.0459816486949567,-2.628832411414306,0.07350888202892397,1.0206941304757282,0.31326867313268675,absent
99,22,23,-0.6517653815059862,-1.2880768957974345,-0.3280222942537299,-1.2549829290000392,0.8548145185481452,-0.5749691458940173,-0.7096233526365927,-0.10482250744621394,-0.26499767343381814,0.6414358564143585,absent
100,18,18,-1.5652875198529599,-1.4709610910376085,0.031066767219593484,0.18865285763070316,0.4320567943205679,-0.9190062476715306,-2.1963415421180486,-0.41001370653797636,-2.5546705888930368,0.9894010598940106,absent
101,22,23,-0.15702374143257203,-0.25474795615549717,-0.2373262059906971,-0.19091352104486103,0.7227277272272773,-0.22688970106734618,-0.27835492311983245,-0.10186198840864832,-0.1194080288787755,0.5964403559644036,absent
102,21,21,-2.329766300005973,-2.067618810286409,0.059614403365761605,0.5242949794391278,0.13888611138886112,-3.4224674357509897,-2.115503839110145,0.23600042899710005,2.61392719328169,9.999000099990002e-05,present
103,22,23,-1.4823549994331544,-0.8989740108944686,0.24498126298743753,1.1673248759589807,0.0451954804519548,-0.6339996323214749,-0.39293231358681374,0.23474517439560694,0.48194459080614516,0.10948905109489052,absent
104,21,21,-1.1321684614220484,-1.0126844408975832,0.055707326313727476,0.23896804104892988,0.3243675632436756,-0.954162516726137,-0.8346539203270643,0.06680875349957355,0.2390171927981454,0.27287271272872715,absent
105,23,22,-1.7567921960991622,-1.5657902849453027,0.05748598033112405,0.4229884072499377,0.1887811218878112,-1.0005462856609035,-0.9069224902170381,0.049082740765061104,0.21300015157615548,0.2947705229477052,absent
106,24,21,-2.035193400855924,-1.6796924607290915,0.09569632913974707,0.7420540948287888,0.0643935606439356,-1.0027164834346676,-0.8998923097039524,0.05404378141293686,0.2551169801226605,0.17788221177882213,absent
107,24,21,-0.4302492772618292,-0.14982203716632195,0.4834358002549384,0.5286205182656136,0.14908509149085092,-0.09452450604498217,-0.04044119965376724,0.40071887974217485,0.07580223642518921,0.34536546345365465,absent
108,22,23,-2.417346262717038,-0.14045157651846227,0.8901777346403249,4.508382761330284,9.999000099990002e-05,-0.5782104652560061,0.0747513096736846,1.0,1.3030933719715314,0.0008999100089991,present
109,23,22,-0.11548576957655994,-0.1769770717415504,-0.2102533842858576,-0.14516516119950257,0.6322367763223677,-0.13549371525931225,-0.14612478065785633,-0.03774988345108894,-0.007796384836997627,0.5067493250674933,absent
