subject,hdr_rate_hz,n_left_used,n_right_used,n_annotated,n_dropped,min_baseline_power,n_nonfinite
70,160,22,23,45,0,335.8998,0
71,160,22,23,45,0,397.9768,0
72,160,22,21,45,2,26.8187,0
73,160,21,21,45,3,66.25515,0
74,160,22,21,45,2,84.48045,0
75,160,22,23,45,0,1299.707,0
76,160,21,21,45,3,148.5351,0
77,160,21,24,45,0,483.1482,0
78,160,23,22,45,0,105.9313,0
79,160,22,23,45,0,640.8284,0
80,160,23,22,45,0,281.432,0
81,160,22,23,45,0,40.28545,0
82,160,23,22,45,0,221.0052,0
83,160,22,23,45,0,720.9622,0
84,160,23,22,45,0,233.323,0
85,160,23,22,45,0,216.7129,0
86,160,22,23,45,0,379.0032,0
87,160,22,23,45,0,748.5939,0
88,128,27,27,57,3,884.3774,0
89,160,24,21,45,0,21.44553,0
90,160,22,23,45,0,460.0408,0
91,160,22,23,45,0,1252.664,0
92,128,25,29,57,3,366.4882,0
93,160,23,22,45,0,85.92021,0
94,160,22,23,45,0,400.0752,0
95,160,23,22,45,0,1087.289,0
96,160,23,22,45,0,2839.925,0
97,160,23,22,45,0,732.7034,0
98,160,23,22,45,0,59.73817,0
99,160,22,23,45,0,1562.215,0
100,128,18,18,36,0,434.8528,0
101,160,22,23,45,0,565.9416,0
102,160,21,21,45,3,52.15341,0
103,160,22,23,45,0,896.2618,0
104,160,21,21,43,1,135.3321,0
105,160,23,22,45,0,99.90041,0
106,160,24,21,45,0,391.7724,0
107,160,24,21,45,0,372.3169,0
108,160,22,23,45,0,299.6981,0
109,160,23,22,45,0,244.9713,0
