regime,scheme,decoder,rep_n,alt_n,rep_c,alt_c,ok_c,ok_n,acc_all,acc_repeat,acc_alternate,acc_balanced,z_balanced,p_balanced,n_all,thr_all,thr_repeat,thr_alternate,thr_balanced_normal_approx,balanced_above_thr
pooled_xs,cell_balanced,A1,424,1249,229,685,914,1673,0.5463239689181112,0.5400943396226415,0.5484387510008006,0.544266545311721,3.1502991646778087,0.0008155167631823,1673,0.5206216377764495,0.5424528301886793,0.5244195356285029,0.5231147783849375,True
pooled_xs,cell_balanced,F1,424,1249,331,857,1188,1673,0.7101016138673042,0.7806603773584906,0.6861489191353083,0.7334046482468994,16.61061334753475,2.919654892544748e-62,1673,0.5206216377764495,0.5424528301886793,0.5244195356285029,0.5231147783849375,True
pooled_xs,cell_balanced,F1_pre,424,1249,221,578,799,1673,0.4775851763299462,0.5212264150943396,0.4627702161729383,0.491998315633639,-0.5694526057511876,0.7154754873008765,1673,0.5206216377764495,0.5424528301886793,0.5244195356285029,0.5231147783849375,False
pooled_xs,cell_balanced,F2,424,1249,358,901,1259,1673,0.752540346682606,0.8443396226415094,0.7213771016813451,0.7828583621614272,20.13006562324465,2.0123065136903127e-90,1673,0.5206216377764495,0.5424528301886793,0.5244195356285029,0.5231147783849375,True
pooled_xs,cell_balanced,G1,424,1249,196,617,813,1673,0.4859533771667663,0.4622641509433962,0.4939951961569255,0.4781296735501609,-1.5564365970053706,0.9401978458022672,1673,0.5206216377764495,0.5424528301886793,0.5244195356285029,0.5231147783849375,False
pooled_xs,cell_balanced,M1,424,1249,225,712,937,1673,0.5600717274357442,0.5306603773584906,0.5700560448358687,0.5503582110971796,3.5838222575753544,0.000169301273304,1673,0.5206216377764495,0.5424528301886793,0.5244195356285029,0.5231147783849375,True
pooled_xs,cell_balanced,N1,424,1249,227,664,891,1673,0.5325762104004782,0.535377358490566,0.5316253002401922,0.5335013293653791,2.38417543479285,0.0085587199823707,1673,0.5206216377764495,0.5424528301886793,0.5244195356285029,0.5231147783849375,True
pooled_xs,cell_balanced,N2,424,1249,324,856,1180,1673,0.7053197848176928,0.7641509433962265,0.6853482786228983,0.7247496110095624,15.994663844653196,6.960383519230644e-58,1673,0.5206216377764495,0.5424528301886793,0.5244195356285029,0.5231147783849375,True
pooled_xs,cell_balanced,N2_pre,424,1249,211,641,852,1673,0.5092647937836222,0.4976415094339622,0.5132105684547638,0.505426038944363,0.3861526991447852,0.3496917912785456,1673,0.5206216377764495,0.5424528301886793,0.5244195356285029,0.5231147783849375,False
pooled_xs,cell_balanced,O1,424,1249,257,733,990,1673,0.5917513448894202,0.6061320754716981,0.5868694955964772,0.5965007855340876,6.867632021383264,3.263816716046753e-12,1673,0.5206216377764495,0.5424528301886793,0.5244195356285029,0.5231147783849375,True
pooled_xs,cell_balanced,O1_pre,424,1249,224,649,873,1673,0.5218170950388523,0.5283018867924528,0.5196156925540433,0.523958789673248,1.7050654069076296,0.0440911132337493,1673,0.5206216377764495,0.5424528301886793,0.5244195356285029,0.5231147783849375,True
pooled_xs,cell_balanced,O2,424,1249,236,651,887,1673,0.5301852958756724,0.5566037735849056,0.5212169735788631,0.5389103735818843,2.7691186770758622,0.0028104078571346,1673,0.5206216377764495,0.5424528301886793,0.5244195356285029,0.5231147783849375,True
pooled_xs,plain,A1,424,1249,233,689,922,1673,0.5511057979677226,0.5495283018867925,0.5516413130504404,0.5505848074686164,3.5999483490656514,0.0001591401984025,1673,0.5206216377764495,0.5424528301886793,0.5244195356285029,0.5231147783849375,True
pooled_xs,plain,F1,424,1249,330,867,1197,1673,0.7154811715481172,0.7783018867924528,0.6941553242594075,0.7362286055259302,16.8115847627326,1.0036622415969372e-63,1673,0.5206216377764495,0.5424528301886793,0.5244195356285029,0.5231147783849375,True
pooled_xs,plain,F1_pre,424,1249,210,596,806,1673,0.4817692767483562,0.4952830188679245,0.4771817453963171,0.4862323821321208,-0.979794442131422,0.8364062019294343,1673,0.5206216377764495,0.5424528301886793,0.5244195356285029,0.5231147783849375,False
pooled_xs,plain,F2,424,1249,363,898,1261,1673,0.7537358039450089,0.8561320754716981,0.7189751801441153,0.7875536278079067,20.464211677333232,2.2444128782202752e-93,1673,0.5206216377764495,0.5424528301886793,0.5244195356285029,0.5231147783849375,True
pooled_xs,plain,G1,424,1249,212,619,831,1673,0.4967124925283921,0.5,0.4955964771817454,0.4977982385908727,-0.1566918556474073,0.5622561469781937,1673,0.5206216377764495,0.5424528301886793,0.5244195356285029,0.5231147783849375,False
pooled_xs,plain,M1,424,1249,221,693,914,1673,0.5463239689181112,0.5212264150943396,0.55484387510008,0.5380351450972098,2.706831648694586,0.0033964347508435,1673,0.5206216377764495,0.5424528301886793,0.5244195356285029,0.5231147783849375,True
pooled_xs,plain,N1,424,1249,232,673,905,1673,0.5409444112372983,0.5471698113207547,0.5388310648518815,0.543000438086318,3.0601946284757604,0.0011059659932837,1673,0.5206216377764495,0.5424528301886793,0.5244195356285029,0.5231147783849375,True
pooled_xs,plain,N2,424,1249,328,849,1177,1673,0.7035265989240884,0.7735849056603774,0.6797437950360288,0.7266643503482031,16.130929317746226,7.733768560255846e-59,1673,0.5206216377764495,0.5424528301886793,0.5244195356285029,0.5231147783849375,True
pooled_xs,plain,N2_pre,424,1249,206,616,822,1673,0.4913329348475792,0.4858490566037736,0.4931945556445156,0.4895218061241446,-0.7456973473305832,0.772074869015061,1673,0.5206216377764495,0.5424528301886793,0.5244195356285029,0.5231147783849375,False
pooled_xs,plain,O1,424,1249,252,750,1002,1673,0.5989240884638374,0.5943396226415094,0.600480384307446,0.5974100034744777,6.932337963488093,2.0697078455561083e-12,1673,0.5206216377764495,0.5424528301886793,0.5244195356285029,0.5231147783849375,True
pooled_xs,plain,O1_pre,424,1249,205,626,831,1673,0.4967124925283921,0.4834905660377358,0.5012009607686149,0.4923457634031754,-0.5447259321327292,0.7070289866155263,1673,0.5206216377764495,0.5424528301886793,0.5244195356285029,0.5231147783849375,False
pooled_xs,plain,O2,424,1249,228,656,884,1673,0.5283921099820681,0.5377358490566038,0.5252201761409128,0.5314780125987583,2.240182876194056,0.0125395264418371,1673,0.5206216377764495,0.5424528301886793,0.5244195356285029,0.5231147783849375,True
pooled_xs,readout_prev,A1,424,1249,192,674,866,1673,0.5176329946204423,0.4528301886792453,0.5396317053642914,0.4962309470217683,-0.2682306551219767,0.6057391100484588,1673,0.5206216377764495,0.5424528301886793,0.5244195356285029,0.5231147783849375,False
pooled_xs,readout_prev,F1,424,1249,121,796,917,1673,0.5481171548117155,0.285377358490566,0.6373098478783027,0.4613436031844343,-2.7510440161971554,0.9970297169742,1673,0.5206216377764495,0.5424528301886793,0.5244195356285029,0.5231147783849375,False
pooled_xs,readout_prev,F1_pre,424,1249,218,639,857,1673,0.5122534369396294,0.5141509433962265,0.5116092874299439,0.5128801154130852,0.9166339171277544,0.1796672525335892,1673,0.5206216377764495,0.5424528301886793,0.5244195356285029,0.5231147783849375,False
pooled_xs,readout_prev,F2,424,1249,112,749,861,1673,0.5146443514644351,0.2641509433962264,0.5996797437950361,0.4319153435956312,-4.8453529564518805,0.999999368066056,1673,0.5206216377764495,0.5424528301886793,0.5244195356285029,0.5231147783849375,False
pooled_xs,readout_prev,G1,424,1249,208,624,832,1673,0.4973102211595935,0.490566037735849,0.499599679743795,0.495082858739822,-0.3499361853394908,0.6368067050728687,1673,0.5206216377764495,0.5424528301886793,0.5244195356285029,0.5231147783849375,False
pooled_xs,readout_prev,M1,424,1249,202,689,891,1673,0.5325762104004782,0.4764150943396226,0.5516413130504404,0.5140282036950315,0.9983394473452728,0.159057392669557,1673,0.5206216377764495,0.5424528301886793,0.5244195356285029,0.5231147783849375,False
pooled_xs,readout_prev,N1,424,1249,194,668,862,1673,0.5152420800956365,0.4575471698113207,0.5348278622898318,0.4961875160505763,-0.2713214893242825,0.6069281099750865,1673,0.5206216377764495,0.5424528301886793,0.5244195356285029,0.5231147783849375,False
pooled_xs,readout_prev,N2,424,1249,142,765,907,1673,0.5421398684997011,0.3349056603773584,0.6124899919935949,0.4736978261854767,-1.8718360697364724,0.9693853567956944,1673,0.5206216377764495,0.5424528301886793,0.5244195356285029,0.5231147783849375,False
pooled_xs,readout_prev,N2_pre,424,1249,209,636,845,1673,0.5050806933652122,0.4929245283018867,0.5092073658927142,0.5010659470973005,0.0758598220522804,0.469765311034341,1673,0.5206216377764495,0.5424528301886793,0.5244195356285029,0.5231147783849375,False
pooled_xs,readout_prev,O1,424,1249,191,724,915,1673,0.5469216975493126,0.4504716981132075,0.5796637309847879,0.5150677145489977,1.0723178920570162,0.1417886365532061,1673,0.5206216377764495,0.5424528301886793,0.5244195356285029,0.5231147783849375,False
pooled_xs,readout_prev,O1_pre,424,1249,208,624,832,1673,0.4973102211595935,0.490566037735849,0.499599679743795,0.495082858739822,-0.3499361853394908,0.6368067050728687,1673,0.5206216377764495,0.5424528301886793,0.5244195356285029,0.5231147783849375,False
pooled_xs,readout_prev,O2,424,1249,207,658,865,1673,0.5170352659892409,0.4882075471698113,0.5268214571657326,0.5075145021677719,0.5347815090470442,0.2964004754183518,1673,0.5206216377764495,0.5424528301886793,0.5244195356285029,0.5231147783849375,False
within,cell_balanced,A1,424,1249,235,718,953,1673,0.5696353855349672,0.5542452830188679,0.5748598879103283,0.5645525854645981,4.593987505346841,2.174277136857442e-06,1673,0.5206216377764495,0.5424528301886793,0.5244195356285029,0.5231147783849375,True
within,cell_balanced,F1,424,1249,281,787,1068,1673,0.6383741781231321,0.6627358490566038,0.6301040832666133,0.6464199661616086,10.420209976696167,1.002550137133084e-25,1673,0.5206216377764495,0.5424528301886793,0.5244195356285029,0.5231147783849375,True
within,cell_balanced,F1_pre,424,1249,207,633,840,1673,0.502092050209205,0.4882075471698113,0.5068054443554844,0.4975064957626478,-0.1774541984411686,0.570424180720692,1673,0.5206216377764495,0.5424528301886793,0.5244195356285029,0.5231147783849375,False
within,cell_balanced,F2,424,1249,274,767,1041,1673,0.6222355050806934,0.6462264150943396,0.6140912730184147,0.6301588440563772,9.26296133612358,9.941969249485464e-21,1673,0.5206216377764495,0.5424528301886793,0.5244195356285029,0.5231147783849375,True
within,cell_balanced,G1,424,1249,208,639,847,1673,0.5062761506276151,0.490566037735849,0.5116092874299439,0.5010876625828965,0.0774052391534352,0.4691505865240039,1673,0.5206216377764495,0.5424528301886793,0.5244195356285029,0.5231147783849375,False
within,cell_balanced,M1,424,1249,219,691,910,1673,0.5439330543933054,0.5165094339622641,0.5532425940752602,0.5348760140187622,2.482007056500665,0.0065322344079647,1673,0.5206216377764495,0.5424528301886793,0.5244195356285029,0.5231147783849375,True
within,cell_balanced,N1,424,1249,248,708,956,1673,0.5714285714285714,0.5849056603773585,0.5668534827862289,0.5758795715817937,5.400090503718168,3.330364277713788e-08,1673,0.5206216377764495,0.5424528301886793,0.5244195356285029,0.5231147783849375,True
within,cell_balanced,N2,424,1249,266,769,1035,1673,0.6186491332934848,0.6273584905660378,0.6156925540432346,0.6215255223046362,8.648557250343181,2.6077293003207153e-18,1673,0.5206216377764495,0.5424528301886793,0.5244195356285029,0.5231147783849375,True
within,cell_balanced,N2_pre,424,1249,208,642,850,1673,0.5080693365212193,0.490566037735849,0.5140112089671738,0.5022886233515114,0.1628735240520189,0.4353090085935326,1673,0.5206216377764495,0.5424528301886793,0.5244195356285029,0.5231147783849375,False
within,cell_balanced,O1,424,1249,233,671,904,1673,0.5403466826060969,0.5495283018867925,0.5372297838270617,0.5433790428569271,3.0871386396741416,0.0010104665884477,1673,0.5206216377764495,0.5424528301886793,0.5244195356285029,0.5231147783849375,True
within,cell_balanced,O1_pre,424,1249,210,600,810,1673,0.484160191273162,0.4952830188679245,0.4803843074459568,0.4878336631569406,-0.8658367289333104,0.8067101478659875,1673,0.5206216377764495,0.5424528301886793,0.5244195356285029,0.5231147783849375,False
within,cell_balanced,O2,424,1249,245,689,934,1673,0.5582785415421399,0.5778301886792453,0.5516413130504404,0.5647357508648428,4.607022762634836,2.042376508328703e-06,1673,0.5206216377764495,0.5424528301886793,0.5244195356285029,0.5231147783849375,True
within,plain,A1,424,1249,245,733,978,1673,0.5845786013150029,0.5778301886792453,0.5868694955964772,0.5823498421378612,5.860557607814086,2.3065773100342675e-09,1673,0.5206216377764495,0.5424528301886793,0.5244195356285029,0.5231147783849375,True
within,plain,F1,424,1249,287,816,1103,1673,0.6592946802151823,0.6768867924528302,0.6533226581265013,0.6651047252896658,11.74994060416709,3.533425109608093e-32,1673,0.5206216377764495,0.5424528301886793,0.5244195356285029,0.5231147783849375,True
within,plain,F1_pre,424,1249,197,615,812,1673,0.4853556485355648,0.4646226415094339,0.4923939151321057,0.4785082783207698,-1.5294925858069977,0.9369288121596367,1673,0.5206216377764495,0.5424528301886793,0.5244195356285029,0.5231147783849375,False
within,plain,F2,424,1249,278,775,1053,1673,0.6294082486551106,0.6556603773584906,0.6204963971176941,0.6380783872380924,9.826568233709532,4.3258405539137683e-23,1673,0.5206216377764495,0.5424528301886793,0.5244195356285029,0.5231147783849375,True
within,plain,G1,424,1249,215,634,849,1673,0.5074716078900179,0.5070754716981132,0.5076060848678943,0.5073407782830037,0.5224181722378131,0.3006896030617988,1673,0.5206216377764495,0.5424528301886793,0.5244195356285029,0.5231147783849375,False
within,plain,M1,424,1249,217,706,923,1673,0.5517035265989241,0.5117924528301887,0.5652522017614091,0.5385223272957989,2.741502745398725,0.0030579424830456,1673,0.5206216377764495,0.5424528301886793,0.5244195356285029,0.5231147783849375,True
within,plain,N1,424,1249,247,722,969,1673,0.5791990436341901,0.5825471698113207,0.578062449959968,0.5803048098856444,5.715019632114137,5.484567987643431e-09,1673,0.5206216377764495,0.5424528301886793,0.5244195356285029,0.5231147783849375,True
within,plain,N2,424,1249,274,778,1052,1673,0.6288105200239091,0.6462264150943396,0.622898318654924,0.6345623668746319,9.576345047418394,5.026999674342515e-22,1673,0.5206216377764495,0.5424528301886793,0.5244195356285029,0.5231147783849375,True
within,plain,N2_pre,424,1249,205,652,857,1673,0.5122534369396294,0.4834905660377358,0.522017614091273,0.5027540900645044,0.1959992036550114,0.4223053946500162,1673,0.5206216377764495,0.5424528301886793,0.5244195356285029,0.5231147783849375,False
within,plain,O1,424,1249,236,698,934,1673,0.5582785415421399,0.5566037735849056,0.5588470776621297,0.5577254256235177,4.1081218071537045,1.994448631784305e-05,1673,0.5206216377764495,0.5424528301886793,0.5244195356285029,0.5231147783849375,True
within,plain,O1_pre,424,1249,218,630,848,1673,0.5068738792588166,0.5141509433962265,0.5044035228182546,0.5092772331072406,0.6602290624320036,0.2545534223842113,1673,0.5206216377764495,0.5424528301886793,0.5244195356285029,0.5231147783849375,False
within,plain,O2,424,1249,245,706,951,1673,0.5684399282725643,0.5778301886792453,0.5652522017614091,0.5715411952203272,5.091343043726818,1.7776805702764718e-07,1673,0.5206216377764495,0.5424528301886793,0.5244195356285029,0.5231147783849375,True
within,readout_prev,A1,424,1249,194,699,893,1673,0.5337716676628811,0.4575471698113207,0.5596477181745396,0.5085974439929302,0.6118507879610976,0.2703182418970219,1673,0.5206216377764495,0.5424528301886793,0.5244195356285029,0.5231147783849375,False
within,readout_prev,F1,424,1249,194,729,923,1673,0.5517035265989241,0.4575471698113207,0.5836669335468375,0.5206070516790792,1.466533636946958,0.071251482194582,1673,0.5206216377764495,0.5424528301886793,0.5244195356285029,0.5231147783849375,False
within,readout_prev,F1_pre,424,1249,212,626,838,1673,0.5008965929468021,0.5,0.5012009607686149,0.5006004803843074,0.0427341424492878,0.4829567313406527,1673,0.5206216377764495,0.5424528301886793,0.5244195356285029,0.5231147783849375,False
within,readout_prev,F2,424,1249,202,694,896,1673,0.5355648535564853,0.4764150943396226,0.55564451561249,0.5160298049760563,1.140786588842912,0.1269793714384169,1673,0.5206216377764495,0.5424528301886793,0.5244195356285029,0.5231147783849375,False
within,readout_prev,G1,424,1249,209,645,854,1673,0.5104602510460251,0.4929245283018867,0.5164131305044035,0.5046688294031452,0.3322646767480393,0.3698447050152641,1673,0.5206216377764495,0.5424528301886793,0.5244195356285029,0.5231147783849375,False
within,readout_prev,M1,424,1249,198,689,887,1673,0.5301852958756724,0.4669811320754717,0.5516413130504404,0.509311222562956,0.6626479761555418,0.2537780179715329,1673,0.5206216377764495,0.5424528301886793,0.5244195356285029,0.5231147783849375,False
within,readout_prev,N1,424,1249,210,663,873,1673,0.5218170950388523,0.4952830188679245,0.5308246597277823,0.5130538392978534,0.9289972539369856,0.1764452547298857,1673,0.5206216377764495,0.5424528301886793,0.5244195356285029,0.5231147783849375,False
within,readout_prev,N2,424,1249,190,709,899,1673,0.5373580394500896,0.4481132075471698,0.567654123298639,0.5078836654229044,0.5610535997666615,0.2873804991352617,1673,0.5206216377764495,0.5424528301886793,0.5244195356285029,0.5231147783849375,False
within,readout_prev,N2_pre,424,1249,224,634,858,1673,0.5128511655708309,0.5283018867924528,0.5076060848678943,0.5179539858301736,1.2777239824147035,0.1006733830166023,1673,0.5206216377764495,0.5424528301886793,0.5244195356285029,0.5231147783849375,False
within,readout_prev,O1,424,1249,200,640,840,1673,0.502092050209205,0.4716981132075472,0.5124099279423538,0.4920540205749505,-0.5654882749264907,0.7141291514164163,1673,0.5206216377764495,0.5424528301886793,0.5244195356285029,0.5231147783849375,False
within,readout_prev,O1_pre,424,1249,210,642,852,1673,0.5092647937836222,0.4952830188679245,0.5140112089671738,0.5046471139175491,0.3307192596468843,0.3704282765481612,1673,0.5206216377764495,0.5424528301886793,0.5244195356285029,0.5231147783849375,False
within,readout_prev,O2,424,1249,192,677,869,1673,0.5194261805140467,0.4528301886792453,0.5420336269015212,0.4974319077903832,-0.1827623702233891,0.5725077622720717,1673,0.5206216377764495,0.5424528301886793,0.5244195356285029,0.5231147783849375,False
