subject,mu_LI,mu_p,beta_LI,beta_p,label,thr_binom,acc_A1,acc_A1_pre,acc_F1,acc_F1_pre,acc_F2,acc_G1,acc_G1_pre,acc_M1,acc_M1_pre,acc_N1,acc_N1_pre,acc_N2,acc_N2_pre,acc_O1,acc_O1_pre,acc_O2,acc_O2_pre,acc_R1,acc_R12,acc_R2
70,0.83780245230086,0.0001999800019998,0.5750780229787944,9.999000099990002e-05,present,0.6444444444444445,0.6444444444444445,0.4888888888888889,0.7777777777777778,0.4666666666666667,0.8444444444444444,0.5555555555555556,0.5777777777777777,0.6666666666666666,0.4666666666666667,0.6444444444444445,0.5555555555555556,0.5777777777777777,0.6,0.4,0.5555555555555556,0.6222222222222222,0.4444444444444444,0.4888888888888889,0.7555555555555555,0.8
71,0.9933943610740156,9.999000099990002e-05,0.3861532436080727,0.0005999400059994,present,0.6444444444444445,0.6444444444444445,0.5333333333333333,0.9111111111111111,0.5111111111111111,0.8444444444444444,0.4666666666666667,0.4444444444444444,0.7111111111111111,0.5777777777777777,0.5777777777777777,0.4666666666666667,0.8,0.4888888888888889,0.7111111111111111,0.4444444444444444,0.4666666666666667,0.5333333333333333,0.5111111111111111,0.8,0.8
72,0.5278011439778658,9.999000099990002e-05,0.54930109772664,9.999000099990002e-05,present,0.6511627906976745,0.7906976744186046,0.6511627906976745,0.7674418604651163,0.6046511627906976,0.627906976744186,0.46511627906976744,0.5116279069767442,0.7674418604651163,0.5813953488372093,0.7209302325581395,0.5348837209302325,0.6511627906976745,0.5348837209302325,0.5813953488372093,0.32558139534883723,0.5813953488372093,0.5813953488372093,0.46511627906976744,0.7209302325581395,0.7209302325581395
73,0.0105509302359945,0.4774522547745225,0.0689395017294269,0.0526947305269473,absent,0.6428571428571429,0.5476190476190477,0.5476190476190477,0.5476190476190477,0.5476190476190477,0.5714285714285714,0.5,0.47619047619047616,0.5476190476190477,0.4523809523809524,0.5476190476190477,0.5476190476190477,0.40476190476190477,0.5714285714285714,0.35714285714285715,0.4523809523809524,0.6190476190476191,0.5238095238095238,0.5,0.7142857142857143,0.7142857142857143
74,0.0233450218915581,0.4078592140785921,0.0890851742570616,0.1480851914808519,absent,0.6511627906976745,0.5348837209302325,0.3488372093023256,0.6976744186046512,0.6046511627906976,0.627906976744186,0.5813953488372093,0.5581395348837209,0.5581395348837209,0.4883720930232558,0.5348837209302325,0.3023255813953488,0.7209302325581395,0.4883720930232558,0.7209302325581395,0.37209302325581395,0.6511627906976745,0.4186046511627907,0.5348837209302325,0.7674418604651163,0.7441860465116279
75,0.4346441766941277,9.999000099990002e-05,0.3599990818654293,0.0706929307069293,present,0.6444444444444445,0.6444444444444445,0.4444444444444444,0.5111111111111111,0.5333333333333333,0.6444444444444445,0.4888888888888889,0.5777777777777777,0.6222222222222222,0.37777777777777777,0.5777777777777777,0.5555555555555556,0.4888888888888889,0.6666666666666666,0.5777777777777777,0.6666666666666666,0.5777777777777777,0.5777777777777777,0.5555555555555556,0.8,0.8
76,0.1512362710191027,0.217978202179782,1.0,0.3114688531146885,absent,0.6428571428571429,0.6428571428571429,0.6190476190476191,0.5714285714285714,0.5,0.6666666666666666,0.5,0.38095238095238093,0.5238095238095238,0.5,0.5952380952380952,0.5952380952380952,0.6190476190476191,0.5238095238095238,0.6428571428571429,0.5714285714285714,0.5238095238095238,0.4523809523809524,0.5,0.8095238095238095,0.7857142857142857
77,0.1096668816990762,0.3192680731926807,-0.0715705735572611,0.5601439856014399,absent,0.6444444444444445,0.4888888888888889,0.5111111111111111,0.7333333333333333,0.6444444444444445,0.5333333333333333,0.6,0.4888888888888889,0.5333333333333333,0.37777777777777777,0.6,0.6444444444444445,0.6666666666666666,0.4666666666666667,0.5111111111111111,0.4222222222222222,0.6,0.6222222222222222,0.4888888888888889,0.6666666666666666,0.6888888888888889
78,0.5367203621440809,0.0297970202979702,0.1086872338684267,0.3427657234276572,absent,0.6444444444444445,0.6,0.5111111111111111,0.6444444444444445,0.37777777777777777,0.6,0.4444444444444444,0.4444444444444444,0.5777777777777777,0.5777777777777777,0.6,0.5333333333333333,0.5111111111111111,0.4888888888888889,0.6444444444444445,0.5555555555555556,0.5777777777777777,0.4666666666666667,0.4444444444444444,0.7111111111111111,0.6888888888888889
79,0.2336162331463548,0.2256774322567743,0.166841565125111,0.3583641635836416,absent,0.6444444444444445,0.5555555555555556,0.5555555555555556,0.5111111111111111,0.35555555555555557,0.5333333333333333,0.4222222222222222,0.4888888888888889,0.5111111111111111,0.4444444444444444,0.5777777777777777,0.5111111111111111,0.4888888888888889,0.6,0.4222222222222222,0.6222222222222222,0.5333333333333333,0.4888888888888889,0.5111111111111111,0.6444444444444445,0.7333333333333333
80,0.1041080214912941,0.1800819918008199,0.08564928988628,0.1510848915108489,absent,0.6444444444444445,0.5555555555555556,0.4666666666666667,0.6888888888888889,0.5333333333333333,0.6888888888888889,0.5555555555555556,0.37777777777777777,0.5333333333333333,0.4888888888888889,0.5555555555555556,0.5333333333333333,0.7555555555555555,0.5111111111111111,0.5555555555555556,0.5555555555555556,0.6,0.4,0.4888888888888889,0.7333333333333333,0.7333333333333333
81,0.4068745431435881,0.2652734726527347,0.4605043790319091,0.03999600039996,absent,0.6444444444444445,0.26666666666666666,0.4222222222222222,0.8222222222222222,0.6,0.6888888888888889,0.6222222222222222,0.5333333333333333,0.3333333333333333,0.5111111111111111,0.4,0.4444444444444444,0.7333333333333333,0.6222222222222222,0.6666666666666666,0.6,0.37777777777777777,0.4444444444444444,0.4444444444444444,0.5777777777777777,0.5777777777777777
82,0.1010074147105191,0.0410958904109589,0.2028382995512489,0.0350964903509649,absent,0.6444444444444445,0.6444444444444445,0.5111111111111111,0.6444444444444445,0.6,0.7777777777777778,0.6,0.5555555555555556,0.6222222222222222,0.5777777777777777,0.5777777777777777,0.5111111111111111,0.5777777777777777,0.4666666666666667,0.6222222222222222,0.4666666666666667,0.6,0.4222222222222222,0.4666666666666667,0.8,0.8
83,0.0985469996832344,0.140985901409859,0.3801389090937903,0.0032996700329967,present,0.6444444444444445,0.4444444444444444,0.5555555555555556,0.4888888888888889,0.5111111111111111,0.5555555555555556,0.37777777777777777,0.4444444444444444,0.5333333333333333,0.5777777777777777,0.4444444444444444,0.5111111111111111,0.4444444444444444,0.4888888888888889,0.5111111111111111,0.37777777777777777,0.4222222222222222,0.5111111111111111,0.4222222222222222,0.6222222222222222,0.6888888888888889
84,0.453713042002659,0.000999900009999,0.1695111116944475,0.0008999100089991,present,0.6444444444444445,0.6,0.6222222222222222,0.7555555555555555,0.5555555555555556,0.6888888888888889,0.4444444444444444,0.6444444444444445,0.6,0.6,0.5555555555555556,0.5555555555555556,0.6222222222222222,0.6,0.4,0.5111111111111111,0.4444444444444444,0.4222222222222222,0.4888888888888889,0.5333333333333333,0.4666666666666667
85,1.0,9.999000099990002e-05,1.0,9.999000099990002e-05,present,0.6444444444444445,0.8222222222222222,0.4,0.5777777777777777,0.35555555555555557,0.6,0.4222222222222222,0.5333333333333333,0.8888888888888888,0.5333333333333333,0.7333333333333333,0.4666666666666667,0.7111111111111111,0.3111111111111111,0.6666666666666666,0.4222222222222222,0.7777777777777778,0.35555555555555557,0.5555555555555556,0.7777777777777778,0.7333333333333333
86,-0.5340891502533895,0.7177282271772822,1.0,0.1454854514548545,absent,0.6444444444444445,0.5555555555555556,0.4,0.7777777777777778,0.4888888888888889,0.7555555555555555,0.5777777777777777,0.4222222222222222,0.3333333333333333,0.4444444444444444,0.6,0.28888888888888886,0.7111111111111111,0.4444444444444444,0.5777777777777777,0.4888888888888889,0.7333333333333333,0.4444444444444444,0.4888888888888889,0.6222222222222222,0.6
87,-0.1206253987948921,0.628937106289371,-0.0790921869028028,0.6299370062993701,absent,0.6444444444444445,0.4444444444444444,0.37777777777777777,0.6,0.4666666666666667,0.5555555555555556,0.4666666666666667,0.5111111111111111,0.4,0.37777777777777777,0.4222222222222222,0.4222222222222222,0.5111111111111111,0.4222222222222222,0.3333333333333333,0.37777777777777777,0.6,0.5111111111111111,0.5111111111111111,0.6666666666666666,0.7777777777777778
88,0.5952917582418132,0.0850914908509149,0.435149912022943,0.363963603639636,absent,0.6296296296296297,0.5925925925925926,0.5925925925925926,0.6851851851851852,0.37037037037037035,0.4444444444444444,0.46296296296296297,0.5925925925925926,0.5370370370370371,0.5185185185185185,0.4444444444444444,0.5925925925925926,0.7222222222222222,0.35185185185185186,0.7037037037037037,0.4444444444444444,0.46296296296296297,0.5740740740740741,0.5,0.6481481481481481,0.5925925925925926
89,-0.0111488975983083,0.6104389561043896,0.2173600934754425,0.0058994100589941,present,0.6444444444444445,0.5555555555555556,0.4888888888888889,0.6444444444444445,0.5333333333333333,0.5555555555555556,0.5111111111111111,0.4888888888888889,0.37777777777777777,0.37777777777777777,0.6,0.5111111111111111,0.6666666666666666,0.5555555555555556,0.7111111111111111,0.6,0.6222222222222222,0.3111111111111111,0.5111111111111111,0.8,0.8222222222222222
90,-0.2164095395139165,0.8524147585241476,0.1298100261325004,0.3238676132386761,absent,0.6444444444444445,0.6222222222222222,0.4,0.6666666666666666,0.4222222222222222,0.7333333333333333,0.5111111111111111,0.4,0.4444444444444444,0.4444444444444444,0.6222222222222222,0.37777777777777777,0.6888888888888889,0.5333333333333333,0.6666666666666666,0.6222222222222222,0.6666666666666666,0.4666666666666667,0.4888888888888889,0.7555555555555555,0.7555555555555555
91,0.1019408323537501,0.2314768523147685,0.1508568624407055,0.2412758724127587,absent,0.6444444444444445,0.4,0.35555555555555557,0.7555555555555555,0.5111111111111111,0.6,0.4444444444444444,0.5333333333333333,0.4,0.4666666666666667,0.35555555555555557,0.3333333333333333,0.7333333333333333,0.5555555555555556,0.6888888888888889,0.6,0.35555555555555557,0.5333333333333333,0.4666666666666667,0.6444444444444445,0.6
92,1.0,0.0090990900909909,1.0,0.0104989501049895,present,0.6296296296296297,0.6111111111111112,0.5925925925925926,0.7407407407407407,0.46296296296296297,0.7777777777777778,0.5185185185185185,0.3888888888888889,0.5370370370370371,0.6666666666666666,0.6296296296296297,0.42592592592592593,0.6666666666666666,0.42592592592592593,0.5185185185185185,0.42592592592592593,0.5555555555555556,0.48148148148148145,0.5,0.6851851851851852,0.7037037037037037
93,0.5422009536534109,9.999000099990002e-05,0.3495929881647281,0.0001999800019998,present,0.6444444444444445,0.7111111111111111,0.4888888888888889,0.6222222222222222,0.4666666666666667,0.6222222222222222,0.6,0.35555555555555557,0.5777777777777777,0.5111111111111111,0.6444444444444445,0.4222222222222222,0.6222222222222222,0.6,0.5555555555555556,0.5777777777777777,0.6,0.4666666666666667,0.5111111111111111,0.7333333333333333,0.7555555555555555
94,0.8971082162507236,9.999000099990002e-05,0.6246592735828052,9.999000099990002e-05,present,0.6444444444444445,0.8,0.5111111111111111,0.5777777777777777,0.5555555555555556,0.7111111111111111,0.5555555555555556,0.4222222222222222,0.6666666666666666,0.4888888888888889,0.7333333333333333,0.4666666666666667,0.6,0.6222222222222222,0.5777777777777777,0.5111111111111111,0.6,0.4,0.4888888888888889,0.7333333333333333,0.7555555555555555
95,1.0,0.0522947705229477,1.0,0.0032996700329967,present,0.6444444444444445,0.6,0.4666666666666667,0.6,0.4444444444444444,0.6444444444444445,0.4888888888888889,0.3111111111111111,0.4222222222222222,0.4222222222222222,0.4888888888888889,0.5777777777777777,0.6,0.4444444444444444,0.5111111111111111,0.4222222222222222,0.6222222222222222,0.4888888888888889,0.4222222222222222,0.5555555555555556,0.5777777777777777
96,-0.0110411260190648,0.4807519248075192,-0.0456973147553151,0.83991600839916,absent,0.6444444444444445,0.6222222222222222,0.3333333333333333,0.8,0.4222222222222222,0.7111111111111111,0.5777777777777777,0.4222222222222222,0.6444444444444445,0.3333333333333333,0.5555555555555556,0.3111111111111111,0.7555555555555555,0.5333333333333333,0.6222222222222222,0.5333333333333333,0.6222222222222222,0.4444444444444444,0.5111111111111111,0.5777777777777777,0.5555555555555556
97,0.0564602754833586,0.4378562143785621,1.0,0.3923607639236076,absent,0.6444444444444445,0.7333333333333333,0.5333333333333333,0.6444444444444445,0.26666666666666666,0.5111111111111111,0.35555555555555557,0.4666666666666667,0.7333333333333333,0.5333333333333333,0.7555555555555555,0.5111111111111111,0.5111111111111111,0.4888888888888889,0.3111111111111111,0.6444444444444445,0.6888888888888889,0.37777777777777777,0.5111111111111111,0.7111111111111111,0.7333333333333333
98,0.0480494768317456,0.3471652834716528,0.072790841697844,0.3136686331366863,absent,0.6444444444444445,0.4666666666666667,0.5777777777777777,0.6444444444444445,0.37777777777777777,0.4,0.5111111111111111,0.4888888888888889,0.4,0.5111111111111111,0.5111111111111111,0.5555555555555556,0.5333333333333333,0.5111111111111111,0.5777777777777777,0.5555555555555556,0.5111111111111111,0.5111111111111111,0.4888888888888889,0.6,0.6222222222222222
99,-0.3398206102660368,0.8446155384461553,-0.1182242384505592,0.6624337566243376,absent,0.6444444444444445,0.5555555555555556,0.35555555555555557,0.5333333333333333,0.5111111111111111,0.5777777777777777,0.4666666666666667,0.6,0.6222222222222222,0.35555555555555557,0.5555555555555556,0.4,0.4888888888888889,0.4666666666666667,0.5555555555555556,0.5111111111111111,0.5333333333333333,0.5333333333333333,0.4666666666666667,0.6222222222222222,0.6222222222222222
100,0.0327617411050915,0.4287571242875712,-0.4154448707247572,0.9896010398960104,absent,0.6666666666666666,0.4444444444444444,0.4722222222222222,0.6388888888888888,0.4444444444444444,0.6111111111111112,0.3888888888888889,0.4722222222222222,0.3055555555555556,0.4722222222222222,0.4722222222222222,0.5555555555555556,0.5833333333333334,0.5,0.7222222222222222,0.3888888888888889,0.4722222222222222,0.4722222222222222,0.5,0.8611111111111112,0.8333333333333334
101,-0.2757844439691103,0.7646235376462354,-0.0949620690560009,0.5893410658934106,absent,0.6444444444444445,0.5555555555555556,0.6,0.9333333333333333,0.4666666666666667,0.9777777777777777,0.5777777777777777,0.4444444444444444,0.4444444444444444,0.5111111111111111,0.6,0.4888888888888889,0.8888888888888888,0.5111111111111111,0.7333333333333333,0.6222222222222222,0.4888888888888889,0.5555555555555556,0.4888888888888889,0.7111111111111111,0.7111111111111111
102,0.0599873336014742,0.1344865513448655,0.2338684011357664,9.999000099990002e-05,present,0.6428571428571429,0.5476190476190477,0.5952380952380952,0.6666666666666666,0.5,0.5714285714285714,0.5714285714285714,0.3333333333333333,0.6190476190476191,0.5952380952380952,0.6190476190476191,0.5238095238095238,0.5714285714285714,0.3333333333333333,0.5238095238095238,0.40476190476190477,0.5238095238095238,0.6666666666666666,0.5238095238095238,0.7857142857142857,0.8333333333333334
103,0.2464253601114623,0.043995600439956,0.2309631824342547,0.1084891510848915,absent,0.6444444444444445,0.6222222222222222,0.5333333333333333,0.6666666666666666,0.4222222222222222,0.6222222222222222,0.4666666666666667,0.4666666666666667,0.6444444444444445,0.5555555555555556,0.5333333333333333,0.5111111111111111,0.6666666666666666,0.5555555555555556,0.26666666666666666,0.5777777777777777,0.5111111111111111,0.4,0.4444444444444444,0.6222222222222222,0.6444444444444445
104,0.0518048804064251,0.3286671332866713,0.0704976395159224,0.2565743425657434,absent,0.6428571428571429,0.7142857142857143,0.5238095238095238,0.5476190476190477,0.47619047619047616,0.6666666666666666,0.4523809523809524,0.38095238095238093,0.5476190476190477,0.47619047619047616,0.5714285714285714,0.38095238095238093,0.6666666666666666,0.5476190476190477,0.5952380952380952,0.5238095238095238,0.6666666666666666,0.4523809523809524,0.5,0.7142857142857143,0.6666666666666666
105,0.0547344813404354,0.1983801619838016,0.0502266422842653,0.2872712728727127,absent,0.6444444444444445,0.6666666666666666,0.4888888888888889,0.9333333333333333,0.4666666666666667,0.7111111111111111,0.5555555555555556,0.5333333333333333,0.6,0.37777777777777777,0.7333333333333333,0.4666666666666667,0.8888888888888888,0.5777777777777777,0.7555555555555555,0.5111111111111111,0.7111111111111111,0.5111111111111111,0.5111111111111111,0.7111111111111111,0.7111111111111111
106,0.0998874949310782,0.0588941105889411,0.056742794405375,0.1744825517448255,absent,0.6444444444444445,0.6888888888888889,0.5111111111111111,0.4666666666666667,0.4444444444444444,0.6222222222222222,0.5333333333333333,0.5333333333333333,0.5555555555555556,0.5111111111111111,0.6444444444444445,0.4888888888888889,0.5333333333333333,0.4888888888888889,0.4444444444444444,0.4888888888888889,0.7333333333333333,0.5555555555555556,0.5333333333333333,0.6222222222222222,0.6888888888888889
107,0.508568689764593,0.1267873212678732,0.4775836106177506,0.3045695430456954,absent,0.6444444444444445,0.37777777777777777,0.5333333333333333,0.4444444444444444,0.4444444444444444,0.4222222222222222,0.5333333333333333,0.5111111111111111,0.4888888888888889,0.5111111111111111,0.4,0.6222222222222222,0.5111111111111111,0.3333333333333333,0.4666666666666667,0.4222222222222222,0.4666666666666667,0.4222222222222222,0.5333333333333333,0.8222222222222222,0.8222222222222222
108,0.8906847481539181,9.999000099990002e-05,1.0,0.000999900009999,present,0.6444444444444445,0.7333333333333333,0.4,0.6666666666666666,0.5555555555555556,0.4222222222222222,0.6444444444444445,0.4444444444444444,0.5777777777777777,0.6222222222222222,0.6888888888888889,0.37777777777777777,0.6444444444444445,0.5777777777777777,0.5111111111111111,0.5111111111111111,0.6444444444444445,0.4444444444444444,0.5111111111111111,0.6222222222222222,0.6888888888888889
109,-0.1250991982345983,0.5924407559244076,0.0230752494047936,0.4586541345865413,absent,0.6444444444444445,0.5111111111111111,0.4888888888888889,0.6444444444444445,0.5555555555555556,0.6888888888888889,0.5111111111111111,0.4444444444444444,0.5555555555555556,0.5555555555555556,0.6888888888888889,0.4222222222222222,0.7111111111111111,0.6222222222222222,0.6666666666666666,0.6222222222222222,0.5777777777777777,0.4666666666666667,0.5111111111111111,0.7555555555555555,0.7777777777777778
