decoder,mean_acc,n_above,n_subj,perm_false_pos,expected_by_chance,p_excess,pooled_xs_acc,pooled_thr,pooled_p_perm
A1,0.5889860957302818,14,40,0.05775,2.0,4.103351031604262e-09,0.5538204127161183,0.5197992191857222,0.009900990099009901
A1_pre,0.495244708994709,1,40,0.06575,2.0,0.8714878434348967,0.524261015058561,0.5197992191857222,0.0297029702970297
F1,0.6638038329026701,25,40,0.064625,2.0,5.72733586697936e-23,0.7189068600111544,0.5197992191857222,0.009900990099009901
F1_pre,0.484438907345884,1,40,0.065,2.0,0.8714878434348967,0.48243167875069715,0.5197992191857222,0.7920792079207921
F2,0.6352445551864156,18,40,0.06675,2.0,1.4895565666119027e-13,0.7534857780256553,0.5197992191857222,0.009900990099009901
G1,0.508239510274394,1,40,0.027375,2.0,0.8714878434348967,0.4963747908533185,0.5197992191857222,0.7821782178217822
G1_pre,0.47515027070259624,1,40,0.039375,2.0,0.8714878434348967,0.49302844394868933,0.5197992191857222,0.8415841584158416
M1,0.5491382121323982,8,40,0.066875,2.0,0.0007115084380675609,0.5460122699386503,0.5197992191857222,0.009900990099009901
M1_pre,0.4943301648824905,1,40,0.06725,2.0,0.8714878434348967,0.5220301171221416,0.5197992191857222,0.019801980198019802
N1,0.5778305340223945,11,40,0.05600000000000001,2.0,2.9156483835585195e-06,0.5409927495817066,0.5197992191857222,0.009900990099009901
N1_pre,0.4825836717115787,1,40,0.060250000000000005,2.0,0.8714878434348967,0.49302844394868933,0.5197992191857222,0.7029702970297029
N2,0.6312666112956811,20,40,0.07312500000000001,2.0,4.960102241653534e-16,0.7060791968767429,0.5197992191857222,0.009900990099009901
N2_pre,0.5108194905869324,1,40,0.0705,2.0,0.8714878434348967,0.4880089235917457,0.5197992191857222,0.8217821782178217
O1,0.5647009966777409,14,40,0.0735,2.0,4.103351031604262e-09,0.5934188510875628,0.5197992191857222,0.009900990099009901
O1_pre,0.5077328657561215,2,40,0.07112500000000001,2.0,0.6009359348767851,0.49693251533742333,0.5197992191857222,0.5544554455445545
O2,0.5736380275624462,9,40,0.058125,2.0,0.00012958184849086517,0.5264919129949804,0.5197992191857222,0.009900990099009901
O2_pre,0.47890873015873014,1,40,0.065125,2.0,0.8714878434348967,0.5036252091466815,0.5197992191857222,0.43564356435643564
R1,0.4947619047619048,0,40,0.06275,2.0,1.0,0.5080870050195203,0.5197992191857222,0.39603960396039606
R12,0.7004434293097084,29,40,0.074875,2.0,2.4973721288331513e-29,0.7261572783045176,0.5197992191857222,0.009900990099009901
R2,0.7082019810508182,31,40,0.08299999999999999,2.0,8.145282245909782e-33,0.7255995538204127,0.5197992191857222,0.009900990099009901
