subject,decoder,scheme,regime,rep_n,alt_n,rep_c,alt_c,ok_c,ok_n
70,F1,plain,within,9,33,9,24,33,42
70,F1,cell_balanced,within,9,33,9,24,33,42
70,F1,readout_prev,within,9,33,3,25,28,42
70,F1_pre,plain,within,9,33,6,14,20,42
70,F1_pre,cell_balanced,within,9,33,6,16,22,42
70,F1_pre,readout_prev,within,9,33,1,8,9,42
70,F2,plain,within,9,33,7,28,35,42
70,F2,cell_balanced,within,9,33,7,26,33,42
70,F2,readout_prev,within,9,33,2,22,24,42
70,O1,plain,within,9,33,3,15,18,42
70,O1,cell_balanced,within,9,33,3,16,19,42
70,O1,readout_prev,within,9,33,6,18,24,42
70,O1_pre,plain,within,9,33,6,17,23,42
70,O1_pre,cell_balanced,within,9,33,4,17,21,42
70,O1_pre,readout_prev,within,9,33,5,17,22,42
70,O2,plain,within,9,33,7,18,25,42
70,O2,cell_balanced,within,9,33,6,19,25,42
70,O2,readout_prev,within,9,33,3,14,17,42
70,G1,plain,within,9,33,4,19,23,42
70,G1,cell_balanced,within,9,33,6,19,25,42
70,G1,readout_prev,within,9,33,5,20,25,42
70,N1,plain,within,9,33,5,21,26,42
70,N1,cell_balanced,within,9,33,6,22,28,42
70,N1,readout_prev,within,9,33,4,21,25,42
70,N2,plain,within,9,33,7,18,25,42
70,N2,cell_balanced,within,9,33,8,18,26,42
70,N2,readout_prev,within,9,33,6,24,30,42
70,N2_pre,plain,within,9,33,6,20,26,42
70,N2_pre,cell_balanced,within,9,33,6,19,25,42
70,N2_pre,readout_prev,within,9,33,1,12,13,42
70,M1,plain,within,9,33,8,19,27,42
70,M1,cell_balanced,within,9,33,6,18,24,42
70,M1,readout_prev,within,9,33,3,16,19,42
70,A1,plain,within,9,33,9,17,26,42
70,A1,cell_balanced,within,9,33,9,22,31,42
70,A1,readout_prev,within,9,33,3,15,18,42
71,F1,plain,within,7,35,6,32,38,42
71,F1,cell_balanced,within,7,35,6,29,35,42
71,F1,readout_prev,within,7,35,1,29,30,42
71,F1_pre,plain,within,7,35,5,18,23,42
71,F1_pre,cell_balanced,within,7,35,6,24,30,42
71,F1_pre,readout_prev,within,7,35,1,19,20,42
71,F2,plain,within,7,35,5,30,35,42
71,F2,cell_balanced,within,7,35,4,29,33,42
71,F2,readout_prev,within,7,35,2,23,25,42
71,O1,plain,within,7,35,7,22,29,42
71,O1,cell_balanced,within,7,35,5,18,23,42
71,O1,readout_prev,within,7,35,3,16,19,42
71,O1_pre,plain,within,7,35,5,14,19,42
71,O1_pre,cell_balanced,within,7,35,4,13,17,42
71,O1_pre,readout_prev,within,7,35,2,15,17,42
71,O2,plain,within,7,35,5,15,20,42
71,O2,cell_balanced,within,7,35,5,19,24,42
71,O2,readout_prev,within,7,35,3,19,22,42
71,G1,plain,within,7,35,2,17,19,42
71,G1,cell_balanced,within,7,35,4,16,20,42
71,G1,readout_prev,within,7,35,3,19,22,42
71,N1,plain,within,7,35,3,21,24,42
71,N1,cell_balanced,within,7,35,2,18,20,42
71,N1,readout_prev,within,7,35,5,20,25,42
71,N2,plain,within,7,35,6,27,33,42
71,N2,cell_balanced,within,7,35,7,29,36,42
71,N2,readout_prev,within,7,35,2,23,25,42
71,N2_pre,plain,within,7,35,4,18,22,42
71,N2_pre,cell_balanced,within,7,35,5,18,23,42
71,N2_pre,readout_prev,within,7,35,1,15,16,42
71,M1,plain,within,7,35,4,25,29,42
71,M1,cell_balanced,within,7,35,4,20,24,42
71,M1,readout_prev,within,7,35,3,24,27,42
71,A1,plain,within,7,35,3,23,26,42
71,A1,cell_balanced,within,7,35,3,19,22,42
71,A1,readout_prev,within,7,35,6,25,31,42
72,F1,plain,within,10,30,8,22,30,40
72,F1,cell_balanced,within,10,30,7,21,28,40
72,F1,readout_prev,within,10,30,0,16,16,40
72,F1_pre,plain,within,10,30,6,20,26,40
72,F1_pre,cell_balanced,within,10,30,4,21,25,40
72,F1_pre,readout_prev,within,10,30,2,17,19,40
72,F2,plain,within,10,30,7,20,27,40
72,F2,cell_balanced,within,10,30,6,18,24,40
72,F2,readout_prev,within,10,30,7,17,24,40
72,O1,plain,within,10,30,5,19,24,40
72,O1,cell_balanced,within,10,30,5,22,27,40
72,O1,readout_prev,within,10,30,4,17,21,40
72,O1_pre,plain,within,10,30,2,10,12,40
72,O1_pre,cell_balanced,within,10,30,4,15,19,40
72,O1_pre,readout_prev,within,10,30,6,13,19,40
72,O2,plain,within,10,30,8,16,24,40
72,O2,cell_balanced,within,10,30,8,20,28,40
72,O2,readout_prev,within,10,30,2,17,19,40
72,G1,plain,within,10,30,4,16,20,40
72,G1,cell_balanced,within,10,30,6,16,22,40
72,G1,readout_prev,within,10,30,4,13,17,40
72,N1,plain,within,10,30,6,23,29,40
72,N1,cell_balanced,within,10,30,7,20,27,40
72,N1,readout_prev,within,10,30,5,20,25,40
72,N2,plain,within,10,30,6,20,26,40
72,N2,cell_balanced,within,10,30,7,20,27,40
72,N2,readout_prev,within,10,30,2,14,16,40
72,N2_pre,plain,within,10,30,4,18,22,40
72,N2_pre,cell_balanced,within,10,30,4,20,24,40
72,N2_pre,readout_prev,within,10,30,3,17,20,40
72,M1,plain,within,10,30,5,25,30,40
72,M1,cell_balanced,within,10,30,5,26,31,40
72,M1,readout_prev,within,10,30,3,25,28,40
72,A1,plain,within,10,30,6,25,31,40
72,A1,cell_balanced,within,10,30,6,24,30,40
72,A1,readout_prev,within,10,30,3,24,27,40
73,F1,plain,within,10,29,7,13,20,39
73,F1,cell_balanced,within,10,29,6,14,20,39
73,F1,readout_prev,within,10,29,6,13,19,39
73,F1_pre,plain,within,10,29,6,14,20,39
73,F1_pre,cell_balanced,within,10,29,6,13,19,39
73,F1_pre,readout_prev,within,10,29,5,16,21,39
73,F2,plain,within,10,29,6,15,21,39
73,F2,cell_balanced,within,10,29,5,18,23,39
73,F2,readout_prev,within,10,29,4,16,20,39
73,O1,plain,within,10,29,5,8,13,39
73,O1,cell_balanced,within,10,29,6,8,14,39
73,O1,readout_prev,within,10,29,6,7,13,39
73,O1_pre,plain,within,10,29,7,11,18,39
73,O1_pre,cell_balanced,within,10,29,6,10,16,39
73,O1_pre,readout_prev,within,10,29,7,11,18,39
73,O2,plain,within,10,29,5,19,24,39
73,O2,cell_balanced,within,10,29,5,19,24,39
73,O2,readout_prev,within,10,29,4,17,21,39
73,G1,plain,within,10,29,3,17,20,39
73,G1,cell_balanced,within,10,29,2,17,19,39
73,G1,readout_prev,within,10,29,5,15,20,39
73,N1,plain,within,10,29,6,16,22,39
73,N1,cell_balanced,within,10,29,5,16,21,39
73,N1,readout_prev,within,10,29,5,14,19,39
73,N2,plain,within,10,29,7,8,15,39
73,N2,cell_balanced,within,10,29,5,9,14,39
73,N2,readout_prev,within,10,29,5,7,12,39
73,N2_pre,plain,within,10,29,5,17,22,39
73,N2_pre,cell_balanced,within,10,29,6,15,21,39
73,N2_pre,readout_prev,within,10,29,5,18,23,39
73,M1,plain,within,10,29,5,17,22,39
73,M1,cell_balanced,within,10,29,5,17,22,39
73,M1,readout_prev,within,10,29,6,17,23,39
73,A1,plain,within,10,29,7,14,21,39
73,A1,cell_balanced,within,10,29,4,15,19,39
73,A1,readout_prev,within,10,29,4,18,22,39
74,F1,plain,within,9,31,6,22,28,40
74,F1,cell_balanced,within,9,31,4,22,26,40
74,F1,readout_prev,within,9,31,3,21,24,40
74,F1_pre,plain,within,9,31,4,20,24,40
74,F1_pre,cell_balanced,within,9,31,4,19,23,40
74,F1_pre,readout_prev,within,9,31,3,14,17,40
74,F2,plain,within,9,31,4,20,24,40
74,F2,cell_balanced,within,9,31,5,20,25,40
74,F2,readout_prev,within,9,31,3,19,22,40
74,O1,plain,within,9,31,6,23,29,40
74,O1,cell_balanced,within,9,31,7,20,27,40
74,O1,readout_prev,within,9,31,3,16,19,40
74,O1_pre,plain,within,9,31,6,9,15,40
74,O1_pre,cell_balanced,within,9,31,4,14,18,40
74,O1_pre,readout_prev,within,9,31,4,12,16,40
74,O2,plain,within,9,31,5,21,26,40
74,O2,cell_balanced,within,9,31,5,18,23,40
74,O2,readout_prev,within,9,31,4,19,23,40
74,G1,plain,within,9,31,7,17,24,40
74,G1,cell_balanced,within,9,31,6,12,18,40
74,G1,readout_prev,within,9,31,4,16,20,40
74,N1,plain,within,9,31,3,19,22,40
74,N1,cell_balanced,within,9,31,4,19,23,40
74,N1,readout_prev,within,9,31,5,19,24,40
74,N2,plain,within,9,31,6,22,28,40
74,N2,cell_balanced,within,9,31,7,22,29,40
74,N2,readout_prev,within,9,31,3,19,22,40
74,N2_pre,plain,within,9,31,3,18,21,40
74,N2_pre,cell_balanced,within,9,31,1,18,19,40
74,N2_pre,readout_prev,within,9,31,3,16,19,40
74,M1,plain,within,9,31,3,20,23,40
74,M1,cell_balanced,within,9,31,5,15,20,40
74,M1,readout_prev,within,9,31,6,19,25,40
74,A1,plain,within,9,31,2,20,22,40
74,A1,cell_balanced,within,9,31,4,20,24,40
74,A1,readout_prev,within,9,31,4,21,25,40
75,F1,plain,within,8,34,6,16,22,42
75,F1,cell_balanced,within,8,34,7,18,25,42
75,F1,readout_prev,within,8,34,5,14,19,42
75,F1_pre,plain,within,8,34,6,16,22,42
75,F1_pre,cell_balanced,within,8,34,7,17,24,42
75,F1_pre,readout_prev,within,8,34,3,12,15,42
75,F2,plain,within,8,34,6,20,26,42
75,F2,cell_balanced,within,8,34,6,19,25,42
75,F2,readout_prev,within,8,34,4,18,22,42
75,O1,plain,within,8,34,5,20,25,42
75,O1,cell_balanced,within,8,34,6,19,25,42
75,O1,readout_prev,within,8,34,5,18,23,42
75,O1_pre,plain,within,8,34,6,23,29,42
75,O1_pre,cell_balanced,within,8,34,6,21,27,42
75,O1_pre,readout_prev,within,8,34,4,22,26,42
75,O2,plain,within,8,34,7,19,26,42
75,O2,cell_balanced,within,8,34,6,21,27,42
75,O2,readout_prev,within,8,34,3,20,23,42
75,G1,plain,within,8,34,4,16,20,42
75,G1,cell_balanced,within,8,34,3,15,18,42
75,G1,readout_prev,within,8,34,4,17,21,42
75,N1,plain,within,8,34,5,21,26,42
75,N1,cell_balanced,within,8,34,6,23,29,42
75,N1,readout_prev,within,8,34,3,21,24,42
75,N2,plain,within,8,34,6,15,21,42
75,N2,cell_balanced,within,8,34,6,19,25,42
75,N2,readout_prev,within,8,34,4,15,19,42
75,N2_pre,plain,within,8,34,7,20,27,42
75,N2_pre,cell_balanced,within,8,34,7,21,28,42
75,N2_pre,readout_prev,within,8,34,4,18,22,42
75,M1,plain,within,8,34,5,21,26,42
75,M1,cell_balanced,within,8,34,4,19,23,42
75,M1,readout_prev,within,8,34,3,22,25,42
75,A1,plain,within,8,34,5,23,28,42
75,A1,cell_balanced,within,8,34,5,21,26,42
75,A1,readout_prev,within,8,34,3,20,23,42
76,F1,plain,within,8,31,5,17,22,39
76,F1,cell_balanced,within,8,31,5,16,21,39
76,F1,readout_prev,within,8,31,0,20,20,39
76,F1_pre,plain,within,8,31,3,16,19,39
76,F1_pre,cell_balanced,within,8,31,6,13,19,39
76,F1_pre,readout_prev,within,8,31,6,19,25,39
76,F2,plain,within,8,31,6,19,25,39
76,F2,cell_balanced,within,8,31,8,16,24,39
76,F2,readout_prev,within,8,31,3,17,20,39
76,O1,plain,within,8,31,4,20,24,39
76,O1,cell_balanced,within,8,31,3,19,22,39
76,O1,readout_prev,within,8,31,4,21,25,39
76,O1_pre,plain,within,8,31,5,18,23,39
76,O1_pre,cell_balanced,within,8,31,2,17,19,39
76,O1_pre,readout_prev,within,8,31,2,17,19,39
76,O2,plain,within,8,31,1,19,20,39
76,O2,cell_balanced,within,8,31,7,12,19,39
76,O2,readout_prev,within,8,31,8,18,26,39
76,G1,plain,within,8,31,4,15,19,39
76,G1,cell_balanced,within,8,31,4,14,18,39
76,G1,readout_prev,within,8,31,4,14,18,39
76,N1,plain,within,8,31,5,17,22,39
76,N1,cell_balanced,within,8,31,8,16,24,39
76,N1,readout_prev,within,8,31,6,14,20,39
76,N2,plain,within,8,31,3,21,24,39
76,N2,cell_balanced,within,8,31,3,20,23,39
76,N2,readout_prev,within,8,31,4,19,23,39
76,N2_pre,plain,within,8,31,4,16,20,39
76,N2_pre,cell_balanced,within,8,31,3,18,21,39
76,N2_pre,readout_prev,within,8,31,4,19,23,39
76,M1,plain,within,8,31,4,16,20,39
76,M1,cell_balanced,within,8,31,5,12,17,39
76,M1,readout_prev,within,8,31,5,17,22,39
76,A1,plain,within,8,31,6,18,24,39
76,A1,cell_balanced,within,8,31,6,15,21,39
76,A1,readout_prev,within,8,31,5,18,23,39
77,F1,plain,within,10,32,8,23,31,42
77,F1,cell_balanced,within,10,32,8,21,29,42
77,F1,readout_prev,within,10,32,5,22,27,42
77,F1_pre,plain,within,10,32,7,21,28,42
77,F1_pre,cell_balanced,within,10,32,7,21,28,42
77,F1_pre,readout_prev,within,10,32,2,18,20,42
77,F2,plain,within,10,32,5,17,22,42
77,F2,cell_balanced,within,10,32,5,18,23,42
77,F2,readout_prev,within,10,32,7,17,24,42
77,O1,plain,within,10,32,6,16,22,42
77,O1,cell_balanced,within,10,32,6,16,22,42
77,O1,readout_prev,within,10,32,6,20,26,42
77,O1_pre,plain,within,10,32,2,15,17,42
77,O1_pre,cell_balanced,within,10,32,0,14,14,42
77,O1_pre,readout_prev,within,10,32,5,19,24,42
77,O2,plain,within,10,32,5,19,24,42
77,O2,cell_balanced,within,10,32,2,12,14,42
77,O2,readout_prev,within,10,32,6,15,21,42
77,G1,plain,within,10,32,5,20,25,42
77,G1,cell_balanced,within,10,32,4,17,21,42
77,G1,readout_prev,within,10,32,4,19,23,42
77,N1,plain,within,10,32,7,18,25,42
77,N1,cell_balanced,within,10,32,8,18,26,42
77,N1,readout_prev,within,10,32,4,14,18,42
77,N2,plain,within,10,32,5,23,28,42
77,N2,cell_balanced,within,10,32,4,21,25,42
77,N2,readout_prev,within,10,32,2,22,24,42
77,N2_pre,plain,within,10,32,4,16,20,42
77,N2_pre,cell_balanced,within,10,32,3,18,21,42
77,N2_pre,readout_prev,within,10,32,4,15,19,42
77,M1,plain,within,10,32,4,18,22,42
77,M1,cell_balanced,within,10,32,5,14,19,42
77,M1,readout_prev,within,10,32,4,18,22,42
77,A1,plain,within,10,32,6,15,21,42
77,A1,cell_balanced,within,10,32,6,16,22,42
77,A1,readout_prev,within,10,32,5,13,18,42
78,F1,plain,within,11,31,7,20,27,42
78,F1,cell_balanced,within,11,31,6,18,24,42
78,F1,readout_prev,within,11,31,6,17,23,42
78,F1_pre,plain,within,11,31,5,11,16,42
78,F1_pre,cell_balanced,within,11,31,4,9,13,42
78,F1_pre,readout_prev,within,11,31,5,17,22,42
78,F2,plain,within,11,31,4,21,25,42
78,F2,cell_balanced,within,11,31,6,22,28,42
78,F2,readout_prev,within,11,31,6,22,28,42
78,O1,plain,within,11,31,6,20,26,42
78,O1,cell_balanced,within,11,31,5,20,25,42
78,O1,readout_prev,within,11,31,7,19,26,42
78,O1_pre,plain,within,11,31,6,17,23,42
78,O1_pre,cell_balanced,within,11,31,8,13,21,42
78,O1_pre,readout_prev,within,11,31,7,11,18,42
78,O2,plain,within,11,31,5,20,25,42
78,O2,cell_balanced,within,11,31,4,16,20,42
78,O2,readout_prev,within,11,31,5,22,27,42
78,G1,plain,within,11,31,4,15,19,42
78,G1,cell_balanced,within,11,31,2,15,17,42
78,G1,readout_prev,within,11,31,3,15,18,42
78,N1,plain,within,11,31,7,19,26,42
78,N1,cell_balanced,within,11,31,4,12,16,42
78,N1,readout_prev,within,11,31,4,19,23,42
78,N2,plain,within,11,31,6,16,22,42
78,N2,cell_balanced,within,11,31,6,17,23,42
78,N2,readout_prev,within,11,31,7,20,27,42
78,N2_pre,plain,within,11,31,6,14,20,42
78,N2_pre,cell_balanced,within,11,31,6,14,20,42
78,N2_pre,readout_prev,within,11,31,5,8,13,42
78,M1,plain,within,11,31,4,20,24,42
78,M1,cell_balanced,within,11,31,4,20,24,42
78,M1,readout_prev,within,11,31,4,19,23,42
78,A1,plain,within,11,31,5,21,26,42
78,A1,cell_balanced,within,11,31,4,17,21,42
78,A1,readout_prev,within,11,31,4,19,23,42
79,F1,plain,within,11,31,3,18,21,42
79,F1,cell_balanced,within,11,31,5,16,21,42
79,F1,readout_prev,within,11,31,6,20,26,42
79,F1_pre,plain,within,11,31,4,10,14,42
79,F1_pre,cell_balanced,within,11,31,6,9,15,42
79,F1_pre,readout_prev,within,11,31,9,13,22,42
79,F2,plain,within,11,31,5,18,23,42
79,F2,cell_balanced,within,11,31,4,17,21,42
79,F2,readout_prev,within,11,31,3,18,21,42
79,O1,plain,within,11,31,4,14,18,42
79,O1,cell_balanced,within,11,31,6,13,19,42
79,O1,readout_prev,within,11,31,9,17,26,42
79,O1_pre,plain,within,11,31,7,19,26,42
79,O1_pre,cell_balanced,within,11,31,6,16,22,42
79,O1_pre,readout_prev,within,11,31,6,20,26,42
79,O2,plain,within,11,31,4,18,22,42
79,O2,cell_balanced,within,11,31,4,16,20,42
79,O2,readout_prev,within,11,31,5,19,24,42
79,G1,plain,within,11,31,5,14,19,42
79,G1,cell_balanced,within,11,31,5,15,20,42
79,G1,readout_prev,within,11,31,6,18,24,42
79,N1,plain,within,11,31,8,18,26,42
79,N1,cell_balanced,within,11,31,10,18,28,42
79,N1,readout_prev,within,11,31,6,16,22,42
79,N2,plain,within,11,31,7,14,21,42
79,N2,cell_balanced,within,11,31,6,14,20,42
79,N2,readout_prev,within,11,31,8,19,27,42
79,N2_pre,plain,within,11,31,4,20,24,42
79,N2_pre,cell_balanced,within,11,31,5,15,20,42
79,N2_pre,readout_prev,within,11,31,7,20,27,42
79,M1,plain,within,11,31,5,17,22,42
79,M1,cell_balanced,within,11,31,5,17,22,42
79,M1,readout_prev,within,11,31,5,21,26,42
79,A1,plain,within,11,31,5,17,22,42
79,A1,cell_balanced,within,11,31,6,16,22,42
79,A1,readout_prev,within,11,31,8,16,24,42
80,F1,plain,within,10,32,7,21,28,42
80,F1,cell_balanced,within,10,32,8,21,29,42
80,F1,readout_prev,within,10,32,3,18,21,42
80,F1_pre,plain,within,10,32,4,18,22,42
80,F1_pre,cell_balanced,within,10,32,5,15,20,42
80,F1_pre,readout_prev,within,10,32,6,23,29,42
80,F2,plain,within,10,32,7,21,28,42
80,F2,cell_balanced,within,10,32,7,20,27,42
80,F2,readout_prev,within,10,32,5,20,25,42
80,O1,plain,within,10,32,5,17,22,42
80,O1,cell_balanced,within,10,32,4,16,20,42
80,O1,readout_prev,within,10,32,2,13,15,42
80,O1_pre,plain,within,10,32,4,18,22,42
80,O1_pre,cell_balanced,within,10,32,4,18,22,42
80,O1_pre,readout_prev,within,10,32,4,21,25,42
80,O2,plain,within,10,32,7,17,24,42
80,O2,cell_balanced,within,10,32,7,18,25,42
80,O2,readout_prev,within,10,32,4,15,19,42
80,G1,plain,within,10,32,5,17,22,42
80,G1,cell_balanced,within,10,32,5,16,21,42
80,G1,readout_prev,within,10,32,5,17,22,42
80,N1,plain,within,10,32,5,17,22,42
80,N1,cell_balanced,within,10,32,5,18,23,42
80,N1,readout_prev,within,10,32,3,15,18,42
80,N2,plain,within,10,32,9,22,31,42
80,N2,cell_balanced,within,10,32,8,19,27,42
80,N2,readout_prev,within,10,32,2,15,17,42
80,N2_pre,plain,within,10,32,4,18,22,42
80,N2_pre,cell_balanced,within,10,32,5,18,23,42
80,N2_pre,readout_prev,within,10,32,8,22,30,42
80,M1,plain,within,10,32,6,18,24,42
80,M1,cell_balanced,within,10,32,6,19,25,42
80,M1,readout_prev,within,10,32,4,17,21,42
80,A1,plain,within,10,32,6,17,23,42
80,A1,cell_balanced,within,10,32,6,18,24,42
80,A1,readout_prev,within,10,32,2,14,16,42
81,F1,plain,within,15,27,13,21,34,42
81,F1,cell_balanced,within,15,27,13,20,33,42
81,F1,readout_prev,within,15,27,8,15,23,42
81,F1_pre,plain,within,15,27,9,17,26,42
81,F1_pre,cell_balanced,within,15,27,10,16,26,42
81,F1_pre,readout_prev,within,15,27,4,11,15,42
81,F2,plain,within,15,27,9,20,29,42
81,F2,cell_balanced,within,15,27,10,21,31,42
81,F2,readout_prev,within,15,27,6,14,20,42
81,O1,plain,within,15,27,11,18,29,42
81,O1,cell_balanced,within,15,27,9,18,27,42
81,O1,readout_prev,within,15,27,8,15,23,42
81,O1_pre,plain,within,15,27,9,16,25,42
81,O1_pre,cell_balanced,within,15,27,9,16,25,42
81,O1_pre,readout_prev,within,15,27,3,12,15,42
81,O2,plain,within,15,27,6,10,16,42
81,O2,cell_balanced,within,15,27,8,11,19,42
81,O2,readout_prev,within,15,27,8,16,24,42
81,G1,plain,within,15,27,9,17,26,42
81,G1,cell_balanced,within,15,27,8,16,24,42
81,G1,readout_prev,within,15,27,8,19,27,42
81,N1,plain,within,15,27,8,10,18,42
81,N1,cell_balanced,within,15,27,8,9,17,42
81,N1,readout_prev,within,15,27,10,13,23,42
81,N2,plain,within,15,27,11,20,31,42
81,N2,cell_balanced,within,15,27,11,21,32,42
81,N2,readout_prev,within,15,27,8,15,23,42
81,N2_pre,plain,within,15,27,10,17,27,42
81,N2_pre,cell_balanced,within,15,27,10,16,26,42
81,N2_pre,readout_prev,within,15,27,5,9,14,42
81,M1,plain,within,15,27,5,8,13,42
81,M1,cell_balanced,within,15,27,6,9,15,42
81,M1,readout_prev,within,15,27,9,12,21,42
81,A1,plain,within,15,27,5,7,12,42
81,A1,cell_balanced,within,15,27,6,7,13,42
81,A1,readout_prev,within,15,27,10,12,22,42
82,F1,plain,within,9,33,6,20,26,42
82,F1,cell_balanced,within,9,33,6,20,26,42
82,F1,readout_prev,within,9,33,3,13,16,42
82,F1_pre,plain,within,9,33,5,21,26,42
82,F1_pre,cell_balanced,within,9,33,6,19,25,42
82,F1_pre,readout_prev,within,9,33,7,18,25,42
82,F2,plain,within,9,33,7,25,32,42
82,F2,cell_balanced,within,9,33,7,22,29,42
82,F2,readout_prev,within,9,33,2,19,21,42
82,O1,plain,within,9,33,5,20,25,42
82,O1,cell_balanced,within,9,33,2,20,22,42
82,O1,readout_prev,within,9,33,3,17,20,42
82,O1_pre,plain,within,9,33,6,15,21,42
82,O1_pre,cell_balanced,within,9,33,5,18,23,42
82,O1_pre,readout_prev,within,9,33,5,19,24,42
82,O2,plain,within,9,33,2,23,25,42
82,O2,cell_balanced,within,9,33,5,17,22,42
82,O2,readout_prev,within,9,33,7,20,27,42
82,G1,plain,within,9,33,4,21,25,42
82,G1,cell_balanced,within,9,33,4,18,22,42
82,G1,readout_prev,within,9,33,4,19,23,42
82,N1,plain,within,9,33,4,20,24,42
82,N1,cell_balanced,within,9,33,4,21,25,42
82,N1,readout_prev,within,9,33,4,22,26,42
82,N2,plain,within,9,33,5,18,23,42
82,N2,cell_balanced,within,9,33,5,17,22,42
82,N2,readout_prev,within,9,33,3,17,20,42
82,N2_pre,plain,within,9,33,4,17,21,42
82,N2_pre,cell_balanced,within,9,33,6,16,22,42
82,N2_pre,readout_prev,within,9,33,7,16,23,42
82,M1,plain,within,9,33,4,21,25,42
82,M1,cell_balanced,within,9,33,4,19,23,42
82,M1,readout_prev,within,9,33,4,20,24,42
82,A1,plain,within,9,33,5,21,26,42
82,A1,cell_balanced,within,9,33,4,23,27,42
82,A1,readout_prev,within,9,33,3,22,25,42
83,F1,plain,within,12,30,4,17,21,42
83,F1,cell_balanced,within,12,30,3,16,19,42
83,F1,readout_prev,within,12,30,5,17,22,42
83,F1_pre,plain,within,12,30,6,16,22,42
83,F1_pre,cell_balanced,within,12,30,4,18,22,42
83,F1_pre,readout_prev,within,12,30,5,17,22,42
83,F2,plain,within,12,30,7,16,23,42
83,F2,cell_balanced,within,12,30,6,17,23,42
83,F2,readout_prev,within,12,30,5,13,18,42
83,O1,plain,within,12,30,6,15,21,42
83,O1,cell_balanced,within,12,30,8,14,22,42
83,O1,readout_prev,within,12,30,7,14,21,42
83,O1_pre,plain,within,12,30,4,12,16,42
83,O1_pre,cell_balanced,within,12,30,3,13,16,42
83,O1_pre,readout_prev,within,12,30,5,11,16,42
83,O2,plain,within,12,30,7,10,17,42
83,O2,cell_balanced,within,12,30,8,13,21,42
83,O2,readout_prev,within,12,30,8,9,17,42
83,G1,plain,within,12,30,6,11,17,42
83,G1,cell_balanced,within,12,30,7,14,21,42
83,G1,readout_prev,within,12,30,5,12,17,42
83,N1,plain,within,12,30,6,11,17,42
83,N1,cell_balanced,within,12,30,5,12,17,42
83,N1,readout_prev,within,12,30,7,11,18,42
83,N2,plain,within,12,30,3,16,19,42
83,N2,cell_balanced,within,12,30,6,17,23,42
83,N2,readout_prev,within,12,30,6,17,23,42
83,N2_pre,plain,within,12,30,5,16,21,42
83,N2_pre,cell_balanced,within,12,30,3,17,20,42
83,N2_pre,readout_prev,within,12,30,6,12,18,42
83,M1,plain,within,12,30,8,15,23,42
83,M1,cell_balanced,within,12,30,9,17,26,42
83,M1,readout_prev,within,12,30,8,10,18,42
83,A1,plain,within,12,30,5,12,17,42
83,A1,cell_balanced,within,12,30,6,13,19,42
83,A1,readout_prev,within,12,30,9,11,20,42
84,F1,plain,within,11,31,11,21,32,42
84,F1,cell_balanced,within,11,31,11,21,32,42
84,F1,readout_prev,within,11,31,6,14,20,42
84,F1_pre,plain,within,11,31,5,18,23,42
84,F1_pre,cell_balanced,within,11,31,4,22,26,42
84,F1_pre,readout_prev,within,11,31,8,16,24,42
84,F2,plain,within,11,31,8,20,28,42
84,F2,cell_balanced,within,11,31,7,23,30,42
84,F2,readout_prev,within,11,31,3,14,17,42
84,O1,plain,within,11,31,4,12,16,42
84,O1,cell_balanced,within,11,31,6,9,15,42
84,O1,readout_prev,within,11,31,4,14,18,42
84,O1_pre,plain,within,11,31,5,17,22,42
84,O1_pre,cell_balanced,within,11,31,5,17,22,42
84,O1_pre,readout_prev,within,11,31,2,15,17,42
84,O2,plain,within,11,31,5,12,17,42
84,O2,cell_balanced,within,11,31,4,11,15,42
84,O2,readout_prev,within,11,31,7,20,27,42
84,G1,plain,within,11,31,4,14,18,42
84,G1,cell_balanced,within,11,31,5,14,19,42
84,G1,readout_prev,within,11,31,6,17,23,42
84,N1,plain,within,11,31,6,18,24,42
84,N1,cell_balanced,within,11,31,7,19,26,42
84,N1,readout_prev,within,11,31,6,18,24,42
84,N2,plain,within,11,31,9,17,26,42
84,N2,cell_balanced,within,11,31,9,18,27,42
84,N2,readout_prev,within,11,31,6,11,17,42
84,N2_pre,plain,within,11,31,6,20,26,42
84,N2_pre,cell_balanced,within,11,31,7,19,26,42
84,N2_pre,readout_prev,within,11,31,6,14,20,42
84,M1,plain,within,11,31,7,20,27,42
84,M1,cell_balanced,within,11,31,7,20,27,42
84,M1,readout_prev,within,11,31,5,16,21,42
84,A1,plain,within,11,31,8,18,26,42
84,A1,cell_balanced,within,11,31,7,20,27,42
84,A1,readout_prev,within,11,31,8,18,26,42
85,F1,plain,within,12,30,6,20,26,42
85,F1,cell_balanced,within,12,30,7,17,24,42
85,F1,readout_prev,within,12,30,6,17,23,42
85,F1_pre,plain,within,12,30,3,12,15,42
85,F1_pre,cell_balanced,within,12,30,4,13,17,42
85,F1_pre,readout_prev,within,12,30,6,15,21,42
85,F2,plain,within,12,30,5,19,24,42
85,F2,cell_balanced,within,12,30,4,16,20,42
85,F2,readout_prev,within,12,30,5,17,22,42
85,O1,plain,within,12,30,10,18,28,42
85,O1,cell_balanced,within,12,30,10,16,26,42
85,O1,readout_prev,within,12,30,3,10,13,42
85,O1_pre,plain,within,12,30,4,13,17,42
85,O1_pre,cell_balanced,within,12,30,2,10,12,42
85,O1_pre,readout_prev,within,12,30,5,15,20,42
85,O2,plain,within,12,30,10,22,32,42
85,O2,cell_balanced,within,12,30,11,21,32,42
85,O2,readout_prev,within,12,30,3,20,23,42
85,G1,plain,within,12,30,6,12,18,42
85,G1,cell_balanced,within,12,30,4,12,16,42
85,G1,readout_prev,within,12,30,6,15,21,42
85,N1,plain,within,12,30,11,19,30,42
85,N1,cell_balanced,within,12,30,12,20,32,42
85,N1,readout_prev,within,12,30,4,13,17,42
85,N2,plain,within,12,30,8,22,30,42
85,N2,cell_balanced,within,12,30,7,21,28,42
85,N2,readout_prev,within,12,30,4,15,19,42
85,N2_pre,plain,within,12,30,3,10,13,42
85,N2_pre,cell_balanced,within,12,30,2,12,14,42
85,N2_pre,readout_prev,within,12,30,7,16,23,42
85,M1,plain,within,12,30,11,26,37,42
85,M1,cell_balanced,within,12,30,11,26,37,42
85,M1,readout_prev,within,12,30,4,23,27,42
85,A1,plain,within,12,30,12,22,34,42
85,A1,cell_balanced,within,12,30,12,23,35,42
85,A1,readout_prev,within,12,30,3,18,21,42
86,F1,plain,within,11,31,9,23,32,42
86,F1,cell_balanced,within,11,31,10,24,34,42
86,F1,readout_prev,within,11,31,2,19,21,42
86,F1_pre,plain,within,11,31,5,14,19,42
86,F1_pre,cell_balanced,within,11,31,6,16,22,42
86,F1_pre,readout_prev,within,11,31,7,17,24,42
86,F2,plain,within,11,31,10,22,32,42
86,F2,cell_balanced,within,11,31,9,22,31,42
86,F2,readout_prev,within,11,31,4,16,20,42
86,O1,plain,within,11,31,4,19,23,42
86,O1,cell_balanced,within,11,31,4,17,21,42
86,O1,readout_prev,within,11,31,6,22,28,42
86,O1_pre,plain,within,11,31,6,14,20,42
86,O1_pre,cell_balanced,within,11,31,7,14,21,42
86,O1_pre,readout_prev,within,11,31,7,14,21,42
86,O2,plain,within,11,31,9,22,31,42
86,O2,cell_balanced,within,11,31,7,21,28,42
86,O2,readout_prev,within,11,31,3,17,20,42
86,G1,plain,within,11,31,7,17,24,42
86,G1,cell_balanced,within,11,31,5,20,25,42
86,G1,readout_prev,within,11,31,4,13,17,42
86,N1,plain,within,11,31,7,18,25,42
86,N1,cell_balanced,within,11,31,7,19,26,42
86,N1,readout_prev,within,11,31,3,16,19,42
86,N2,plain,within,11,31,9,20,29,42
86,N2,cell_balanced,within,11,31,9,21,30,42
86,N2,readout_prev,within,11,31,3,17,20,42
86,N2_pre,plain,within,11,31,6,11,17,42
86,N2_pre,cell_balanced,within,11,31,7,14,21,42
86,N2_pre,readout_prev,within,11,31,7,19,26,42
86,M1,plain,within,11,31,2,12,14,42
86,M1,cell_balanced,within,11,31,3,12,15,42
86,M1,readout_prev,within,11,31,3,15,18,42
86,A1,plain,within,11,31,8,15,23,42
86,A1,cell_balanced,within,11,31,5,15,20,42
86,A1,readout_prev,within,11,31,4,15,19,42
87,F1,plain,within,9,33,6,19,25,42
87,F1,cell_balanced,within,9,33,6,15,21,42
87,F1,readout_prev,within,9,33,5,19,24,42
87,F1_pre,plain,within,9,33,3,17,20,42
87,F1_pre,cell_balanced,within,9,33,1,17,18,42
87,F1_pre,readout_prev,within,9,33,3,18,21,42
87,F2,plain,within,9,33,5,18,23,42
87,F2,cell_balanced,within,9,33,3,16,19,42
87,F2,readout_prev,within,9,33,5,20,25,42
87,O1,plain,within,9,33,3,11,14,42
87,O1,cell_balanced,within,9,33,4,10,14,42
87,O1,readout_prev,within,9,33,5,10,15,42
87,O1_pre,plain,within,9,33,3,13,16,42
87,O1_pre,cell_balanced,within,9,33,3,14,17,42
87,O1_pre,readout_prev,within,9,33,4,18,22,42
87,O2,plain,within,9,33,5,22,27,42
87,O2,cell_balanced,within,9,33,2,19,21,42
87,O2,readout_prev,within,9,33,3,19,22,42
87,G1,plain,within,9,33,5,15,20,42
87,G1,cell_balanced,within,9,33,5,15,20,42
87,G1,readout_prev,within,9,33,5,19,24,42
87,N1,plain,within,9,33,4,15,19,42
87,N1,cell_balanced,within,9,33,3,20,23,42
87,N1,readout_prev,within,9,33,4,20,24,42
87,N2,plain,within,9,33,6,15,21,42
87,N2,cell_balanced,within,9,33,6,13,19,42
87,N2,readout_prev,within,9,33,6,16,22,42
87,N2_pre,plain,within,9,33,2,15,17,42
87,N2_pre,cell_balanced,within,9,33,2,15,17,42
87,N2_pre,readout_prev,within,9,33,3,11,14,42
87,M1,plain,within,9,33,3,15,18,42
87,M1,cell_balanced,within,9,33,4,16,20,42
87,M1,readout_prev,within,9,33,4,17,21,42
87,A1,plain,within,9,33,3,17,20,42
87,A1,cell_balanced,within,9,33,3,16,19,42
87,A1,readout_prev,within,9,33,3,21,24,42
88,F1,plain,within,14,37,9,26,35,51
88,F1,cell_balanced,within,14,37,8,25,33,51
88,F1,readout_prev,within,14,37,5,28,33,51
88,F1_pre,plain,within,14,37,3,17,20,51
88,F1_pre,cell_balanced,within,14,37,5,16,21,51
88,F1_pre,readout_prev,within,14,37,8,18,26,51
88,F2,plain,within,14,37,8,14,22,51
88,F2,cell_balanced,within,14,37,8,11,19,51
88,F2,readout_prev,within,14,37,12,21,33,51
88,O1,plain,within,14,37,10,26,36,51
88,O1,cell_balanced,within,14,37,9,24,33,51
88,O1,readout_prev,within,14,37,3,24,27,51
88,O1_pre,plain,within,14,37,7,15,22,51
88,O1_pre,cell_balanced,within,14,37,7,13,20,51
88,O1_pre,readout_prev,within,14,37,6,16,22,51
88,O2,plain,within,14,37,5,18,23,51
88,O2,cell_balanced,within,14,37,7,17,24,51
88,O2,readout_prev,within,14,37,6,18,24,51
88,G1,plain,within,14,37,6,18,24,51
88,G1,cell_balanced,within,14,37,6,19,25,51
88,G1,readout_prev,within,14,37,6,21,27,51
88,N1,plain,within,14,37,5,17,22,51
88,N1,cell_balanced,within,14,37,5,16,21,51
88,N1,readout_prev,within,14,37,7,15,22,51
88,N2,plain,within,14,37,8,29,37,51
88,N2,cell_balanced,within,14,37,9,24,33,51
88,N2,readout_prev,within,14,37,4,25,29,51
88,N2_pre,plain,within,14,37,6,12,18,51
88,N2_pre,cell_balanced,within,14,37,8,15,23,51
88,N2_pre,readout_prev,within,14,37,9,17,26,51
88,M1,plain,within,14,37,9,19,28,51
88,M1,cell_balanced,within,14,37,8,19,27,51
88,M1,readout_prev,within,14,37,5,20,25,51
88,A1,plain,within,14,37,9,20,29,51
88,A1,cell_balanced,within,14,37,8,19,27,51
88,A1,readout_prev,within,14,37,5,20,25,51
89,F1,plain,within,8,34,6,22,28,42
89,F1,cell_balanced,within,8,34,5,24,29,42
89,F1,readout_prev,within,8,34,4,21,25,42
89,F1_pre,plain,within,8,34,3,20,23,42
89,F1_pre,cell_balanced,within,8,34,3,16,19,42
89,F1_pre,readout_prev,within,8,34,4,22,26,42
89,F2,plain,within,8,34,4,19,23,42
89,F2,cell_balanced,within,8,34,4,18,22,42
89,F2,readout_prev,within,8,34,4,14,18,42
89,O1,plain,within,8,34,6,23,29,42
89,O1,cell_balanced,within,8,34,5,23,28,42
89,O1,readout_prev,within,8,34,2,23,25,42
89,O1_pre,plain,within,8,34,3,21,24,42
89,O1_pre,cell_balanced,within,8,34,4,19,23,42
89,O1_pre,readout_prev,within,8,34,3,24,27,42
89,O2,plain,within,8,34,7,20,27,42
89,O2,cell_balanced,within,8,34,8,21,29,42
89,O2,readout_prev,within,8,34,5,21,26,42
89,G1,plain,within,8,34,3,18,21,42
89,G1,cell_balanced,within,8,34,4,19,23,42
89,G1,readout_prev,within,8,34,3,15,18,42
89,N1,plain,within,8,34,7,18,25,42
89,N1,cell_balanced,within,8,34,7,19,26,42
89,N1,readout_prev,within,8,34,5,12,17,42
89,N2,plain,within,8,34,6,23,29,42
89,N2,cell_balanced,within,8,34,6,24,30,42
89,N2,readout_prev,within,8,34,2,25,27,42
89,N2_pre,plain,within,8,34,3,21,24,42
89,N2_pre,cell_balanced,within,8,34,3,18,21,42
89,N2_pre,readout_prev,within,8,34,5,21,26,42
89,M1,plain,within,8,34,3,12,15,42
89,M1,cell_balanced,within,8,34,4,14,18,42
89,M1,readout_prev,within,8,34,5,14,19,42
89,A1,plain,within,8,34,6,17,23,42
89,A1,cell_balanced,within,8,34,7,19,26,42
89,A1,readout_prev,within,8,34,5,15,20,42
90,F1,plain,within,8,34,5,22,27,42
90,F1,cell_balanced,within,8,34,7,19,26,42
90,F1,readout_prev,within,8,34,6,20,26,42
90,F1_pre,plain,within,8,34,3,15,18,42
90,F1_pre,cell_balanced,within,8,34,2,16,18,42
90,F1_pre,readout_prev,within,8,34,5,18,23,42
90,F2,plain,within,8,34,7,23,30,42
90,F2,cell_balanced,within,8,34,5,25,30,42
90,F2,readout_prev,within,8,34,4,20,24,42
90,O1,plain,within,8,34,5,23,28,42
90,O1,cell_balanced,within,8,34,5,25,30,42
90,O1,readout_prev,within,8,34,4,23,27,42
90,O1_pre,plain,within,8,34,4,21,25,42
90,O1_pre,cell_balanced,within,8,34,5,16,21,42
90,O1_pre,readout_prev,within,8,34,5,22,27,42
90,O2,plain,within,8,34,4,23,27,42
90,O2,cell_balanced,within,8,34,4,19,23,42
90,O2,readout_prev,within,8,34,5,25,30,42
90,G1,plain,within,8,34,5,16,21,42
90,G1,cell_balanced,within,8,34,5,19,24,42
90,G1,readout_prev,within,8,34,5,19,24,42
90,N1,plain,within,8,34,3,22,25,42
90,N1,cell_balanced,within,8,34,3,19,22,42
90,N1,readout_prev,within,8,34,5,23,28,42
90,N2,plain,within,8,34,5,24,29,42
90,N2,cell_balanced,within,8,34,6,27,33,42
90,N2,readout_prev,within,8,34,4,27,31,42
90,N2_pre,plain,within,8,34,3,19,22,42
90,N2_pre,cell_balanced,within,8,34,3,15,18,42
90,N2_pre,readout_prev,within,8,34,4,21,25,42
90,M1,plain,within,8,34,3,14,17,42
90,M1,cell_balanced,within,8,34,4,14,18,42
90,M1,readout_prev,within,8,34,5,18,23,42
90,A1,plain,within,8,34,3,22,25,42
90,A1,cell_balanced,within,8,34,3,20,23,42
90,A1,readout_prev,within,8,34,5,21,26,42
91,F1,plain,within,13,29,11,21,32,42
91,F1,cell_balanced,within,13,29,12,20,32,42
91,F1,readout_prev,within,13,29,8,16,24,42
91,F1_pre,plain,within,13,29,4,17,21,42
91,F1_pre,cell_balanced,within,13,29,4,14,18,42
91,F1_pre,readout_prev,within,13,29,8,18,26,42
91,F2,plain,within,13,29,8,17,25,42
91,F2,cell_balanced,within,13,29,7,19,26,42
91,F2,readout_prev,within,13,29,4,14,18,42
91,O1,plain,within,13,29,10,18,28,42
91,O1,cell_balanced,within,13,29,8,16,24,42
91,O1,readout_prev,within,13,29,7,14,21,42
91,O1_pre,plain,within,13,29,7,18,25,42
91,O1_pre,cell_balanced,within,13,29,7,17,24,42
91,O1_pre,readout_prev,within,13,29,5,16,21,42
91,O2,plain,within,13,29,6,8,14,42
91,O2,cell_balanced,within,13,29,7,9,16,42
91,O2,readout_prev,within,13,29,9,16,25,42
91,G1,plain,within,13,29,6,13,19,42
91,G1,cell_balanced,within,13,29,7,13,20,42
91,G1,readout_prev,within,13,29,9,17,26,42
91,N1,plain,within,13,29,6,10,16,42
91,N1,cell_balanced,within,13,29,7,12,19,42
91,N1,readout_prev,within,13,29,9,13,22,42
91,N2,plain,within,13,29,10,20,30,42
91,N2,cell_balanced,within,13,29,10,19,29,42
91,N2,readout_prev,within,13,29,10,15,25,42
91,N2_pre,plain,within,13,29,5,18,23,42
91,N2_pre,cell_balanced,within,13,29,5,17,22,42
91,N2_pre,readout_prev,within,13,29,8,18,26,42
91,M1,plain,within,13,29,5,11,16,42
91,M1,cell_balanced,within,13,29,8,10,18,42
91,M1,readout_prev,within,13,29,9,18,27,42
91,A1,plain,within,13,29,6,11,17,42
91,A1,cell_balanced,within,13,29,5,14,19,42
91,A1,readout_prev,within,13,29,7,16,23,42
92,F1,plain,within,14,37,8,30,38,51
92,F1,cell_balanced,within,14,37,9,29,38,51
92,F1,readout_prev,within,14,37,8,27,35,51
92,F1_pre,plain,within,14,37,9,14,23,51
92,F1_pre,cell_balanced,within,14,37,11,14,25,51
92,F1_pre,readout_prev,within,14,37,10,19,29,51
92,F2,plain,within,14,37,11,30,41,51
92,F2,cell_balanced,within,14,37,11,29,40,51
92,F2,readout_prev,within,14,37,11,29,40,51
92,O1,plain,within,14,37,5,20,25,51
92,O1,cell_balanced,within,14,37,6,17,23,51
92,O1,readout_prev,within,14,37,9,21,30,51
92,O1_pre,plain,within,14,37,6,16,22,51
92,O1_pre,cell_balanced,within,14,37,9,20,29,51
92,O1_pre,readout_prev,within,14,37,7,17,24,51
92,O2,plain,within,14,37,7,21,28,51
92,O2,cell_balanced,within,14,37,5,18,23,51
92,O2,readout_prev,within,14,37,4,16,20,51
92,G1,plain,within,14,37,6,20,26,51
92,G1,cell_balanced,within,14,37,7,20,27,51
92,G1,readout_prev,within,14,37,8,19,27,51
92,N1,plain,within,14,37,10,23,33,51
92,N1,cell_balanced,within,14,37,12,24,36,51
92,N1,readout_prev,within,14,37,5,18,23,51
92,N2,plain,within,14,37,8,26,34,51
92,N2,cell_balanced,within,14,37,6,26,32,51
92,N2,readout_prev,within,14,37,9,28,37,51
92,N2_pre,plain,within,14,37,7,15,22,51
92,N2_pre,cell_balanced,within,14,37,8,14,22,51
92,N2_pre,readout_prev,within,14,37,9,14,23,51
92,M1,plain,within,14,37,8,20,28,51
92,M1,cell_balanced,within,14,37,9,24,33,51
92,M1,readout_prev,within,14,37,6,16,22,51
92,A1,plain,within,14,37,10,21,31,51
92,A1,cell_balanced,within,14,37,10,20,30,51
92,A1,readout_prev,within,14,37,5,16,21,51
93,F1,plain,within,10,32,5,21,26,42
93,F1,cell_balanced,within,10,32,7,20,27,42
93,F1,readout_prev,within,10,32,6,24,30,42
93,F1_pre,plain,within,10,32,4,15,19,42
93,F1_pre,cell_balanced,within,10,32,4,15,19,42
93,F1_pre,readout_prev,within,10,32,6,22,28,42
93,F2,plain,within,10,32,7,18,25,42
93,F2,cell_balanced,within,10,32,9,16,25,42
93,F2,readout_prev,within,10,32,6,19,25,42
93,O1,plain,within,10,32,6,17,23,42
93,O1,cell_balanced,within,10,32,6,14,20,42
93,O1,readout_prev,within,10,32,5,17,22,42
93,O1_pre,plain,within,10,32,6,18,24,42
93,O1_pre,cell_balanced,within,10,32,8,17,25,42
93,O1_pre,readout_prev,within,10,32,6,14,20,42
93,O2,plain,within,10,32,4,21,25,42
93,O2,cell_balanced,within,10,32,5,20,25,42
93,O2,readout_prev,within,10,32,4,15,19,42
93,G1,plain,within,10,32,6,20,26,42
93,G1,cell_balanced,within,10,32,6,18,24,42
93,G1,readout_prev,within,10,32,4,20,24,42
93,N1,plain,within,10,32,7,22,29,42
93,N1,cell_balanced,within,10,32,7,22,29,42
93,N1,readout_prev,within,10,32,6,18,24,42
93,N2,plain,within,10,32,6,19,25,42
93,N2,cell_balanced,within,10,32,6,17,23,42
93,N2,readout_prev,within,10,32,6,22,28,42
93,N2_pre,plain,within,10,32,5,22,27,42
93,N2_pre,cell_balanced,within,10,32,6,24,30,42
93,N2_pre,readout_prev,within,10,32,5,18,23,42
93,M1,plain,within,10,32,6,20,26,42
93,M1,cell_balanced,within,10,32,7,22,29,42
93,M1,readout_prev,within,10,32,5,20,25,42
93,A1,plain,within,10,32,7,25,32,42
93,A1,cell_balanced,within,10,32,8,25,33,42
93,A1,readout_prev,within,10,32,5,20,25,42
94,F1,plain,within,9,33,6,19,25,42
94,F1,cell_balanced,within,9,33,5,18,23,42
94,F1,readout_prev,within,9,33,5,19,24,42
94,F1_pre,plain,within,9,33,6,17,23,42
94,F1_pre,cell_balanced,within,9,33,6,16,22,42
94,F1_pre,readout_prev,within,9,33,4,17,21,42
94,F2,plain,within,9,33,6,24,30,42
94,F2,cell_balanced,within,9,33,7,25,32,42
94,F2,readout_prev,within,9,33,1,18,19,42
94,O1,plain,within,9,33,6,19,25,42
94,O1,cell_balanced,within,9,33,7,22,29,42
94,O1,readout_prev,within,9,33,4,15,19,42
94,O1_pre,plain,within,9,33,6,17,23,42
94,O1_pre,cell_balanced,within,9,33,7,15,22,42
94,O1_pre,readout_prev,within,9,33,6,17,23,42
94,O2,plain,within,9,33,6,18,24,42
94,O2,cell_balanced,within,9,33,7,20,27,42
94,O2,readout_prev,within,9,33,5,16,21,42
94,G1,plain,within,9,33,5,19,24,42
94,G1,cell_balanced,within,9,33,5,21,26,42
94,G1,readout_prev,within,9,33,6,15,21,42
94,N1,plain,within,9,33,6,25,31,42
94,N1,cell_balanced,within,9,33,6,25,31,42
94,N1,readout_prev,within,9,33,3,22,25,42
94,N2,plain,within,9,33,7,20,27,42
94,N2,cell_balanced,within,9,33,7,19,26,42
94,N2,readout_prev,within,9,33,4,20,24,42
94,N2_pre,plain,within,9,33,6,20,26,42
94,N2_pre,cell_balanced,within,9,33,5,20,25,42
94,N2_pre,readout_prev,within,9,33,4,16,20,42
94,M1,plain,within,9,33,3,25,28,42
94,M1,cell_balanced,within,9,33,4,27,31,42
94,M1,readout_prev,within,9,33,4,26,30,42
94,A1,plain,within,9,33,6,28,34,42
94,A1,cell_balanced,within,9,33,6,25,31,42
94,A1,readout_prev,within,9,33,3,23,26,42
95,F1,plain,within,14,28,7,17,24,42
95,F1,cell_balanced,within,14,28,6,17,23,42
95,F1,readout_prev,within,14,28,8,22,30,42
95,F1_pre,plain,within,14,28,5,13,18,42
95,F1_pre,cell_balanced,within,14,28,7,15,22,42
95,F1_pre,readout_prev,within,14,28,9,16,25,42
95,F2,plain,within,14,28,9,18,27,42
95,F2,cell_balanced,within,14,28,8,16,24,42
95,F2,readout_prev,within,14,28,4,17,21,42
95,O1,plain,within,14,28,5,15,20,42
95,O1,cell_balanced,within,14,28,4,12,16,42
95,O1,readout_prev,within,14,28,8,18,26,42
95,O1_pre,plain,within,14,28,3,15,18,42
95,O1_pre,cell_balanced,within,14,28,4,16,20,42
95,O1_pre,readout_prev,within,14,28,7,19,26,42
95,O2,plain,within,14,28,9,18,27,42
95,O2,cell_balanced,within,14,28,8,18,26,42
95,O2,readout_prev,within,14,28,5,18,23,42
95,G1,plain,within,14,28,7,14,21,42
95,G1,cell_balanced,within,14,28,6,14,20,42
95,G1,readout_prev,within,14,28,5,14,19,42
95,N1,plain,within,14,28,4,16,20,42
95,N1,cell_balanced,within,14,28,5,15,20,42
95,N1,readout_prev,within,14,28,8,15,23,42
95,N2,plain,within,14,28,7,17,24,42
95,N2,cell_balanced,within,14,28,7,16,23,42
95,N2,readout_prev,within,14,28,7,20,27,42
95,N2_pre,plain,within,14,28,4,14,18,42
95,N2_pre,cell_balanced,within,14,28,6,15,21,42
95,N2_pre,readout_prev,within,14,28,8,19,27,42
95,M1,plain,within,14,28,6,12,18,42
95,M1,cell_balanced,within,14,28,4,13,17,42
95,M1,readout_prev,within,14,28,6,14,20,42
95,A1,plain,within,14,28,7,18,25,42
95,A1,cell_balanced,within,14,28,6,17,23,42
95,A1,readout_prev,within,14,28,7,16,23,42
96,F1,plain,within,15,27,12,22,34,42
96,F1,cell_balanced,within,15,27,12,22,34,42
96,F1,readout_prev,within,15,27,8,15,23,42
96,F1_pre,plain,within,15,27,6,13,19,42
96,F1_pre,cell_balanced,within,15,27,5,15,20,42
96,F1_pre,readout_prev,within,15,27,10,17,27,42
96,F2,plain,within,15,27,10,21,31,42
96,F2,cell_balanced,within,15,27,9,21,30,42
96,F2,readout_prev,within,15,27,6,18,24,42
96,O1,plain,within,15,27,11,15,26,42
96,O1,cell_balanced,within,15,27,9,14,23,42
96,O1,readout_prev,within,15,27,6,13,19,42
96,O1_pre,plain,within,15,27,10,14,24,42
96,O1_pre,cell_balanced,within,15,27,9,15,24,42
96,O1_pre,readout_prev,within,15,27,7,13,20,42
96,O2,plain,within,15,27,8,17,25,42
96,O2,cell_balanced,within,15,27,8,15,23,42
96,O2,readout_prev,within,15,27,7,15,22,42
96,G1,plain,within,15,27,8,16,24,42
96,G1,cell_balanced,within,15,27,8,14,22,42
96,G1,readout_prev,within,15,27,10,16,26,42
96,N1,plain,within,15,27,10,13,23,42
96,N1,cell_balanced,within,15,27,9,14,23,42
96,N1,readout_prev,within,15,27,9,18,27,42
96,N2,plain,within,15,27,11,21,32,42
96,N2,cell_balanced,within,15,27,11,20,31,42
96,N2,readout_prev,within,15,27,7,13,20,42
96,N2_pre,plain,within,15,27,9,14,23,42
96,N2_pre,cell_balanced,within,15,27,11,14,25,42
96,N2_pre,readout_prev,within,15,27,10,12,22,42
96,M1,plain,within,15,27,9,18,27,42
96,M1,cell_balanced,within,15,27,9,17,26,42
96,M1,readout_prev,within,15,27,7,14,21,42
96,A1,plain,within,15,27,9,17,26,42
96,A1,cell_balanced,within,15,27,7,18,25,42
96,A1,readout_prev,within,15,27,9,19,28,42
97,F1,plain,within,10,32,7,19,26,42
97,F1,cell_balanced,within,10,32,7,18,25,42
97,F1,readout_prev,within,10,32,5,16,21,42
97,F1_pre,plain,within,10,32,3,9,12,42
97,F1_pre,cell_balanced,within,10,32,6,7,13,42
97,F1_pre,readout_prev,within,10,32,6,8,14,42
97,F2,plain,within,10,32,6,15,21,42
97,F2,cell_balanced,within,10,32,7,15,22,42
97,F2,readout_prev,within,10,32,7,13,20,42
97,O1,plain,within,10,32,2,12,14,42
97,O1,cell_balanced,within,10,32,3,12,15,42
97,O1,readout_prev,within,10,32,5,13,18,42
97,O1_pre,plain,within,10,32,4,23,27,42
97,O1_pre,cell_balanced,within,10,32,2,19,21,42
97,O1_pre,readout_prev,within,10,32,4,22,26,42
97,O2,plain,within,10,32,5,25,30,42
97,O2,cell_balanced,within,10,32,6,22,28,42
97,O2,readout_prev,within,10,32,2,21,23,42
97,G1,plain,within,10,32,3,11,14,42
97,G1,cell_balanced,within,10,32,2,14,16,42
97,G1,readout_prev,within,10,32,4,18,22,42
97,N1,plain,within,10,32,8,24,32,42
97,N1,cell_balanced,within,10,32,7,22,29,42
97,N1,readout_prev,within,10,32,4,20,24,42
97,N2,plain,within,10,32,6,16,22,42
97,N2,cell_balanced,within,10,32,5,18,23,42
97,N2,readout_prev,within,10,32,3,15,18,42
97,N2_pre,plain,within,10,32,5,15,20,42
97,N2_pre,cell_balanced,within,10,32,3,16,19,42
97,N2_pre,readout_prev,within,10,32,5,15,20,42
97,M1,plain,within,10,32,4,28,32,42
97,M1,cell_balanced,within,10,32,7,24,31,42
97,M1,readout_prev,within,10,32,5,21,26,42
97,A1,plain,within,10,32,6,25,31,42
97,A1,cell_balanced,within,10,32,7,25,32,42
97,A1,readout_prev,within,10,32,3,22,25,42
98,F1,plain,within,14,28,6,20,26,42
98,F1,cell_balanced,within,14,28,3,15,18,42
98,F1,readout_prev,within,14,28,8,18,26,42
98,F1_pre,plain,within,14,28,2,13,15,42
98,F1_pre,cell_balanced,within,14,28,2,12,14,42
98,F1_pre,readout_prev,within,14,28,9,15,24,42
98,F2,plain,within,14,28,6,11,17,42
98,F2,cell_balanced,within,14,28,7,9,16,42
98,F2,readout_prev,within,14,28,9,18,27,42
98,O1,plain,within,14,28,5,18,23,42
98,O1,cell_balanced,within,14,28,6,17,23,42
98,O1,readout_prev,within,14,28,6,15,21,42
98,O1_pre,plain,within,14,28,8,14,22,42
98,O1_pre,cell_balanced,within,14,28,5,12,17,42
98,O1_pre,readout_prev,within,14,28,5,12,17,42
98,O2,plain,within,14,28,10,11,21,42
98,O2,cell_balanced,within,14,28,10,14,24,42
98,O2,readout_prev,within,14,28,8,16,24,42
98,G1,plain,within,14,28,8,13,21,42
98,G1,cell_balanced,within,14,28,7,14,21,42
98,G1,readout_prev,within,14,28,8,13,21,42
98,N1,plain,within,14,28,9,13,22,42
98,N1,cell_balanced,within,14,28,6,13,19,42
98,N1,readout_prev,within,14,28,8,15,23,42
98,N2,plain,within,14,28,5,16,21,42
98,N2,cell_balanced,within,14,28,4,13,17,42
98,N2,readout_prev,within,14,28,6,17,23,42
98,N2_pre,plain,within,14,28,6,14,20,42
98,N2_pre,cell_balanced,within,14,28,5,12,17,42
98,N2_pre,readout_prev,within,14,28,7,13,20,42
98,M1,plain,within,14,28,5,11,16,42
98,M1,cell_balanced,within,14,28,5,10,15,42
98,M1,readout_prev,within,14,28,12,17,29,42
98,A1,plain,within,14,28,7,12,19,42
98,A1,cell_balanced,within,14,28,7,13,20,42
98,A1,readout_prev,within,14,28,9,19,28,42
99,F1,plain,within,11,31,6,17,23,42
99,F1,cell_balanced,within,11,31,6,18,24,42
99,F1,readout_prev,within,11,31,4,15,19,42
99,F1_pre,plain,within,11,31,6,16,22,42
99,F1_pre,cell_balanced,within,11,31,5,17,22,42
99,F1_pre,readout_prev,within,11,31,6,17,23,42
99,F2,plain,within,11,31,7,17,24,42
99,F2,cell_balanced,within,11,31,7,18,25,42
99,F2,readout_prev,within,11,31,5,16,21,42
99,O1,plain,within,11,31,5,17,22,42
99,O1,cell_balanced,within,11,31,4,16,20,42
99,O1,readout_prev,within,11,31,3,12,15,42
99,O1_pre,plain,within,11,31,6,14,20,42
99,O1_pre,cell_balanced,within,11,31,6,14,20,42
99,O1_pre,readout_prev,within,11,31,7,14,21,42
99,O2,plain,within,11,31,4,18,22,42
99,O2,cell_balanced,within,11,31,4,17,21,42
99,O2,readout_prev,within,11,31,4,17,21,42
99,G1,plain,within,11,31,5,14,19,42
99,G1,cell_balanced,within,11,31,5,17,22,42
99,G1,readout_prev,within,11,31,3,16,19,42
99,N1,plain,within,11,31,6,17,23,42
99,N1,cell_balanced,within,11,31,5,15,20,42
99,N1,readout_prev,within,11,31,6,15,21,42
99,N2,plain,within,11,31,5,15,20,42
99,N2,cell_balanced,within,11,31,4,14,18,42
99,N2,readout_prev,within,11,31,4,14,18,42
99,N2_pre,plain,within,11,31,4,14,18,42
99,N2_pre,cell_balanced,within,11,31,4,16,20,42
99,N2_pre,readout_prev,within,11,31,7,17,24,42
99,M1,plain,within,11,31,9,18,27,42
99,M1,cell_balanced,within,11,31,6,18,24,42
99,M1,readout_prev,within,11,31,4,13,17,42
99,A1,plain,within,11,31,7,16,23,42
99,A1,cell_balanced,within,11,31,6,15,21,42
99,A1,readout_prev,within,11,31,5,15,20,42
100,F1,plain,within,13,20,9,11,20,33
100,F1,cell_balanced,within,13,20,7,11,18,33
100,F1,readout_prev,within,13,20,7,9,16,33
100,F1_pre,plain,within,13,20,6,10,16,33
100,F1_pre,cell_balanced,within,13,20,6,11,17,33
100,F1_pre,readout_prev,within,13,20,7,12,19,33
100,F2,plain,within,13,20,11,10,21,33
100,F2,cell_balanced,within,13,20,11,11,22,33
100,F2,readout_prev,within,13,20,6,6,12,33
100,O1,plain,within,13,20,9,15,24,33
100,O1,cell_balanced,within,13,20,9,14,23,33
100,O1,readout_prev,within,13,20,8,8,16,33
100,O1_pre,plain,within,13,20,3,10,13,33
100,O1_pre,cell_balanced,within,13,20,6,10,16,33
100,O1_pre,readout_prev,within,13,20,10,8,18,33
100,O2,plain,within,13,20,6,10,16,33
100,O2,cell_balanced,within,13,20,6,11,17,33
100,O2,readout_prev,within,13,20,5,7,12,33
100,G1,plain,within,13,20,6,6,12,33
100,G1,cell_balanced,within,13,20,6,7,13,33
100,G1,readout_prev,within,13,20,7,6,13,33
100,N1,plain,within,13,20,5,9,14,33
100,N1,cell_balanced,within,13,20,5,8,13,33
100,N1,readout_prev,within,13,20,7,6,13,33
100,N2,plain,within,13,20,6,13,19,33
100,N2,cell_balanced,within,13,20,6,12,18,33
100,N2,readout_prev,within,13,20,8,7,15,33
100,N2_pre,plain,within,13,20,5,12,17,33
100,N2_pre,cell_balanced,within,13,20,3,10,13,33
100,N2_pre,readout_prev,within,13,20,9,14,23,33
100,M1,plain,within,13,20,3,6,9,33
100,M1,cell_balanced,within,13,20,4,8,12,33
100,M1,readout_prev,within,13,20,6,14,20,33
100,A1,plain,within,13,20,5,8,13,33
100,A1,cell_balanced,within,13,20,3,7,10,33
100,A1,readout_prev,within,13,20,6,10,16,33
101,F1,plain,within,11,31,11,28,39,42
101,F1,cell_balanced,within,11,31,10,29,39,42
101,F1,readout_prev,within,11,31,1,19,20,42
101,F1_pre,plain,within,11,31,4,14,18,42
101,F1_pre,cell_balanced,within,11,31,6,16,22,42
101,F1_pre,readout_prev,within,11,31,6,9,15,42
101,F2,plain,within,11,31,11,30,41,42
101,F2,cell_balanced,within,11,31,11,29,40,42
101,F2,readout_prev,within,11,31,2,18,20,42
101,O1,plain,within,11,31,10,22,32,42
101,O1,cell_balanced,within,11,31,10,22,32,42
101,O1,readout_prev,within,11,31,2,12,14,42
101,O1_pre,plain,within,11,31,10,18,28,42
101,O1_pre,cell_balanced,within,11,31,10,18,28,42
101,O1_pre,readout_prev,within,11,31,7,18,25,42
101,O2,plain,within,11,31,4,15,19,42
101,O2,cell_balanced,within,11,31,5,11,16,42
101,O2,readout_prev,within,11,31,7,16,23,42
101,G1,plain,within,11,31,7,17,24,42
101,G1,cell_balanced,within,11,31,6,16,22,42
101,G1,readout_prev,within,11,31,6,17,23,42
101,N1,plain,within,11,31,5,21,26,42
101,N1,cell_balanced,within,11,31,5,20,25,42
101,N1,readout_prev,within,11,31,3,18,21,42
101,N2,plain,within,11,31,11,27,38,42
101,N2,cell_balanced,within,11,31,11,27,38,42
101,N2,readout_prev,within,11,31,2,16,18,42
101,N2_pre,plain,within,11,31,7,16,23,42
101,N2_pre,cell_balanced,within,11,31,7,18,25,42
101,N2_pre,readout_prev,within,11,31,6,17,23,42
101,M1,plain,within,11,31,6,13,19,42
101,M1,cell_balanced,within,11,31,8,17,25,42
101,M1,readout_prev,within,11,31,5,10,15,42
101,A1,plain,within,11,31,5,19,24,42
101,A1,cell_balanced,within,11,31,4,18,22,42
101,A1,readout_prev,within,11,31,5,12,17,42
102,F1,plain,within,6,33,5,20,25,39
102,F1,cell_balanced,within,6,33,5,18,23,39
102,F1,readout_prev,within,6,33,3,19,22,39
102,F1_pre,plain,within,6,33,5,14,19,39
102,F1_pre,cell_balanced,within,6,33,5,15,20,39
102,F1_pre,readout_prev,within,6,33,2,9,11,39
102,F2,plain,within,6,33,5,18,23,39
102,F2,cell_balanced,within,6,33,5,21,26,39
102,F2,readout_prev,within,6,33,1,11,12,39
102,O1,plain,within,6,33,5,16,21,39
102,O1,cell_balanced,within,6,33,1,18,19,39
102,O1,readout_prev,within,6,33,0,12,12,39
102,O1_pre,plain,within,6,33,3,13,16,39
102,O1_pre,cell_balanced,within,6,33,2,10,12,39
102,O1_pre,readout_prev,within,6,33,3,18,21,39
102,O2,plain,within,6,33,4,15,19,39
102,O2,cell_balanced,within,6,33,3,16,19,39
102,O2,readout_prev,within,6,33,4,12,16,39
102,G1,plain,within,6,33,4,19,23,39
102,G1,cell_balanced,within,6,33,3,18,21,39
102,G1,readout_prev,within,6,33,2,18,20,39
102,N1,plain,within,6,33,4,19,23,39
102,N1,cell_balanced,within,6,33,2,17,19,39
102,N1,readout_prev,within,6,33,2,18,20,39
102,N2,plain,within,6,33,5,17,22,39
102,N2,cell_balanced,within,6,33,4,19,23,39
102,N2,readout_prev,within,6,33,0,15,15,39
102,N2_pre,plain,within,6,33,3,10,13,39
102,N2_pre,cell_balanced,within,6,33,2,12,14,39
102,N2_pre,readout_prev,within,6,33,3,13,16,39
102,M1,plain,within,6,33,4,20,24,39
102,M1,cell_balanced,within,6,33,3,17,20,39
102,M1,readout_prev,within,6,33,3,15,18,39
102,A1,plain,within,6,33,4,17,21,39
102,A1,cell_balanced,within,6,33,3,17,20,39
102,A1,readout_prev,within,6,33,2,16,18,39
103,F1,plain,within,12,30,9,18,27,42
103,F1,cell_balanced,within,12,30,9,20,29,42
103,F1,readout_prev,within,12,30,5,13,18,42
103,F1_pre,plain,within,12,30,4,13,17,42
103,F1_pre,cell_balanced,within,12,30,4,17,21,42
103,F1_pre,readout_prev,within,12,30,5,17,22,42
103,F2,plain,within,12,30,8,17,25,42
103,F2,cell_balanced,within,12,30,9,17,26,42
103,F2,readout_prev,within,12,30,8,18,26,42
103,O1,plain,within,12,30,4,6,10,42
103,O1,cell_balanced,within,12,30,7,11,18,42
103,O1,readout_prev,within,12,30,7,13,20,42
103,O1_pre,plain,within,12,30,9,15,24,42
103,O1_pre,cell_balanced,within,12,30,8,14,22,42
103,O1_pre,readout_prev,within,12,30,3,10,13,42
103,O2,plain,within,12,30,10,11,21,42
103,O2,cell_balanced,within,12,30,9,13,22,42
103,O2,readout_prev,within,12,30,8,16,24,42
103,G1,plain,within,12,30,6,14,20,42
103,G1,cell_balanced,within,12,30,6,13,19,42
103,G1,readout_prev,within,12,30,5,14,19,42
103,N1,plain,within,12,30,8,14,22,42
103,N1,cell_balanced,within,12,30,8,14,22,42
103,N1,readout_prev,within,12,30,6,11,17,42
103,N2,plain,within,12,30,7,20,27,42
103,N2,cell_balanced,within,12,30,5,19,24,42
103,N2,readout_prev,within,12,30,5,16,21,42
103,N2_pre,plain,within,12,30,7,16,23,42
103,N2_pre,cell_balanced,within,12,30,6,14,20,42
103,N2_pre,readout_prev,within,12,30,3,12,15,42
103,M1,plain,within,12,30,9,18,27,42
103,M1,cell_balanced,within,12,30,9,19,28,42
103,M1,readout_prev,within,12,30,3,12,15,42
103,A1,plain,within,12,30,8,17,25,42
103,A1,cell_balanced,within,12,30,7,14,21,42
103,A1,readout_prev,within,12,30,6,13,19,42
104,F1,plain,within,10,29,5,16,21,39
104,F1,cell_balanced,within,10,29,4,15,19,39
104,F1,readout_prev,within,10,29,7,14,21,39
104,F1_pre,plain,within,10,29,5,14,19,39
104,F1_pre,cell_balanced,within,10,29,5,18,23,39
104,F1_pre,readout_prev,within,10,29,7,17,24,39
104,F2,plain,within,10,29,6,19,25,39
104,F2,cell_balanced,within,10,29,8,17,25,39
104,F2,readout_prev,within,10,29,10,19,29,39
104,O1,plain,within,10,29,7,16,23,39
104,O1,cell_balanced,within,10,29,8,13,21,39
104,O1,readout_prev,within,10,29,7,16,23,39
104,O1_pre,plain,within,10,29,7,12,19,39
104,O1_pre,cell_balanced,within,10,29,7,10,17,39
104,O1_pre,readout_prev,within,10,29,10,12,22,39
104,O2,plain,within,10,29,5,21,26,39
104,O2,cell_balanced,within,10,29,5,21,26,39
104,O2,readout_prev,within,10,29,4,21,25,39
104,G1,plain,within,10,29,4,13,17,39
104,G1,cell_balanced,within,10,29,3,14,17,39
104,G1,readout_prev,within,10,29,6,14,20,39
104,N1,plain,within,10,29,6,17,23,39
104,N1,cell_balanced,within,10,29,6,19,25,39
104,N1,readout_prev,within,10,29,6,17,23,39
104,N2,plain,within,10,29,8,17,25,39
104,N2,cell_balanced,within,10,29,8,18,26,39
104,N2,readout_prev,within,10,29,7,15,22,39
104,N2_pre,plain,within,10,29,5,16,21,39
104,N2_pre,cell_balanced,within,10,29,5,13,18,39
104,N2_pre,readout_prev,within,10,29,8,13,21,39
104,M1,plain,within,10,29,4,18,22,39
104,M1,cell_balanced,within,10,29,3,17,20,39
104,M1,readout_prev,within,10,29,2,12,14,39
104,A1,plain,within,10,29,5,24,29,39
104,A1,cell_balanced,within,10,29,6,21,27,39
104,A1,readout_prev,within,10,29,2,18,20,39
105,F1,plain,within,11,31,9,30,39,42
105,F1,cell_balanced,within,11,31,9,26,35,42
105,F1,readout_prev,within,11,31,5,24,29,42
105,F1_pre,plain,within,11,31,8,12,20,42
105,F1_pre,cell_balanced,within,11,31,7,16,23,42
105,F1_pre,readout_prev,within,11,31,5,15,20,42
105,F2,plain,within,11,31,9,21,30,42
105,F2,cell_balanced,within,11,31,11,19,30,42
105,F2,readout_prev,within,11,31,5,15,20,42
105,O1,plain,within,11,31,7,26,33,42
105,O1,cell_balanced,within,11,31,8,26,34,42
105,O1,readout_prev,within,11,31,5,24,29,42
105,O1_pre,plain,within,11,31,6,17,23,42
105,O1_pre,cell_balanced,within,11,31,5,19,24,42
105,O1_pre,readout_prev,within,11,31,4,14,18,42
105,O2,plain,within,11,31,9,22,31,42
105,O2,cell_balanced,within,11,31,9,24,33,42
105,O2,readout_prev,within,11,31,4,13,17,42
105,G1,plain,within,11,31,9,14,23,42
105,G1,cell_balanced,within,11,31,8,15,23,42
105,G1,readout_prev,within,11,31,7,15,22,42
105,N1,plain,within,11,31,10,23,33,42
105,N1,cell_balanced,within,11,31,11,18,29,42
105,N1,readout_prev,within,11,31,5,11,16,42
105,N2,plain,within,11,31,8,29,37,42
105,N2,cell_balanced,within,11,31,8,28,36,42
105,N2,readout_prev,within,11,31,5,26,31,42
105,N2_pre,plain,within,11,31,9,17,26,42
105,N2_pre,cell_balanced,within,11,31,9,17,26,42
105,N2_pre,readout_prev,within,11,31,5,18,23,42
105,M1,plain,within,11,31,7,19,26,42
105,M1,cell_balanced,within,11,31,3,20,23,42
105,M1,readout_prev,within,11,31,3,13,16,42
105,A1,plain,within,11,31,9,20,29,42
105,A1,cell_balanced,within,11,31,9,23,32,42
105,A1,readout_prev,within,11,31,2,15,17,42
106,F1,plain,within,12,30,5,14,19,42
106,F1,cell_balanced,within,12,30,6,14,20,42
106,F1,readout_prev,within,12,30,7,15,22,42
106,F1_pre,plain,within,12,30,6,14,20,42
106,F1_pre,cell_balanced,within,12,30,5,17,22,42
106,F1_pre,readout_prev,within,12,30,4,13,17,42
106,F2,plain,within,12,30,9,17,26,42
106,F2,cell_balanced,within,12,30,7,17,24,42
106,F2,readout_prev,within,12,30,7,18,25,42
106,O1,plain,within,12,30,6,13,19,42
106,O1,cell_balanced,within,12,30,6,15,21,42
106,O1,readout_prev,within,12,30,4,12,16,42
106,O1_pre,plain,within,12,30,6,16,22,42
106,O1_pre,cell_balanced,within,12,30,9,15,24,42
106,O1_pre,readout_prev,within,12,30,8,18,26,42
106,O2,plain,within,12,30,9,21,30,42
106,O2,cell_balanced,within,12,30,8,20,28,42
106,O2,readout_prev,within,12,30,2,19,21,42
106,G1,plain,within,12,30,7,16,23,42
106,G1,cell_balanced,within,12,30,6,15,21,42
106,G1,readout_prev,within,12,30,6,15,21,42
106,N1,plain,within,12,30,7,19,26,42
106,N1,cell_balanced,within,12,30,6,19,25,42
106,N1,readout_prev,within,12,30,6,21,27,42
106,N2,plain,within,12,30,6,17,23,42
106,N2,cell_balanced,within,12,30,6,18,24,42
106,N2,readout_prev,within,12,30,4,13,17,42
106,N2_pre,plain,within,12,30,6,16,22,42
106,N2_pre,cell_balanced,within,12,30,8,14,22,42
106,N2_pre,readout_prev,within,12,30,9,15,24,42
106,M1,plain,within,12,30,7,18,25,42
106,M1,cell_balanced,within,12,30,4,17,21,42
106,M1,readout_prev,within,12,30,3,17,20,42
106,A1,plain,within,12,30,6,22,28,42
106,A1,cell_balanced,within,12,30,5,21,26,42
106,A1,readout_prev,within,12,30,2,22,24,42
107,F1,plain,within,6,36,3,15,18,42
107,F1,cell_balanced,within,6,36,3,18,21,42
107,F1,readout_prev,within,6,36,2,18,20,42
107,F1_pre,plain,within,6,36,4,16,20,42
107,F1_pre,cell_balanced,within,6,36,4,17,21,42
107,F1_pre,readout_prev,within,6,36,1,10,11,42
107,F2,plain,within,6,36,4,13,17,42
107,F2,cell_balanced,within,6,36,4,17,21,42
107,F2,readout_prev,within,6,36,1,14,15,42
107,O1,plain,within,6,36,1,18,19,42
107,O1,cell_balanced,within,6,36,2,19,21,42
107,O1,readout_prev,within,6,36,4,18,22,42
107,O1_pre,plain,within,6,36,3,15,18,42
107,O1_pre,cell_balanced,within,6,36,2,13,15,42
107,O1_pre,readout_prev,within,6,36,4,21,25,42
107,O2,plain,within,6,36,4,16,20,42
107,O2,cell_balanced,within,6,36,3,19,22,42
107,O2,readout_prev,within,6,36,3,16,19,42
107,G1,plain,within,6,36,5,18,23,42
107,G1,cell_balanced,within,6,36,4,21,25,42
107,G1,readout_prev,within,6,36,2,14,16,42
107,N1,plain,within,6,36,2,14,16,42
107,N1,cell_balanced,within,6,36,1,13,14,42
107,N1,readout_prev,within,6,36,3,16,19,42
107,N2,plain,within,6,36,3,18,21,42
107,N2,cell_balanced,within,6,36,3,19,22,42
107,N2,readout_prev,within,6,36,4,18,22,42
107,N2_pre,plain,within,6,36,2,13,15,42
107,N2_pre,cell_balanced,within,6,36,2,13,15,42
107,N2_pre,readout_prev,within,6,36,4,16,20,42
107,M1,plain,within,6,36,0,20,20,42
107,M1,cell_balanced,within,6,36,0,17,17,42
107,M1,readout_prev,within,6,36,4,21,25,42
107,A1,plain,within,6,36,1,14,15,42
107,A1,cell_balanced,within,6,36,0,12,12,42
107,A1,readout_prev,within,6,36,3,16,19,42
108,F1,plain,within,12,30,10,19,29,42
108,F1,cell_balanced,within,12,30,9,20,29,42
108,F1,readout_prev,within,12,30,4,13,17,42
108,F1_pre,plain,within,12,30,4,18,22,42
108,F1_pre,cell_balanced,within,12,30,4,17,21,42
108,F1_pre,readout_prev,within,12,30,4,14,18,42
108,F2,plain,within,12,30,6,12,18,42
108,F2,cell_balanced,within,12,30,5,14,19,42
108,F2,readout_prev,within,12,30,7,14,21,42
108,O1,plain,within,12,30,7,14,21,42
108,O1,cell_balanced,within,12,30,6,11,17,42
108,O1,readout_prev,within,12,30,7,14,21,42
108,O1_pre,plain,within,12,30,5,15,20,42
108,O1_pre,cell_balanced,within,12,30,6,12,18,42
108,O1_pre,readout_prev,within,12,30,7,19,26,42
108,O2,plain,within,12,30,8,18,26,42
108,O2,cell_balanced,within,12,30,6,20,26,42
108,O2,readout_prev,within,12,30,2,17,19,42
108,G1,plain,within,12,30,7,19,26,42
108,G1,cell_balanced,within,12,30,7,19,26,42
108,G1,readout_prev,within,12,30,5,16,21,42
108,N1,plain,within,12,30,7,22,29,42
108,N1,cell_balanced,within,12,30,7,22,29,42
108,N1,readout_prev,within,12,30,5,18,23,42
108,N2,plain,within,12,30,10,18,28,42
108,N2,cell_balanced,within,12,30,8,16,24,42
108,N2,readout_prev,within,12,30,5,16,21,42
108,N2_pre,plain,within,12,30,7,16,23,42
108,N2_pre,cell_balanced,within,12,30,7,13,20,42
108,N2_pre,readout_prev,within,12,30,6,17,23,42
108,M1,plain,within,12,30,6,17,23,42
108,M1,cell_balanced,within,12,30,5,17,22,42
108,M1,readout_prev,within,12,30,7,17,24,42
108,A1,plain,within,12,30,7,23,30,42
108,A1,cell_balanced,within,12,30,9,20,29,42
108,A1,readout_prev,within,12,30,6,18,24,42
109,F1,plain,within,9,33,6,20,26,42
109,F1,cell_balanced,within,9,33,5,18,23,42
109,F1,readout_prev,within,9,33,5,15,20,42
109,F1_pre,plain,within,9,33,5,18,23,42
109,F1_pre,cell_balanced,within,9,33,5,18,23,42
109,F1_pre,readout_prev,within,9,33,3,15,18,42
109,F2,plain,within,9,33,7,22,29,42
109,F2,cell_balanced,within,9,33,5,23,28,42
109,F2,readout_prev,within,9,33,6,22,28,42
109,O1,plain,within,9,33,5,22,27,42
109,O1,cell_balanced,within,9,33,5,19,24,42
109,O1,readout_prev,within,9,33,3,19,22,42
109,O1_pre,plain,within,9,33,3,22,25,42
109,O1_pre,cell_balanced,within,9,33,0,16,16,42
109,O1_pre,readout_prev,within,9,33,3,16,19,42
109,O2,plain,within,9,33,8,17,25,42
109,O2,cell_balanced,within,9,33,8,21,29,42
109,O2,readout_prev,within,9,33,3,10,13,42
109,G1,plain,within,9,33,4,16,20,42
109,G1,cell_balanced,within,9,33,6,18,24,42
109,G1,readout_prev,within,9,33,7,16,23,42
109,N1,plain,within,9,33,6,23,29,42
109,N1,cell_balanced,within,9,33,7,22,29,42
109,N1,readout_prev,within,9,33,4,17,21,42
109,N2,plain,within,9,33,7,22,29,42
109,N2,cell_balanced,within,9,33,6,20,26,42
109,N2,readout_prev,within,9,33,3,21,24,42
109,N2_pre,plain,within,9,33,4,21,25,42
109,N2_pre,cell_balanced,within,9,33,4,19,23,42
109,N2_pre,readout_prev,within,9,33,4,21,25,42
109,M1,plain,within,9,33,8,16,24,42
109,M1,cell_balanced,within,9,33,7,14,21,42
109,M1,readout_prev,within,9,33,6,19,25,42
109,A1,plain,within,9,33,6,15,21,42
109,A1,cell_balanced,within,9,33,7,15,22,42
109,A1,readout_prev,within,9,33,5,17,22,42
-1,F1,plain,pooled_xs,424,1249,330,867,1197,1673
-1,F1,cell_balanced,pooled_xs,424,1249,331,857,1188,1673
-1,F1,readout_prev,pooled_xs,424,1249,121,796,917,1673
-1,F1_pre,plain,pooled_xs,424,1249,210,596,806,1673
-1,F1_pre,cell_balanced,pooled_xs,424,1249,221,578,799,1673
-1,F1_pre,readout_prev,pooled_xs,424,1249,218,639,857,1673
-1,F2,plain,pooled_xs,424,1249,363,898,1261,1673
-1,F2,cell_balanced,pooled_xs,424,1249,358,901,1259,1673
-1,F2,readout_prev,pooled_xs,424,1249,112,749,861,1673
-1,O1,plain,pooled_xs,424,1249,252,750,1002,1673
-1,O1,cell_balanced,pooled_xs,424,1249,257,733,990,1673
-1,O1,readout_prev,pooled_xs,424,1249,191,724,915,1673
-1,O1_pre,plain,pooled_xs,424,1249,205,626,831,1673
-1,O1_pre,cell_balanced,pooled_xs,424,1249,224,649,873,1673
-1,O1_pre,readout_prev,pooled_xs,424,1249,208,624,832,1673
-1,O2,plain,pooled_xs,424,1249,228,656,884,1673
-1,O2,cell_balanced,pooled_xs,424,1249,236,651,887,1673
-1,O2,readout_prev,pooled_xs,424,1249,207,658,865,1673
-1,G1,plain,pooled_xs,424,1249,212,619,831,1673
-1,G1,cell_balanced,pooled_xs,424,1249,196,617,813,1673
-1,G1,readout_prev,pooled_xs,424,1249,208,624,832,1673
-1,N1,plain,pooled_xs,424,1249,232,673,905,1673
-1,N1,cell_balanced,pooled_xs,424,1249,227,664,891,1673
-1,N1,readout_prev,pooled_xs,424,1249,194,668,862,1673
-1,N2,plain,pooled_xs,424,1249,328,849,1177,1673
-1,N2,cell_balanced,pooled_xs,424,1249,324,856,1180,1673
-1,N2,readout_prev,pooled_xs,424,1249,142,765,907,1673
-1,N2_pre,plain,pooled_xs,424,1249,206,616,822,1673
-1,N2_pre,cell_balanced,pooled_xs,424,1249,211,641,852,1673
-1,N2_pre,readout_prev,pooled_xs,424,1249,209,636,845,1673
-1,M1,plain,pooled_xs,424,1249,221,693,914,1673
-1,M1,cell_balanced,pooled_xs,424,1249,225,712,937,1673
-1,M1,readout_prev,pooled_xs,424,1249,202,689,891,1673
-1,A1,plain,pooled_xs,424,1249,233,689,922,1673
-1,A1,cell_balanced,pooled_xs,424,1249,229,685,914,1673
-1,A1,readout_prev,pooled_xs,424,1249,192,674,866,1673
