filter,set,t,acc,thr_binom,above_thr
zero-phase,frontal,-1.45,0.509760178471835,0.5197992191857222,False
zero-phase,frontal,-1.35,0.5119910764082544,0.5197992191857222,False
zero-phase,frontal,-1.25,0.4740658114891243,0.5197992191857222,False
zero-phase,frontal,-1.15,0.4712771890686001,0.5197992191857222,False
zero-phase,frontal,-1.05,0.5047406581148912,0.5197992191857222,False
zero-phase,frontal,-0.95,0.5041829336307864,0.5197992191857222,False
zero-phase,frontal,-0.85,0.5186837702175126,0.5197992191857222,False
zero-phase,frontal,-0.75,0.5147796988287786,0.5197992191857222,False
zero-phase,frontal,-0.65,0.5008365867261573,0.5197992191857222,False
zero-phase,frontal,-0.55,0.4924707194645845,0.5197992191857222,False
zero-phase,frontal,-0.45,0.5064138315672058,0.5197992191857222,False
zero-phase,frontal,-0.35,0.5331846068042387,0.5197992191857222,True
zero-phase,frontal,-0.25,0.5616285554935861,0.5197992191857222,True
zero-phase,frontal,-0.15,0.6179587283881762,0.5197992191857222,True
zero-phase,frontal,-0.05,0.6553262688232013,0.5197992191857222,True
zero-phase,frontal,0.05,0.7161182375906302,0.5197992191857222,True
zero-phase,frontal,0.15,0.7177914110429447,0.5197992191857222,True
zero-phase,frontal,0.25,0.4969325153374233,0.5197992191857222,False
zero-phase,frontal,0.35,0.6581148912437256,0.5197992191857222,True
zero-phase,frontal,0.45,0.7239263803680982,0.5197992191857222,True
zero-phase,frontal,0.55,0.6938092582264361,0.5197992191857222,True
zero-phase,frontal,0.65,0.634132738427217,0.5197992191857222,True
zero-phase,frontal,0.75,0.5633017289459007,0.5197992191857222,True
zero-phase,frontal,0.85,0.4841048522030117,0.5197992191857222,False
zero-phase,frontal,0.95,0.5437813720022309,0.5197992191857222,True
zero-phase,frontal,1.05,0.569994422755159,0.5197992191857222,True
zero-phase,frontal,1.15,0.6006692693809258,0.5197992191857222,True
zero-phase,frontal,1.25,0.5817066369213608,0.5197992191857222,True
zero-phase,frontal,1.35,0.5677635248187396,0.5197992191857222,True
zero-phase,occipital,-1.45,0.4802007808142777,0.5197992191857222,False
zero-phase,occipital,-1.35,0.4947016174010039,0.5197992191857222,False
zero-phase,occipital,-1.25,0.4902398215281651,0.5197992191857222,False
zero-phase,occipital,-1.15,0.501952035694367,0.5197992191857222,False
zero-phase,occipital,-1.05,0.486893474623536,0.5197992191857222,False
zero-phase,occipital,-0.95,0.5192414947016174,0.5197992191857222,False
zero-phase,occipital,-0.85,0.5147796988287786,0.5197992191857222,False
zero-phase,occipital,-0.75,0.4997211377579476,0.5197992191857222,False
zero-phase,occipital,-0.65,0.5309537088678193,0.5197992191857222,True
zero-phase,occipital,-0.55,0.4986056887897379,0.5197992191857222,False
zero-phase,occipital,-0.45,0.5069715560513106,0.5197992191857222,False
zero-phase,occipital,-0.35,0.5108756274400447,0.5197992191857222,False
zero-phase,occipital,-0.25,0.5237032905744562,0.5197992191857222,True
zero-phase,occipital,-0.15,0.5387618516452872,0.5197992191857222,True
zero-phase,occipital,-0.05,0.5515895147796989,0.5197992191857222,True
zero-phase,occipital,0.05,0.5566090351366425,0.5197992191857222,True
zero-phase,occipital,0.15,0.5326268823201339,0.5197992191857222,True
zero-phase,occipital,0.25,0.5264919129949804,0.5197992191857222,True
zero-phase,occipital,0.35,0.5554935861684328,0.5197992191857222,True
zero-phase,occipital,0.45,0.5627440044617958,0.5197992191857222,True
zero-phase,occipital,0.55,0.5303959843837145,0.5197992191857222,True
zero-phase,occipital,0.65,0.5543781372002231,0.5197992191857222,True
zero-phase,occipital,0.75,0.5331846068042387,0.5197992191857222,True
zero-phase,occipital,0.85,0.4919129949804796,0.5197992191857222,False
zero-phase,occipital,0.95,0.5013943112102621,0.5197992191857222,False
zero-phase,occipital,1.05,0.4896820970440602,0.5197992191857222,False
zero-phase,occipital,1.15,0.4991634132738427,0.5197992191857222,False
zero-phase,occipital,1.25,0.4969325153374233,0.5197992191857222,False
zero-phase,occipital,1.35,0.5008365867261573,0.5197992191857222,False
minimum-phase,frontal,-1.45,0.4846625766871165,0.5197992191857222,False
minimum-phase,frontal,-1.35,0.4857780256553263,0.5197992191857222,False
minimum-phase,frontal,-1.25,0.5041829336307864,0.5197992191857222,False
minimum-phase,frontal,-1.15,0.4896820970440602,0.5197992191857222,False
minimum-phase,frontal,-1.05,0.4762967094255438,0.5197992191857222,False
minimum-phase,frontal,-0.95,0.4958170663692136,0.5197992191857222,False
minimum-phase,frontal,-0.85,0.4986056887897379,0.5197992191857222,False
minimum-phase,frontal,-0.75,0.4774121583937535,0.5197992191857222,False
minimum-phase,frontal,-0.65,0.4902398215281651,0.5197992191857222,False
minimum-phase,frontal,-0.55,0.5013943112102621,0.5197992191857222,False
minimum-phase,frontal,-0.45,0.4986056887897379,0.5197992191857222,False
minimum-phase,frontal,-0.35,0.4612381483547128,0.5197992191857222,False
minimum-phase,frontal,-0.25,0.517010596765198,0.5197992191857222,False
minimum-phase,frontal,-0.15,0.4762967094255438,0.5197992191857222,False
minimum-phase,frontal,-0.05,0.4729503625209146,0.5197992191857222,False
minimum-phase,frontal,0.05,0.4880089235917457,0.5197992191857222,False
minimum-phase,frontal,0.15,0.4935861684327942,0.5197992191857222,False
minimum-phase,frontal,0.25,0.634132738427217,0.5197992191857222,True
minimum-phase,frontal,0.35,0.7172336865588399,0.5197992191857222,True
minimum-phase,frontal,0.45,0.5800334634690463,0.5197992191857222,True
minimum-phase,frontal,0.55,0.5538204127161183,0.5197992191857222,True
minimum-phase,frontal,0.65,0.6787506971556051,0.5197992191857222,True
minimum-phase,frontal,0.75,0.7127718906860011,0.5197992191857222,True
minimum-phase,frontal,0.85,0.7110987172336866,0.5197992191857222,True
minimum-phase,frontal,0.95,0.6781929726715002,0.5197992191857222,True
minimum-phase,frontal,1.05,0.6056887897378694,0.5197992191857222,True
minimum-phase,frontal,1.15,0.5538204127161183,0.5197992191857222,True
minimum-phase,frontal,1.25,0.4907975460122699,0.5197992191857222,False
minimum-phase,frontal,1.35,0.5382041271611824,0.5197992191857222,True
minimum-phase,occipital,-1.45,0.5036252091466815,0.5197992191857222,False
minimum-phase,occipital,-1.35,0.5075292805354155,0.5197992191857222,False
minimum-phase,occipital,-1.25,0.4947016174010039,0.5197992191857222,False
minimum-phase,occipital,-1.15,0.4930284439486893,0.5197992191857222,False
minimum-phase,occipital,-1.05,0.4746235359732292,0.5197992191857222,False
minimum-phase,occipital,-0.95,0.4991634132738427,0.5197992191857222,False
minimum-phase,occipital,-0.85,0.509760178471835,0.5197992191857222,False
minimum-phase,occipital,-0.75,0.4947016174010039,0.5197992191857222,False
minimum-phase,occipital,-0.65,0.5331846068042387,0.5197992191857222,True
minimum-phase,occipital,-0.55,0.4963747908533185,0.5197992191857222,False
minimum-phase,occipital,-0.45,0.4986056887897379,0.5197992191857222,False
minimum-phase,occipital,-0.35,0.5052983825989961,0.5197992191857222,False
minimum-phase,occipital,-0.25,0.4718349135527049,0.5197992191857222,False
minimum-phase,occipital,-0.15,0.4824316787506971,0.5197992191857222,False
minimum-phase,occipital,-0.05,0.4802007808142777,0.5197992191857222,False
minimum-phase,occipital,0.05,0.5147796988287786,0.5197992191857222,False
minimum-phase,occipital,0.15,0.5532626882320134,0.5197992191857222,True
minimum-phase,occipital,0.25,0.5733407696597881,0.5197992191857222,True
minimum-phase,occipital,0.35,0.5672058003346346,0.5197992191857222,True
minimum-phase,occipital,0.45,0.5002788622420524,0.5197992191857222,False
minimum-phase,occipital,0.55,0.5036252091466815,0.5197992191857222,False
minimum-phase,occipital,0.65,0.5370886781929727,0.5197992191857222,True
minimum-phase,occipital,0.75,0.5393195761293921,0.5197992191857222,True
minimum-phase,occipital,0.85,0.5532626882320134,0.5197992191857222,True
minimum-phase,occipital,0.95,0.5465699944227551,0.5197992191857222,True
minimum-phase,occipital,1.05,0.5309537088678193,0.5197992191857222,True
minimum-phase,occipital,1.15,0.4907975460122699,0.5197992191857222,False
minimum-phase,occipital,1.25,0.486893474623536,0.5197992191857222,False
minimum-phase,occipital,1.35,0.4997211377579476,0.5197992191857222,False
