filter,decoder,pooled_xs_acc
zero-phase,F1,0.743446737311768
zero-phase,F1_pre,0.6123814835471277
zero-phase,F2,0.649191299498048
zero-phase,O1,0.6012269938650306
zero-phase,O1_pre,0.5488008923591746
zero-phase,N2,0.7534857780256553
zero-phase,N2_pre,0.5950920245398773
zero-phase,M1,0.5465699944227551
zero-phase,M1_pre,0.509760178471835
zero-phase,A1,0.5554935861684328
zero-phase,A1_pre,0.520914668153932
minimum-phase,F1,0.7189068600111544
minimum-phase,F1_pre,0.48243167875069715
minimum-phase,F2,0.7534857780256553
minimum-phase,O1,0.5934188510875628
minimum-phase,O1_pre,0.49693251533742333
minimum-phase,N2,0.7060791968767429
minimum-phase,N2_pre,0.4880089235917457
minimum-phase,M1,0.5460122699386503
minimum-phase,M1_pre,0.5220301171221416
minimum-phase,A1,0.5538204127161183
minimum-phase,A1_pre,0.524261015058561
