filter,decoder,pooled_xs_acc,thr_binom,above_thr
zero-phase,F1,0.743446737311768,0.5197992191857222,True
zero-phase,F1_pre,0.6123814835471277,0.5197992191857222,True
zero-phase,F2,0.649191299498048,0.5197992191857222,True
zero-phase,O1,0.6012269938650306,0.5197992191857222,True
zero-phase,O1_pre,0.5488008923591746,0.5197992191857222,True
zero-phase,N2,0.7534857780256553,0.5197992191857222,True
zero-phase,N2_pre,0.5950920245398773,0.5197992191857222,True
zero-phase,M1,0.5465699944227551,0.5197992191857222,True
zero-phase,M1_pre,0.509760178471835,0.5197992191857222,False
zero-phase,A1,0.5554935861684328,0.5197992191857222,True
zero-phase,A1_pre,0.520914668153932,0.5197992191857222,True
minimum-phase,F1,0.7189068600111544,0.5197992191857222,True
minimum-phase,F1_pre,0.4824316787506971,0.5197992191857222,False
minimum-phase,F2,0.7534857780256553,0.5197992191857222,True
minimum-phase,O1,0.5934188510875628,0.5197992191857222,True
minimum-phase,O1_pre,0.4969325153374233,0.5197992191857222,False
minimum-phase,N2,0.7060791968767429,0.5197992191857222,True
minimum-phase,N2_pre,0.4880089235917457,0.5197992191857222,False
minimum-phase,M1,0.5460122699386503,0.5197992191857222,True
minimum-phase,M1_pre,0.5220301171221416,0.5197992191857222,True
minimum-phase,A1,0.5538204127161183,0.5197992191857222,True
minimum-phase,A1_pre,0.524261015058561,0.5197992191857222,True
