subject,n_trials,median_p2p_uv,frac_trials_any_ch_p2p_gt100,frac_trials_frontal_p2p_gt100,frac_trials_nonfrontal_p2p_gt100,heog_p2p_median_uv,n_bad_channels,bad_channels,temporal_30_40_over_mu_median
70,45,312.19852826325223,1.0,1.0,1.0,264.2009567352943,4,Fp1 Fpz Fp2 Af7,0.05514424996991144
71,45,209.40137255820446,1.0,1.0,1.0,190.35599473227194,0,,0.12715370549984828
72,43,54.08302604337223,0.6976744186046512,0.5813953488372093,0.6976744186046512,113.59090240148362,0,,0.2042369701739819
73,42,78.48947097954806,1.0,1.0,1.0,82.68415990642097,7,Fp1 Fpz Fp2 Af7 Af3 Afz Af8,0.14930856154180594
74,43,74.25772855640389,0.7906976744186046,0.4186046511627907,0.7906976744186046,87.45084232941736,0,,0.1927699247116582
75,45,456.22041216120124,1.0,1.0,1.0,591.777906720381,5,Fp1 Fpz Fp2 Af7 Af8,0.27269111549942343
76,42,69.62742190808058,0.7142857142857143,0.6190476190476191,0.6904761904761905,104.9216903084016,3,Fp2 Af4 Af8,0.6722654182097542
77,45,334.8408718011342,1.0,1.0,1.0,346.65691327973036,5,Fp1 Fpz Fp2 Af7 Af8,0.05923767551424906
78,45,143.38106484501623,1.0,1.0,1.0,127.74790093317279,5,Fp1 Fpz Fp2 Af7 Af8,0.07218646751984224
79,45,305.6139830732718,1.0,1.0,1.0,290.623793262057,1,P1,0.11023643886312413
80,45,167.3236911301501,1.0,1.0,1.0,293.310105917044,0,,0.25550405267467674
81,45,126.11760394065641,1.0,1.0,1.0,190.11040740224416,5,Fp1 Fpz Fp2 Af7 Af8,0.04494358801418804
82,45,164.50115435873158,1.0,1.0,1.0,197.95402613453916,2,F5 P6,0.1094419370774887
83,45,251.38971977867186,1.0,1.0,1.0,188.17466116161086,4,Fp1 Fp2 Af7 Af8,0.14906210188593508
84,45,229.70357895246707,1.0,1.0,1.0,243.1512184557505,1,Poz,0.07199839543970543
85,45,131.18576316628605,1.0,1.0,1.0,157.29017559351632,3,Fp1 Af7 O1,0.33042200831294266
86,45,371.7611325555481,1.0,1.0,1.0,375.182724383194,3,Fpz Fp2 Af8,0.3050186061568536
87,45,244.27498647128232,1.0,1.0,1.0,237.0116562815383,0,,0.2604859926359587
88,54,284.92957790149376,1.0,1.0,1.0,375.1389531316818,5,Fp1 Fpz Fp2 Af7 Af8,0.450303897474829
89,45,49.5191961817909,0.7333333333333333,0.7111111111111111,0.7333333333333333,79.06276778157917,5,Fp1 Fpz Fp2 Af7 Af8,0.18220924136566466
90,45,260.0589687062893,1.0,1.0,1.0,245.9336828906089,8,Fp1 Fpz Fp2 Af7 Af3 Afz Af4 Af8,0.6391313266099528
91,45,392.6786157535389,1.0,1.0,1.0,530.132747371681,7,Fp1 Fpz Fp2 Af7 Af3 Af4 Af8,0.1593596463579651
92,54,265.57921955827624,1.0,1.0,1.0,322.19774766417686,0,,0.12197977750617461
93,45,122.90020640648436,1.0,0.8444444444444444,1.0,147.33955504198093,0,,0.13825096199796486
94,45,270.742046268424,1.0,1.0,1.0,329.42028519755695,4,Fp1 Fpz Fp2 Af8,0.23664711603137503
95,45,395.61016455991194,1.0,1.0,1.0,298.1448869832093,2,C2 Af4,0.24415721678952382
96,45,370.8321091835387,1.0,1.0,1.0,356.6310515452642,8,Fp1 Fpz Fp2 Af7 Af3 Afz Af4 Af8,0.20464205210914874
97,45,252.51844999729656,1.0,1.0,1.0,292.832719424041,5,Fp1 Fpz Fp2 Af3 Af8,0.14076601955111417
98,45,87.18294793652603,0.9777777777777777,0.8444444444444444,0.9777777777777777,58.23121227876982,0,,0.11116362329526532
99,45,342.8558775340207,1.0,1.0,1.0,485.5421466345433,5,Fp1 Fp2 Af7 Af8 F7,0.4544863850116059
100,36,236.79164951317944,1.0,1.0,1.0,439.00375385419466,5,Fp1 Fpz Fp2 Af7 Af8,0.965038025297674
101,45,207.2386814688798,1.0,1.0,1.0,274.1855960266548,0,,0.2419964442478371
102,42,74.18948916892987,0.8333333333333334,0.7619047619047619,0.8095238095238095,61.98838264026563,5,Fp1 Fpz Fp2 Af7 Af8,0.0750358130433495
103,45,348.82994077634066,1.0,1.0,1.0,262.66112672601594,0,,0.07237968869038712
104,42,157.56218999740668,1.0,1.0,1.0,164.26357683485548,7,Fp1 Fpz Fp2 Af7 Af3 Af4 Af8,0.09122272608322124
105,45,167.18110782676376,1.0,1.0,1.0,192.05061607863172,3,Fp1 Fpz Fp2,0.09628446299239138
106,45,236.84788902755827,1.0,1.0,1.0,227.55783720640466,5,Fp1 Fpz Fp2 Af7 Af8,0.11599722706518603
107,45,287.9395651689265,1.0,1.0,1.0,304.03460004890803,2,Af7 Af8,0.16111587743367822
108,45,248.79007833078504,1.0,1.0,1.0,383.40208629961126,5,Fp1 Fpz Fp2 Af7 Af8,0.789129574897225
109,45,185.06019114283845,1.0,1.0,1.0,181.71592091675848,9,Fc1 C4 Fp1 Fpz Fp2 Af7 Af3 Af8 F6,0.1373686893923613
