subject,runs_loaded,hdr_rate_hz,duration_s,n_left,n_right,event_code_meaning,cue_s,hdr_size_consistent,mains_peak_hz,anomalies,n_left_used,n_right_used,n_dropped
70,"4,8,12",160,369,22,23,"T0=rest,T1=imagine left fist,T2=imagine right fist","4.1",1,60,"none",22,23,0
71,"4,8,12",160,375,22,23,"T0=rest,T1=imagine left fist,T2=imagine right fist","4.1",1,60,"none",22,23,0
72,"4,8,12",160,370,22,23,"T0=rest,T1=imagine left fist,T2=imagine right fist","4,4.1",1,42,"none",22,21,2
73,"4,8,12",160,369,23,22,"T0=rest,T1=imagine left fist,T2=imagine right fist","4,4.1",1,40.25,"none",21,21,3
74,"4,8,12",160,370,24,21,"T0=rest,T1=imagine left fist,T2=imagine right fist","4,4.1",1,60,"none",22,21,2
75,"4,8,12",160,369,22,23,"T0=rest,T1=imagine left fist,T2=imagine right fist","4.1",1,60,"none",22,23,0
76,"4,8,12",160,369,23,22,"T0=rest,T1=imagine left fist,T2=imagine right fist","4,4.1",1,60,"none",21,21,3
77,"4,8,12",160,369,21,24,"T0=rest,T1=imagine left fist,T2=imagine right fist","4.1",1,60,"none",21,24,0
78,"4,8,12",160,369,23,22,"T0=rest,T1=imagine left fist,T2=imagine right fist","4.1",1,60,"none",23,22,0
79,"4,8,12",160,375,22,23,"T0=rest,T1=imagine left fist,T2=imagine right fist","4.1",1,60,"none",22,23,0
80,"4,8,12",160,369,23,22,"T0=rest,T1=imagine left fist,T2=imagine right fist","4.1",1,60,"none",23,22,0
81,"4,8,12",160,369,22,23,"T0=rest,T1=imagine left fist,T2=imagine right fist","4.1",1,60,"none",22,23,0
82,"4,8,12",160,369,23,22,"T0=rest,T1=imagine left fist,T2=imagine right fist","4.1",1,60,"none",23,22,0
83,"4,8,12",160,375,22,23,"T0=rest,T1=imagine left fist,T2=imagine right fist","4.1",1,60,"none",22,23,0
84,"4,8,12",160,369,23,22,"T0=rest,T1=imagine left fist,T2=imagine right fist","4.1",1,60,"none",23,22,0
85,"4,8,12",160,369,23,22,"T0=rest,T1=imagine left fist,T2=imagine right fist","4.1",1,60,"none",23,22,0
86,"4,8,12",160,375,22,23,"T0=rest,T1=imagine left fist,T2=imagine right fist","4.1",1,60,"none",22,23,0
87,"4,8,12",160,369,22,23,"T0=rest,T1=imagine left fist,T2=imagine right fist","4.1",1,60,"none",22,23,0
88,"4,8,12",128,372,29,28,"T0=rest,T1=imagine left fist,T2=imagine right fist","5.13",1,60,"header rate [128] Hz",27,27,3
89,"4,8,12",160,369,24,21,"T0=rest,T1=imagine left fist,T2=imagine right fist","4.1,4.15",1,40,"none",24,21,0
90,"4,8,12",160,369,22,23,"T0=rest,T1=imagine left fist,T2=imagine right fist","4.1",1,60,"none",22,23,0
91,"4,8,12",160,369,22,23,"T0=rest,T1=imagine left fist,T2=imagine right fist","4.1",1,60,"none",22,23,0
92,"4,8,12",128,372,27,30,"T0=rest,T1=imagine left fist,T2=imagine right fist","5.13",1,60,"header rate [128] Hz",25,29,3
93,"4,8,12",160,369,23,22,"T0=rest,T1=imagine left fist,T2=imagine right fist","4.1",1,60,"none",23,22,0
94,"4,8,12",160,369,22,23,"T0=rest,T1=imagine left fist,T2=imagine right fist","4.1",1,60,"none",22,23,0
95,"4,8,12",160,375,23,22,"T0=rest,T1=imagine left fist,T2=imagine right fist","4.1",1,60,"none",23,22,0
96,"4,8,12",160,375,23,22,"T0=rest,T1=imagine left fist,T2=imagine right fist","4.1",1,43,"none",23,22,0
97,"4,8,12",160,369,23,22,"T0=rest,T1=imagine left fist,T2=imagine right fist","4.1",1,60,"none",23,22,0
98,"4,8,12",160,369,23,22,"T0=rest,T1=imagine left fist,T2=imagine right fist","4.1",1,60,"none",23,22,0
99,"4,8,12",160,369,22,23,"T0=rest,T1=imagine left fist,T2=imagine right fist","4.1",1,41.25,"none",22,23,0
100,"4,8,12",128,369,18,18,"T0=rest,T1=imagine left fist,T2=imagine right fist","5.13",1,60,"R4: 6L/6R trials; R8: 6L/6R trials; R12: 6L/6R trials; header rate [128] Hz",18,18,0
101,"4,8,12",160,375,22,23,"T0=rest,T1=imagine left fist,T2=imagine right fist","4.1",1,60,"none",22,23,0
102,"4,8,12",160,369,22,23,"T0=rest,T1=imagine left fist,T2=imagine right fist","4,4.1",1,41.75,"none",21,21,3
103,"4,8,12",160,375,22,23,"T0=rest,T1=imagine left fist,T2=imagine right fist","4.1",1,60,"none",22,23,0
104,"4,8,12",160,352,22,21,"T0=rest,T1=imagine left fist,T2=imagine right fist","2.98,4.1",1,60,"R8: 7L/6R trials; run durations [123, 106, 123] s differ; cue lengths [2.98] s",21,21,1
105,"4,8,12",160,369,23,22,"T0=rest,T1=imagine left fist,T2=imagine right fist","4.1",1,60,"none",23,22,0
106,"4,8,12",160,375,24,21,"T0=rest,T1=imagine left fist,T2=imagine right fist","4.1",1,60,"none",24,21,0
107,"4,8,12",160,375,24,21,"T0=rest,T1=imagine left fist,T2=imagine right fist","4.1",1,40.5,"none",24,21,0
108,"4,8,12",160,369,22,23,"T0=rest,T1=imagine left fist,T2=imagine right fist","4.1",1,60,"none",22,23,0
109,"4,8,12",160,369,23,22,"T0=rest,T1=imagine left fist,T2=imagine right fist","4.1",1,60,"none",23,22,0
