decoder,n,acc,thr_binom,p_binom,p_perm,null_95,null_frac_above_thr
F1,1793,0.7189068600111544,0.5197992191857222,2.0779414460818568e-79,0.009900990099009901,0.5232013385387618,0.08
F1_pre,1793,0.48243167875069715,0.5197992191857222,0.9346728135538248,0.7920792079207921,0.5187116564417178,0.04
F2,1793,0.7534857780256553,0.5197992191857222,4.383892314250033e-107,0.009900990099009901,0.5259620747350808,0.15
O1,1793,0.5934188510875628,0.5197992191857222,1.2814176094802628e-15,0.009900990099009901,0.5253764640267707,0.13
O1_pre,1793,0.49693251533742333,0.5197992191857222,0.6115580524920998,0.5544554455445545,0.5237590630228667,0.06
O2,1793,0.5264919129949804,0.5197992191857222,0.0131982688916209,0.009900990099009901,0.5186837702175126,0.02
O2_pre,1793,0.5036252091466815,0.5197992191857222,0.3884419475079001,0.43564356435643564,0.5226715002788622,0.08
G1,1793,0.4963747908533185,0.5197992191857222,0.6295315785700408,0.7821782178217822,0.5160345789180145,0.04
G1_pre,1793,0.49302844394868933,0.5197992191857222,0.7303933831100353,0.8415841584158416,0.5187116564417178,0.04
N1,1793,0.5409927495817066,0.5197992191857222,0.00028059145330121916,0.009900990099009901,0.5220301171221416,0.07
N1_pre,1793,0.49302844394868933,0.5197992191857222,0.7303933831100353,0.7029702970297029,0.5214723926380368,0.11
N2,1793,0.7060791968767429,0.5197992191857222,2.4881166943449204e-70,0.009900990099009901,0.5209425543781372,0.07
N2_pre,1793,0.4880089235917457,0.5197992191857222,0.8506246577551635,0.8217821782178217,0.5238706079196876,0.1
M1,1793,0.5460122699386503,0.5197992191857222,5.318481413251969e-05,0.009900990099009901,0.5154489682097044,0.04
M1_pre,1793,0.5220301171221416,0.5197992191857222,0.03271798705498751,0.019801980198019802,0.5187116564417178,0.03
A1,1793,0.5538204127161183,0.5197992191857222,2.833488815710297e-06,0.009900990099009901,0.5204406023424428,0.07
A1_pre,1793,0.524261015058561,0.5197992191857222,0.021112913747630663,0.0297029702970297,0.5182375906302287,0.05
R1,1793,0.5080870050195203,0.5197992191857222,0.2542304785234209,0.39603960396039606,0.5225878416062465,0.14
R2,1793,0.7255995538204127,0.5197992191857222,2.144183865571165e-84,0.009900990099009901,0.5259899609592861,0.11
R12,1793,0.7261572783045176,0.5197992191857222,8.088760540402704e-85,0.009900990099009901,0.5254322364751812,0.13
