subject,decoder,n,acc,thr_binom,above_binom,p_binom,p_perm,null_frac_above_thr
70,F1,45,0.7777777777777778,0.6444444444444445,True,0.00012354389230040397,0.004975124378109453,0.05
70,F1_pre,45,0.4666666666666667,0.6444444444444445,False,0.7242578350987401,0.6766169154228856,0.06
70,F2,45,0.8444444444444444,0.6444444444444445,True,1.5606548231517081e-06,0.004975124378109453,0.08
70,O1,45,0.4,0.6444444444444445,False,0.9324217745771648,0.9054726368159204,0.075
70,O1_pre,45,0.5555555555555556,0.6444444444444445,False,0.2757421649012599,0.34328358208955223,0.075
70,O2,45,0.6222222222222222,0.6444444444444445,False,0.0675782254228352,0.11442786069651742,0.07
70,O2_pre,45,0.4444444444444444,0.6444444444444445,False,0.8143509827644948,0.7114427860696517,0.085
70,G1,45,0.5555555555555556,0.6444444444444445,False,0.2757421649012599,0.19402985074626866,0.025
70,G1_pre,45,0.5777777777777777,0.6444444444444445,False,0.1856490172355052,0.1890547263681592,0.04
70,N1,45,0.6444444444444445,0.6444444444444445,True,0.03622713008127221,0.06965174129353234,0.065
70,N1_pre,45,0.5555555555555556,0.6444444444444445,False,0.2757421649012599,0.30845771144278605,0.04
70,N2,45,0.5777777777777777,0.6444444444444445,False,0.1856490172355052,0.24378109452736318,0.07
70,N2_pre,45,0.6,0.6444444444444445,False,0.11634659595415542,0.15422885572139303,0.07
70,M1,45,0.6666666666666666,0.6444444444444445,True,0.017848901777597348,0.06965174129353234,0.095
70,M1_pre,45,0.4666666666666667,0.6444444444444445,False,0.7242578350987401,0.7313432835820896,0.115
70,A1,45,0.6444444444444445,0.6444444444444445,True,0.03622713008127221,0.05970149253731343,0.055
70,A1_pre,45,0.4888888888888889,0.6444444444444445,False,0.6170040878776035,0.572139303482587,0.07
70,R1,45,0.4888888888888889,0.6444444444444445,False,0.6170040878776035,0.5024875621890548,0.045
70,R2,45,0.8,0.6444444444444445,True,3.28733162291428e-05,0.004975124378109453,0.055
70,R12,45,0.7555555555555555,0.6444444444444445,True,0.00041204117979987126,0.009950248756218905,0.065
71,F1,45,0.9111111111111111,0.6444444444444445,True,4.6674415443703765e-09,0.004975124378109453,0.065
71,F1_pre,45,0.5111111111111111,0.6444444444444445,False,0.5,0.5174129353233831,0.04
71,F2,45,0.8444444444444444,0.6444444444444445,True,1.5606548231517081e-06,0.004975124378109453,0.08
71,O1,45,0.7111111111111111,0.6444444444444445,True,0.003304411421140684,0.01990049751243781,0.05
71,O1_pre,45,0.4444444444444444,0.6444444444444445,False,0.8143509827644948,0.7562189054726368,0.035
71,O2,45,0.4666666666666667,0.6444444444444445,False,0.7242578350987401,0.6368159203980099,0.055
71,O2_pre,45,0.5333333333333333,0.6444444444444445,False,0.3829959121223965,0.39800995024875624,0.05
71,G1,45,0.4666666666666667,0.6444444444444445,False,0.7242578350987401,0.7960199004975125,0.005
71,G1_pre,45,0.4444444444444444,0.6444444444444445,False,0.8143509827644948,0.8656716417910447,0.025
71,N1,45,0.5777777777777777,0.6444444444444445,False,0.1856490172355052,0.208955223880597,0.045
71,N1_pre,45,0.4666666666666667,0.6444444444444445,False,0.7242578350987401,0.7313432835820896,0.04
71,N2,45,0.8,0.6444444444444445,True,3.28733162291428e-05,0.004975124378109453,0.075
71,N2_pre,45,0.4888888888888889,0.6444444444444445,False,0.6170040878776035,0.5920398009950248,0.075
71,M1,45,0.7111111111111111,0.6444444444444445,True,0.003304411421140684,0.009950248756218905,0.04
71,M1_pre,45,0.5777777777777777,0.6444444444444445,False,0.1856490172355052,0.21393034825870647,0.065
71,A1,45,0.6444444444444445,0.6444444444444445,True,0.03622713008127221,0.07960199004975124,0.075
71,A1_pre,45,0.5333333333333333,0.6444444444444445,False,0.3829959121223965,0.43283582089552236,0.05
71,R1,45,0.5111111111111111,0.6444444444444445,False,0.5,0.373134328358209,0.065
71,R2,45,0.8,0.6444444444444445,True,3.28733162291428e-05,0.004975124378109453,0.07
71,R12,45,0.8,0.6444444444444445,True,3.28733162291428e-05,0.004975124378109453,0.08
72,F1,43,0.7674418604651163,0.6511627906976745,True,0.0003030533156334059,0.009950248756218905,0.08
72,F1_pre,43,0.6046511627906976,0.6511627906976745,False,0.1110264100780114,0.15422885572139303,0.075
72,F2,43,0.627906976744186,0.6511627906976745,False,0.06314473719271518,0.0845771144278607,0.045
72,O1,43,0.5813953488372093,0.6511627906976745,False,0.1801888264678837,0.2885572139303483,0.125
72,O1_pre,43,0.32558139534883723,0.6511627906976745,False,0.9931409074706607,0.9701492537313433,0.075
72,O2,43,0.5813953488372093,0.6511627906976745,False,0.1801888264678837,0.16417910447761194,0.01
72,O2_pre,43,0.5813953488372093,0.6511627906976745,False,0.1801888264678837,0.21393034825870647,0.035
72,G1,43,0.46511627906976744,0.6511627906976745,False,0.728807994071758,0.736318407960199,0.0
72,G1_pre,43,0.5116279069767442,0.6511627906976745,False,0.5,0.5074626865671642,0.015
72,N1,43,0.7209302325581395,0.6511627906976745,True,0.0027007863272956456,0.009950248756218905,0.04
72,N1_pre,43,0.5348837209302325,0.6511627906976745,False,0.38039582128067195,0.4079601990049751,0.045
72,N2,43,0.6511627906976745,0.6511627906976745,True,0.03299701722789905,0.06965174129353234,0.065
72,N2_pre,43,0.5348837209302325,0.6511627906976745,False,0.38039582128067195,0.4129353233830846,0.07
72,M1,43,0.7674418604651163,0.6511627906976745,True,0.0003030533156334059,0.004975124378109453,0.085
72,M1_pre,43,0.5813953488372093,0.6511627906976745,False,0.1801888264678837,0.2736318407960199,0.075
72,A1,43,0.7906976744186046,0.6511627906976745,True,8.507758730047499e-05,0.004975124378109453,0.0
72,A1_pre,43,0.6511627906976745,0.6511627906976745,True,0.03299701722789905,0.05970149253731343,0.055
72,R1,43,0.46511627906976744,0.6511627906976745,False,0.728807994071758,0.736318407960199,0.09
72,R2,43,0.7209302325581395,0.6511627906976745,True,0.0027007863272956456,0.014925373134328358,0.05
72,R12,43,0.7209302325581395,0.6511627906976745,True,0.0027007863272956456,0.01990049751243781,0.075
73,F1,42,0.5476190476190477,0.6428571428571429,False,0.32198447818518616,0.34328358208955223,0.065
73,F1_pre,42,0.5476190476190477,0.6428571428571429,False,0.32198447818518616,0.39800995024875624,0.04
73,F2,42,0.5714285714285714,0.6428571428571429,False,0.22039953367129783,0.3034825870646766,0.1
73,O1,42,0.35714285714285715,0.6428571428571429,False,0.978220739038079,0.9552238805970149,0.115
73,O1_pre,42,0.4523809523809524,0.6428571428571429,False,0.7796004663287022,0.7313432835820896,0.09
73,O2,42,0.6190476190476191,0.6428571428571429,False,0.08207470089155322,0.14925373134328357,0.1
73,O2_pre,42,0.5238095238095238,0.6428571428571429,False,0.4388071643761577,0.5422885572139303,0.105
73,G1,42,0.5,0.6428571428571429,False,0.5611928356238423,0.5970149253731343,0.04
73,G1_pre,42,0.47619047619047616,0.6428571428571429,False,0.6780155218148138,0.7114427860696517,0.05
73,N1,42,0.5476190476190477,0.6428571428571429,False,0.32198447818518616,0.32338308457711445,0.025
73,N1_pre,42,0.5476190476190477,0.6428571428571429,False,0.32198447818518616,0.3582089552238806,0.035
73,N2,42,0.40476190476190477,0.6428571428571429,False,0.9179252991084468,0.8606965174129353,0.07
73,N2_pre,42,0.5714285714285714,0.6428571428571429,False,0.22039953367129783,0.3034825870646766,0.08
73,M1,42,0.5476190476190477,0.6428571428571429,False,0.32198447818518616,0.3333333333333333,0.065
73,M1_pre,42,0.4523809523809524,0.6428571428571429,False,0.7796004663287022,0.7213930348258707,0.05
73,A1,42,0.5476190476190477,0.6428571428571429,False,0.32198447818518616,0.3034825870646766,0.03
73,A1_pre,42,0.5476190476190477,0.6428571428571429,False,0.32198447818518616,0.31840796019900497,0.065
73,R1,42,0.5,0.6428571428571429,False,0.5611928356238423,0.5024875621890548,0.06
73,R2,42,0.7142857142857143,0.6428571428571429,True,0.003957948667448363,0.009950248756218905,0.09
73,R12,42,0.7142857142857143,0.6428571428571429,True,0.003957948667448363,0.014925373134328358,0.11
74,F1,43,0.6976744186046512,0.6511627906976745,True,0.00685909252933925,0.014925373134328358,0.035
74,F1_pre,43,0.6046511627906976,0.6511627906976745,False,0.1110264100780114,0.16417910447761194,0.055
74,F2,43,0.627906976744186,0.6511627906976745,False,0.06314473719271518,0.13930348258706468,0.07
74,O1,43,0.7209302325581395,0.6511627906976745,True,0.0027007863272956456,0.004975124378109453,0.085
74,O1_pre,43,0.37209302325581395,0.6511627906976745,False,0.967002982772101,0.9104477611940298,0.05
74,O2,43,0.6511627906976745,0.6511627906976745,True,0.03299701722789905,0.06467661691542288,0.06
74,O2_pre,43,0.4186046511627907,0.6511627906976745,False,0.8889735899219886,0.8706467661691543,0.06
74,G1,43,0.5813953488372093,0.6511627906976745,False,0.1801888264678837,0.12437810945273632,0.005
74,G1_pre,43,0.5581395348837209,0.6511627906976745,False,0.271192005928242,0.3034825870646766,0.025
74,N1,43,0.5348837209302325,0.6511627906976745,False,0.38039582128067195,0.4129353233830846,0.065
74,N1_pre,43,0.3023255813953488,0.6511627906976745,False,0.9972992136727044,0.9950248756218906,0.055
74,N2,43,0.7209302325581395,0.6511627906976745,True,0.0027007863272956456,0.004975124378109453,0.07
74,N2_pre,43,0.4883720930232558,0.6511627906976745,False,0.619604178719328,0.6119402985074627,0.12
74,M1,43,0.5581395348837209,0.6511627906976745,False,0.271192005928242,0.36318407960199006,0.09
74,M1_pre,43,0.4883720930232558,0.6511627906976745,False,0.619604178719328,0.6119402985074627,0.04
74,A1,43,0.5348837209302325,0.6511627906976745,False,0.38039582128067195,0.3582089552238806,0.055
74,A1_pre,43,0.3488372093023256,0.6511627906976745,False,0.9842302513234245,0.9651741293532339,0.115
74,R1,43,0.5348837209302325,0.6511627906976745,False,0.38039582128067195,0.31343283582089554,0.08
74,R2,43,0.7441860465116279,0.6511627906976745,True,0.0009569805006321985,0.024875621890547265,0.085
74,R12,43,0.7674418604651163,0.6511627906976745,True,0.0003030533156334059,0.009950248756218905,0.075
75,F1,45,0.5111111111111111,0.6444444444444445,False,0.5,0.48756218905472637,0.1
75,F1_pre,45,0.5333333333333333,0.6444444444444445,False,0.3829959121223965,0.39800995024875624,0.07
75,F2,45,0.6444444444444445,0.6444444444444445,True,0.03622713008127221,0.05472636815920398,0.05
75,O1,45,0.5777777777777777,0.6444444444444445,False,0.1856490172355052,0.2537313432835821,0.075
75,O1_pre,45,0.6666666666666666,0.6444444444444445,True,0.017848901777597348,0.05472636815920398,0.085
75,O2,45,0.5777777777777777,0.6444444444444445,False,0.1856490172355052,0.16417910447761194,0.025
75,O2_pre,45,0.5777777777777777,0.6444444444444445,False,0.1856490172355052,0.24875621890547264,0.065
75,G1,45,0.4888888888888889,0.6444444444444445,False,0.6170040878776035,0.527363184079602,0.045
75,G1_pre,45,0.5777777777777777,0.6444444444444445,False,0.1856490172355052,0.1890547263681592,0.03
75,N1,45,0.5777777777777777,0.6444444444444445,False,0.1856490172355052,0.21393034825870647,0.08
75,N1_pre,45,0.5555555555555556,0.6444444444444445,False,0.2757421649012599,0.34328358208955223,0.075
75,N2,45,0.4888888888888889,0.6444444444444445,False,0.6170040878776035,0.6467661691542289,0.09
75,N2_pre,45,0.6666666666666666,0.6444444444444445,True,0.017848901777597348,0.03482587064676617,0.045
75,M1,45,0.6222222222222222,0.6444444444444445,False,0.0675782254228352,0.13432835820895522,0.085
75,M1_pre,45,0.37777777777777777,0.6444444444444445,False,0.9637728699187278,0.8855721393034826,0.05
75,A1,45,0.6444444444444445,0.6444444444444445,True,0.03622713008127221,0.03482587064676617,0.03
75,A1_pre,45,0.4444444444444444,0.6444444444444445,False,0.8143509827644948,0.7810945273631841,0.105
75,R1,45,0.5555555555555556,0.6444444444444445,False,0.2757421649012599,0.2885572139303483,0.055
75,R2,45,0.8,0.6444444444444445,True,3.28733162291428e-05,0.009950248756218905,0.095
75,R12,45,0.8,0.6444444444444445,True,3.28733162291428e-05,0.004975124378109453,0.08
76,F1,42,0.5714285714285714,0.6428571428571429,False,0.22039953367129783,0.208955223880597,0.07
76,F1_pre,42,0.5,0.6428571428571429,False,0.5611928356238423,0.5970149253731343,0.065
76,F2,42,0.6666666666666666,0.6428571428571429,True,0.021779260961920954,0.06467661691542288,0.09
76,O1,42,0.6428571428571429,0.6428571428571429,True,0.044214773493877146,0.0845771144278607,0.08
76,O1_pre,42,0.5714285714285714,0.6428571428571429,False,0.22039953367129783,0.2835820895522388,0.075
76,O2,42,0.5238095238095238,0.6428571428571429,False,0.4388071643761577,0.48258706467661694,0.04
76,O2_pre,42,0.4523809523809524,0.6428571428571429,False,0.7796004663287022,0.7263681592039801,0.075
76,G1,42,0.5,0.6428571428571429,False,0.5611928356238423,0.6666666666666666,0.01
76,G1_pre,42,0.38095238095238093,0.6428571428571429,False,0.9557852265061229,0.9850746268656716,0.015
76,N1,42,0.5952380952380952,0.6428571428571429,False,0.13997811926446957,0.1791044776119403,0.055
76,N1_pre,42,0.5952380952380952,0.6428571428571429,False,0.13997811926446957,0.17412935323383086,0.055
76,N2,42,0.6190476190476191,0.6428571428571429,False,0.08207470089155322,0.10945273631840796,0.065
76,N2_pre,42,0.5238095238095238,0.6428571428571429,False,0.4388071643761577,0.4129353233830846,0.035
76,M1,42,0.5238095238095238,0.6428571428571429,False,0.4388071643761577,0.4925373134328358,0.07
76,M1_pre,42,0.5,0.6428571428571429,False,0.5611928356238423,0.582089552238806,0.07
76,A1,42,0.6428571428571429,0.6428571428571429,True,0.044214773493877146,0.08955223880597014,0.085
76,A1_pre,42,0.6190476190476191,0.6428571428571429,False,0.08207470089155322,0.14925373134328357,0.08
76,R1,42,0.5,0.6428571428571429,False,0.5611928356238423,0.5124378109452736,0.06
76,R2,42,0.7857142857142857,0.6428571428571429,True,0.00013576961714534266,0.004975124378109453,0.09
76,R12,42,0.8095238095238095,0.6428571428571429,True,3.438555745560735e-05,0.004975124378109453,0.085
77,F1,45,0.7333333333333333,0.6444444444444445,True,0.001229450161048362,0.004975124378109453,0.095
77,F1_pre,45,0.6444444444444445,0.6444444444444445,True,0.03622713008127221,0.0845771144278607,0.08
77,F2,45,0.5333333333333333,0.6444444444444445,False,0.3829959121223965,0.44776119402985076,0.09
77,O1,45,0.5111111111111111,0.6444444444444445,False,0.5,0.5422885572139303,0.065
77,O1_pre,45,0.4222222222222222,0.6444444444444445,False,0.8836534040458446,0.8557213930348259,0.085
77,O2,45,0.6,0.6444444444444445,False,0.11634659595415542,0.1890547263681592,0.105
77,O2_pre,45,0.6222222222222222,0.6444444444444445,False,0.0675782254228352,0.10945273631840796,0.07
77,G1,45,0.6,0.6444444444444445,False,0.11634659595415542,0.029850746268656716,0.0
77,G1_pre,45,0.4888888888888889,0.6444444444444445,False,0.6170040878776035,0.7313432835820896,0.015
77,N1,45,0.6,0.6444444444444445,False,0.11634659595415542,0.15422885572139303,0.055
77,N1_pre,45,0.6444444444444445,0.6444444444444445,True,0.03622713008127221,0.06965174129353234,0.065
77,N2,45,0.6666666666666666,0.6444444444444445,True,0.017848901777597348,0.05970149253731343,0.075
77,N2_pre,45,0.4666666666666667,0.6444444444444445,False,0.7242578350987401,0.7114427860696517,0.06
77,M1,45,0.5333333333333333,0.6444444444444445,False,0.3829959121223965,0.4427860696517413,0.085
77,M1_pre,45,0.37777777777777777,0.6444444444444445,False,0.9637728699187278,0.9552238805970149,0.085
77,A1,45,0.4888888888888889,0.6444444444444445,False,0.6170040878776035,0.5572139303482587,0.095
77,A1_pre,45,0.5111111111111111,0.6444444444444445,False,0.5,0.527363184079602,0.085
77,R1,45,0.4888888888888889,0.6444444444444445,False,0.6170040878776035,0.7810945273631841,0.075
77,R2,45,0.6888888888888889,0.6444444444444445,True,0.008047180015637421,0.04477611940298507,0.1
77,R12,45,0.6666666666666666,0.6444444444444445,True,0.017848901777597348,0.03980099502487562,0.055
78,F1,45,0.6444444444444445,0.6444444444444445,True,0.03622713008127221,0.04477611940298507,0.04
78,F1_pre,45,0.37777777777777777,0.6444444444444445,False,0.9637728699187278,0.9502487562189055,0.04
78,F2,45,0.6,0.6444444444444445,False,0.11634659595415542,0.1890547263681592,0.08
78,O1,45,0.6444444444444445,0.6444444444444445,True,0.03622713008127221,0.07462686567164178,0.07
78,O1_pre,45,0.5555555555555556,0.6444444444444445,False,0.2757421649012599,0.3283582089552239,0.065
78,O2,45,0.5777777777777777,0.6444444444444445,False,0.1856490172355052,0.19402985074626866,0.045
78,O2_pre,45,0.4666666666666667,0.6444444444444445,False,0.7242578350987401,0.6965174129353234,0.105
78,G1,45,0.4444444444444444,0.6444444444444445,False,0.8143509827644948,0.7114427860696517,0.025
78,G1_pre,45,0.4444444444444444,0.6444444444444445,False,0.8143509827644948,0.7810945273631841,0.035
78,N1,45,0.6,0.6444444444444445,False,0.11634659595415542,0.21393034825870647,0.085
78,N1_pre,45,0.5333333333333333,0.6444444444444445,False,0.3829959121223965,0.38308457711442784,0.06
78,N2,45,0.5111111111111111,0.6444444444444445,False,0.5,0.43781094527363185,0.08
78,N2_pre,45,0.4888888888888889,0.6444444444444445,False,0.6170040878776035,0.6169154228855721,0.05
78,M1,45,0.5777777777777777,0.6444444444444445,False,0.1856490172355052,0.19900497512437812,0.06
78,M1_pre,45,0.5777777777777777,0.6444444444444445,False,0.1856490172355052,0.31840796019900497,0.07
78,A1,45,0.6,0.6444444444444445,False,0.11634659595415542,0.11940298507462686,0.06
78,A1_pre,45,0.5111111111111111,0.6444444444444445,False,0.5,0.5323383084577115,0.08
78,R1,45,0.4444444444444444,0.6444444444444445,False,0.8143509827644948,0.7512437810945274,0.055
78,R2,45,0.6888888888888889,0.6444444444444445,True,0.008047180015637421,0.029850746268656716,0.095
78,R12,45,0.7111111111111111,0.6444444444444445,True,0.003304411421140684,0.024875621890547265,0.085
79,F1,45,0.5111111111111111,0.6444444444444445,False,0.5,0.5124378109452736,0.05
79,F1_pre,45,0.35555555555555557,0.6444444444444445,False,0.9821510982224027,0.9303482587064676,0.05
79,F2,45,0.5333333333333333,0.6444444444444445,False,0.3829959121223965,0.35323383084577115,0.05
79,O1,45,0.4222222222222222,0.6444444444444445,False,0.8836534040458446,0.8557213930348259,0.055
79,O1_pre,45,0.6222222222222222,0.6444444444444445,False,0.0675782254228352,0.09950248756218906,0.05
79,O2,45,0.5333333333333333,0.6444444444444445,False,0.3829959121223965,0.43781094527363185,0.085
79,O2_pre,45,0.4888888888888889,0.6444444444444445,False,0.6170040878776035,0.582089552238806,0.06
79,G1,45,0.4222222222222222,0.6444444444444445,False,0.8836534040458446,0.8258706467661692,0.05
79,G1_pre,45,0.4888888888888889,0.6444444444444445,False,0.6170040878776035,0.5621890547263682,0.05
79,N1,45,0.5777777777777777,0.6444444444444445,False,0.1856490172355052,0.19402985074626866,0.03
79,N1_pre,45,0.5111111111111111,0.6444444444444445,False,0.5,0.5124378109452736,0.06
79,N2,45,0.4888888888888889,0.6444444444444445,False,0.6170040878776035,0.6169154228855721,0.115
79,N2_pre,45,0.6,0.6444444444444445,False,0.11634659595415542,0.19900497512437812,0.105
79,M1,45,0.5111111111111111,0.6444444444444445,False,0.5,0.48258706467661694,0.06
79,M1_pre,45,0.4444444444444444,0.6444444444444445,False,0.8143509827644948,0.7114427860696517,0.06
79,A1,45,0.5555555555555556,0.6444444444444445,False,0.2757421649012599,0.2885572139303483,0.045
79,A1_pre,45,0.5555555555555556,0.6444444444444445,False,0.2757421649012599,0.23880597014925373,0.045
79,R1,45,0.5111111111111111,0.6444444444444445,False,0.5,0.5174129353233831,0.075
79,R2,45,0.7333333333333333,0.6444444444444445,True,0.001229450161048362,0.014925373134328358,0.05
79,R12,45,0.6444444444444445,0.6444444444444445,True,0.03622713008127221,0.0845771144278607,0.08
80,F1,45,0.6888888888888889,0.6444444444444445,True,0.008047180015637421,0.014925373134328358,0.08
80,F1_pre,45,0.5333333333333333,0.6444444444444445,False,0.3829959121223965,0.3781094527363184,0.03
80,F2,45,0.6888888888888889,0.6444444444444445,True,0.008047180015637421,0.024875621890547265,0.075
80,O1,45,0.5555555555555556,0.6444444444444445,False,0.2757421649012599,0.39303482587064675,0.105
80,O1_pre,45,0.5555555555555556,0.6444444444444445,False,0.2757421649012599,0.3681592039800995,0.1
80,O2,45,0.6,0.6444444444444445,False,0.11634659595415542,0.15920398009950248,0.04
80,O2_pre,45,0.4,0.6444444444444445,False,0.9324217745771648,0.8905472636815921,0.04
80,G1,45,0.5555555555555556,0.6444444444444445,False,0.2757421649012599,0.29850746268656714,0.065
80,G1_pre,45,0.37777777777777777,0.6444444444444445,False,0.9637728699187278,0.9303482587064676,0.04
80,N1,45,0.5555555555555556,0.6444444444444445,False,0.2757421649012599,0.3034825870646766,0.055
80,N1_pre,45,0.5333333333333333,0.6444444444444445,False,0.3829959121223965,0.3681592039800995,0.05
80,N2,45,0.7555555555555555,0.6444444444444445,True,0.00041204117979987126,0.004975124378109453,0.08
80,N2_pre,45,0.5111111111111111,0.6444444444444445,False,0.5,0.4925373134328358,0.055
80,M1,45,0.5333333333333333,0.6444444444444445,False,0.3829959121223965,0.35323383084577115,0.065
80,M1_pre,45,0.4888888888888889,0.6444444444444445,False,0.6170040878776035,0.582089552238806,0.055
80,A1,45,0.5555555555555556,0.6444444444444445,False,0.2757421649012599,0.2736318407960199,0.025
80,A1_pre,45,0.4666666666666667,0.6444444444444445,False,0.7242578350987401,0.681592039800995,0.065
80,R1,45,0.4888888888888889,0.6444444444444445,False,0.6170040878776035,0.5621890547263682,0.05
80,R2,45,0.7333333333333333,0.6444444444444445,True,0.001229450161048362,0.004975124378109453,0.065
80,R12,45,0.7333333333333333,0.6444444444444445,True,0.001229450161048362,0.009950248756218905,0.07
81,F1,45,0.8222222222222222,0.6444444444444445,True,7.687045098236922e-06,0.004975124378109453,0.065
81,F1_pre,45,0.6,0.6444444444444445,False,0.11634659595415542,0.12935323383084577,0.055
81,F2,45,0.6888888888888889,0.6444444444444445,True,0.008047180015637421,0.01990049751243781,0.095
81,O1,45,0.6666666666666666,0.6444444444444445,True,0.017848901777597348,0.07462686567164178,0.105
81,O1_pre,45,0.6,0.6444444444444445,False,0.11634659595415542,0.16417910447761194,0.06
81,O2,45,0.37777777777777777,0.6444444444444445,False,0.9637728699187278,0.9402985074626866,0.08
81,O2_pre,45,0.4444444444444444,0.6444444444444445,False,0.8143509827644948,0.7810945273631841,0.07
81,G1,45,0.6222222222222222,0.6444444444444445,False,0.0675782254228352,0.06965174129353234,0.03
81,G1_pre,45,0.5333333333333333,0.6444444444444445,False,0.3829959121223965,0.3582089552238806,0.04
81,N1,45,0.4,0.6444444444444445,False,0.9324217745771648,0.8656716417910447,0.07
81,N1_pre,45,0.4444444444444444,0.6444444444444445,False,0.8143509827644948,0.7512437810945274,0.08
81,N2,45,0.7333333333333333,0.6444444444444445,True,0.001229450161048362,0.014925373134328358,0.055
81,N2_pre,45,0.6222222222222222,0.6444444444444445,False,0.0675782254228352,0.10945273631840796,0.055
81,M1,45,0.3333333333333333,0.6444444444444445,False,0.9919528199843626,0.9552238805970149,0.055
81,M1_pre,45,0.5111111111111111,0.6444444444444445,False,0.5,0.5074626865671642,0.09
81,A1,45,0.26666666666666666,0.6444444444444445,False,0.9995879588202001,0.9950248756218906,0.065
81,A1_pre,45,0.4222222222222222,0.6444444444444445,False,0.8836534040458446,0.7810945273631841,0.075
81,R1,45,0.4444444444444444,0.6444444444444445,False,0.8143509827644948,0.746268656716418,0.04
81,R2,45,0.5777777777777777,0.6444444444444445,False,0.1856490172355052,0.25870646766169153,0.055
81,R12,45,0.5777777777777777,0.6444444444444445,False,0.1856490172355052,0.23383084577114427,0.065
82,F1,45,0.6444444444444445,0.6444444444444445,True,0.03622713008127221,0.07960199004975124,0.075
82,F1_pre,45,0.6,0.6444444444444445,False,0.11634659595415542,0.10945273631840796,0.025
82,F2,45,0.7777777777777778,0.6444444444444445,True,0.00012354389230040397,0.004975124378109453,0.04
82,O1,45,0.6222222222222222,0.6444444444444445,False,0.0675782254228352,0.11940298507462686,0.055
82,O1_pre,45,0.4666666666666667,0.6444444444444445,False,0.7242578350987401,0.7164179104477612,0.055
82,O2,45,0.6,0.6444444444444445,False,0.11634659595415542,0.1691542288557214,0.1
82,O2_pre,45,0.4222222222222222,0.6444444444444445,False,0.8836534040458446,0.7960199004975125,0.08
82,G1,45,0.6,0.6444444444444445,False,0.11634659595415542,0.08955223880597014,0.03
82,G1_pre,45,0.5555555555555556,0.6444444444444445,False,0.2757421649012599,0.31343283582089554,0.055
82,N1,45,0.5777777777777777,0.6444444444444445,False,0.1856490172355052,0.22388059701492538,0.065
82,N1_pre,45,0.5111111111111111,0.6444444444444445,False,0.5,0.47761194029850745,0.085
82,N2,45,0.5777777777777777,0.6444444444444445,False,0.1856490172355052,0.23880597014925373,0.085
82,N2_pre,45,0.4666666666666667,0.6444444444444445,False,0.7242578350987401,0.6915422885572139,0.095
82,M1,45,0.6222222222222222,0.6444444444444445,False,0.0675782254228352,0.16417910447761194,0.105
82,M1_pre,45,0.5777777777777777,0.6444444444444445,False,0.1856490172355052,0.21393034825870647,0.065
82,A1,45,0.6444444444444445,0.6444444444444445,True,0.03622713008127221,0.0845771144278607,0.08
82,A1_pre,45,0.5111111111111111,0.6444444444444445,False,0.5,0.4925373134328358,0.05
82,R1,45,0.4666666666666667,0.6444444444444445,False,0.7242578350987401,0.6965174129353234,0.05
82,R2,45,0.8,0.6444444444444445,True,3.28733162291428e-05,0.004975124378109453,0.085
82,R12,45,0.8,0.6444444444444445,True,3.28733162291428e-05,0.004975124378109453,0.08
83,F1,45,0.4888888888888889,0.6444444444444445,False,0.6170040878776035,0.5124378109452736,0.055
83,F1_pre,45,0.5111111111111111,0.6444444444444445,False,0.5,0.5472636815920398,0.065
83,F2,45,0.5555555555555556,0.6444444444444445,False,0.2757421649012599,0.31343283582089554,0.045
83,O1,45,0.5111111111111111,0.6444444444444445,False,0.5,0.5124378109452736,0.055
83,O1_pre,45,0.37777777777777777,0.6444444444444445,False,0.9637728699187278,0.9353233830845771,0.07
83,O2,45,0.4222222222222222,0.6444444444444445,False,0.8836534040458446,0.8258706467661692,0.055
83,O2_pre,45,0.5111111111111111,0.6444444444444445,False,0.5,0.5124378109452736,0.045
83,G1,45,0.37777777777777777,0.6444444444444445,False,0.9637728699187278,0.9552238805970149,0.03
83,G1_pre,45,0.4444444444444444,0.6444444444444445,False,0.8143509827644948,0.7761194029850746,0.02
83,N1,45,0.4444444444444444,0.6444444444444445,False,0.8143509827644948,0.8009950248756219,0.055
83,N1_pre,45,0.5111111111111111,0.6444444444444445,False,0.5,0.5920398009950248,0.045
83,N2,45,0.4444444444444444,0.6444444444444445,False,0.8143509827644948,0.7661691542288557,0.085
83,N2_pre,45,0.4888888888888889,0.6444444444444445,False,0.6170040878776035,0.6069651741293532,0.05
83,M1,45,0.5333333333333333,0.6444444444444445,False,0.3829959121223965,0.35323383084577115,0.055
83,M1_pre,45,0.5777777777777777,0.6444444444444445,False,0.1856490172355052,0.2736318407960199,0.075
83,A1,45,0.4444444444444444,0.6444444444444445,False,0.8143509827644948,0.7412935323383084,0.075
83,A1_pre,45,0.5555555555555556,0.6444444444444445,False,0.2757421649012599,0.3781094527363184,0.095
83,R1,45,0.4222222222222222,0.6444444444444445,False,0.8836534040458446,0.8308457711442786,0.04
83,R2,45,0.6888888888888889,0.6444444444444445,True,0.008047180015637421,0.024875621890547265,0.105
83,R12,45,0.6222222222222222,0.6444444444444445,False,0.0675782254228352,0.12935323383084577,0.085
84,F1,45,0.7555555555555555,0.6444444444444445,True,0.00041204117979987126,0.009950248756218905,0.085
84,F1_pre,45,0.5555555555555556,0.6444444444444445,False,0.2757421649012599,0.4079601990049751,0.065
84,F2,45,0.6888888888888889,0.6444444444444445,True,0.008047180015637421,0.01990049751243781,0.04
84,O1,45,0.4,0.6444444444444445,False,0.9324217745771648,0.8955223880597015,0.075
84,O1_pre,45,0.5111111111111111,0.6444444444444445,False,0.5,0.5373134328358209,0.115
84,O2,45,0.4444444444444444,0.6444444444444445,False,0.8143509827644948,0.7611940298507462,0.045
84,O2_pre,45,0.4222222222222222,0.6444444444444445,False,0.8836534040458446,0.8258706467661692,0.07
84,G1,45,0.4444444444444444,0.6444444444444445,False,0.8143509827644948,0.900497512437811,0.035
84,G1_pre,45,0.6444444444444445,0.6444444444444445,True,0.03622713008127221,0.01990049751243781,0.015
84,N1,45,0.5555555555555556,0.6444444444444445,False,0.2757421649012599,0.25870646766169153,0.035
84,N1_pre,45,0.5555555555555556,0.6444444444444445,False,0.2757421649012599,0.26865671641791045,0.065
84,N2,45,0.6222222222222222,0.6444444444444445,False,0.0675782254228352,0.10945273631840796,0.065
84,N2_pre,45,0.6,0.6444444444444445,False,0.11634659595415542,0.15920398009950248,0.06
84,M1,45,0.6,0.6444444444444445,False,0.11634659595415542,0.16417910447761194,0.065
84,M1_pre,45,0.6,0.6444444444444445,False,0.11634659595415542,0.22885572139303484,0.08
84,A1,45,0.6,0.6444444444444445,False,0.11634659595415542,0.15920398009950248,0.04
84,A1_pre,45,0.6222222222222222,0.6444444444444445,False,0.0675782254228352,0.14427860696517414,0.065
84,R1,45,0.4888888888888889,0.6444444444444445,False,0.6170040878776035,0.5671641791044776,0.055
84,R2,45,0.4666666666666667,0.6444444444444445,False,0.7242578350987401,0.6467661691542289,0.065
84,R12,45,0.5333333333333333,0.6444444444444445,False,0.3829959121223965,0.4079601990049751,0.07
85,F1,45,0.5777777777777777,0.6444444444444445,False,0.1856490172355052,0.21393034825870647,0.04
85,F1_pre,45,0.35555555555555557,0.6444444444444445,False,0.9821510982224027,0.9601990049751243,0.09
85,F2,45,0.6,0.6444444444444445,False,0.11634659595415542,0.15422885572139303,0.07
85,O1,45,0.6666666666666666,0.6444444444444445,True,0.017848901777597348,0.029850746268656716,0.045
85,O1_pre,45,0.4222222222222222,0.6444444444444445,False,0.8836534040458446,0.8656716417910447,0.07
85,O2,45,0.7777777777777778,0.6444444444444445,True,0.00012354389230040397,0.004975124378109453,0.065
85,O2_pre,45,0.35555555555555557,0.6444444444444445,False,0.9821510982224027,0.9701492537313433,0.085
85,G1,45,0.4222222222222222,0.6444444444444445,False,0.8836534040458446,0.8955223880597015,0.035
85,G1_pre,45,0.5333333333333333,0.6444444444444445,False,0.3829959121223965,0.373134328358209,0.03
85,N1,45,0.7333333333333333,0.6444444444444445,True,0.001229450161048362,0.004975124378109453,0.05
85,N1_pre,45,0.4666666666666667,0.6444444444444445,False,0.7242578350987401,0.6616915422885572,0.035
85,N2,45,0.7111111111111111,0.6444444444444445,True,0.003304411421140684,0.004975124378109453,0.06
85,N2_pre,45,0.3111111111111111,0.6444444444444445,False,0.9966955885788593,0.9651741293532339,0.105
85,M1,45,0.8888888888888888,0.6444444444444445,True,3.9391920836351346e-08,0.004975124378109453,0.055
85,M1_pre,45,0.5333333333333333,0.6444444444444445,False,0.3829959121223965,0.39303482587064675,0.06
85,A1,45,0.8222222222222222,0.6444444444444445,True,7.687045098236922e-06,0.004975124378109453,0.07
85,A1_pre,45,0.4,0.6444444444444445,False,0.9324217745771648,0.8756218905472637,0.07
85,R1,45,0.5555555555555556,0.6444444444444445,False,0.2757421649012599,0.3582089552238806,0.07
85,R2,45,0.7333333333333333,0.6444444444444445,True,0.001229450161048362,0.014925373134328358,0.07
85,R12,45,0.7777777777777778,0.6444444444444445,True,0.00012354389230040397,0.004975124378109453,0.035
86,F1,45,0.7777777777777778,0.6444444444444445,True,0.00012354389230040397,0.004975124378109453,0.085
86,F1_pre,45,0.4888888888888889,0.6444444444444445,False,0.6170040878776035,0.5920398009950248,0.065
86,F2,45,0.7555555555555555,0.6444444444444445,True,0.00041204117979987126,0.004975124378109453,0.055
86,O1,45,0.5777777777777777,0.6444444444444445,False,0.1856490172355052,0.21393034825870647,0.07
86,O1_pre,45,0.4888888888888889,0.6444444444444445,False,0.6170040878776035,0.5174129353233831,0.085
86,O2,45,0.7333333333333333,0.6444444444444445,True,0.001229450161048362,0.004975124378109453,0.06
86,O2_pre,45,0.4444444444444444,0.6444444444444445,False,0.8143509827644948,0.7761194029850746,0.06
86,G1,45,0.5777777777777777,0.6444444444444445,False,0.1856490172355052,0.16417910447761194,0.045
86,G1_pre,45,0.4222222222222222,0.6444444444444445,False,0.8836534040458446,0.8756218905472637,0.045
86,N1,45,0.6,0.6444444444444445,False,0.11634659595415542,0.14427860696517414,0.03
86,N1_pre,45,0.28888888888888886,0.6444444444444445,False,0.9987705498389516,1.0,0.06
86,N2,45,0.7111111111111111,0.6444444444444445,True,0.003304411421140684,0.014925373134328358,0.08
86,N2_pre,45,0.4444444444444444,0.6444444444444445,False,0.8143509827644948,0.8009950248756219,0.07
86,M1,45,0.3333333333333333,0.6444444444444445,False,0.9919528199843626,0.9800995024875622,0.08
86,M1_pre,45,0.4444444444444444,0.6444444444444445,False,0.8143509827644948,0.8059701492537313,0.095
86,A1,45,0.5555555555555556,0.6444444444444445,False,0.2757421649012599,0.2885572139303483,0.05
86,A1_pre,45,0.4,0.6444444444444445,False,0.9324217745771648,0.9154228855721394,0.045
86,R1,45,0.4888888888888889,0.6444444444444445,False,0.6170040878776035,0.5223880597014925,0.065
86,R2,45,0.6,0.6444444444444445,False,0.11634659595415542,0.18407960199004975,0.09
86,R12,45,0.6222222222222222,0.6444444444444445,False,0.0675782254228352,0.11940298507462686,0.09
87,F1,45,0.6,0.6444444444444445,False,0.11634659595415542,0.16417910447761194,0.08
87,F1_pre,45,0.4666666666666667,0.6444444444444445,False,0.7242578350987401,0.6567164179104478,0.055
87,F2,45,0.5555555555555556,0.6444444444444445,False,0.2757421649012599,0.373134328358209,0.085
87,O1,45,0.3333333333333333,0.6444444444444445,False,0.9919528199843626,0.9800995024875622,0.015
87,O1_pre,45,0.37777777777777777,0.6444444444444445,False,0.9637728699187278,0.8756218905472637,0.07
87,O2,45,0.6,0.6444444444444445,False,0.11634659595415542,0.17412935323383086,0.07
87,O2_pre,45,0.5111111111111111,0.6444444444444445,False,0.5,0.5074626865671642,0.08
87,G1,45,0.4666666666666667,0.6444444444444445,False,0.7242578350987401,0.7064676616915423,0.015
87,G1_pre,45,0.5111111111111111,0.6444444444444445,False,0.5,0.5174129353233831,0.045
87,N1,45,0.4222222222222222,0.6444444444444445,False,0.8836534040458446,0.8557213930348259,0.04
87,N1_pre,45,0.4222222222222222,0.6444444444444445,False,0.8836534040458446,0.8507462686567164,0.05
87,N2,45,0.5111111111111111,0.6444444444444445,False,0.5,0.5074626865671642,0.055
87,N2_pre,45,0.4222222222222222,0.6444444444444445,False,0.8836534040458446,0.8208955223880597,0.04
87,M1,45,0.4,0.6444444444444445,False,0.9324217745771648,0.9154228855721394,0.075
87,M1_pre,45,0.37777777777777777,0.6444444444444445,False,0.9637728699187278,0.9751243781094527,0.04
87,A1,45,0.4444444444444444,0.6444444444444445,False,0.8143509827644948,0.7661691542288557,0.07
87,A1_pre,45,0.37777777777777777,0.6444444444444445,False,0.9637728699187278,0.9203980099502488,0.05
87,R1,45,0.5111111111111111,0.6444444444444445,False,0.5,0.4228855721393035,0.07
87,R2,45,0.7777777777777778,0.6444444444444445,True,0.00012354389230040397,0.009950248756218905,0.095
87,R12,45,0.6666666666666666,0.6444444444444445,True,0.017848901777597348,0.04975124378109453,0.08
88,F1,54,0.6851851851851852,0.6296296296296297,True,0.004536670169793587,0.004975124378109453,0.025
88,F1_pre,54,0.37037037037037035,0.6296296296296297,False,0.9798882179521416,0.9601990049751243,0.04
88,F2,54,0.4444444444444444,0.6296296296296297,False,0.8295545293899514,0.7810945273631841,0.045
88,O1,54,0.7037037037037037,0.6296296296296297,True,0.001919132940163048,0.009950248756218905,0.025
88,O1_pre,54,0.4444444444444444,0.6296296296296297,False,0.8295545293899514,0.7412935323383084,0.045
88,O2,54,0.46296296296296297,0.6296296296296297,False,0.7516912823410333,0.6218905472636815,0.055
88,O2_pre,54,0.5740740740740741,0.6296296296296297,False,0.17044547061004856,0.1691542288557214,0.075
88,G1,54,0.46296296296296297,0.6296296296296297,False,0.7516912823410333,0.8059701492537313,0.0
88,G1_pre,54,0.5925925925925926,0.6296296296296297,False,0.11016424708830547,0.06965174129353234,0.005
88,N1,54,0.4444444444444444,0.6296296296296297,False,0.8295545293899514,0.7810945273631841,0.045
88,N1_pre,54,0.5925925925925926,0.6296296296296297,False,0.11016424708830547,0.11940298507462686,0.03
88,N2,54,0.7222222222222222,0.6296296296296297,True,0.0007481294426967542,0.014925373134328358,0.06
88,N2_pre,54,0.35185185185185186,0.6296296296296297,False,0.9900828366359659,0.9850746268656716,0.035
88,M1,54,0.5370370370370371,0.6296296296296297,False,0.34174461411766854,0.31840796019900497,0.02
88,M1_pre,54,0.5185185185185185,0.6296296296296297,False,0.4459615755523744,0.4427860696517413,0.025
88,A1,54,0.5925925925925926,0.6296296296296297,False,0.11016424708830547,0.1691542288557214,0.08
88,A1_pre,54,0.5925925925925926,0.6296296296296297,False,0.11016424708830547,0.1890547263681592,0.065
88,R1,54,0.5,0.6296296296296297,False,0.5540384244476255,0.40298507462686567,0.05
88,R2,54,0.5925925925925926,0.6296296296296297,False,0.11016424708830547,0.13930348258706468,0.045
88,R12,54,0.6481481481481481,0.6296296296296297,True,0.020111782047858344,0.024875621890547265,0.06
89,F1,45,0.6444444444444445,0.6444444444444445,True,0.03622713008127221,0.08955223880597014,0.085
89,F1_pre,45,0.5333333333333333,0.6444444444444445,False,0.3829959121223965,0.4925373134328358,0.08
89,F2,45,0.5555555555555556,0.6444444444444445,False,0.2757421649012599,0.3383084577114428,0.045
89,O1,45,0.7111111111111111,0.6444444444444445,True,0.003304411421140684,0.014925373134328358,0.045
89,O1_pre,45,0.6,0.6444444444444445,False,0.11634659595415542,0.18407960199004975,0.065
89,O2,45,0.6222222222222222,0.6444444444444445,False,0.0675782254228352,0.0845771144278607,0.045
89,O2_pre,45,0.3111111111111111,0.6444444444444445,False,0.9966955885788593,0.9950248756218906,0.055
89,G1,45,0.5111111111111111,0.6444444444444445,False,0.5,0.5920398009950248,0.03
89,G1_pre,45,0.4888888888888889,0.6444444444444445,False,0.6170040878776035,0.6865671641791045,0.04
89,N1,45,0.6,0.6444444444444445,False,0.11634659595415542,0.10945273631840796,0.06
89,N1_pre,45,0.5111111111111111,0.6444444444444445,False,0.5,0.5422885572139303,0.055
89,N2,45,0.6666666666666666,0.6444444444444445,True,0.017848901777597348,0.03980099502487562,0.08
89,N2_pre,45,0.5555555555555556,0.6444444444444445,False,0.2757421649012599,0.3333333333333333,0.085
89,M1,45,0.37777777777777777,0.6444444444444445,False,0.9637728699187278,0.9502487562189055,0.075
89,M1_pre,45,0.37777777777777777,0.6444444444444445,False,0.9637728699187278,0.9402985074626866,0.065
89,A1,45,0.5555555555555556,0.6444444444444445,False,0.2757421649012599,0.35323383084577115,0.08
89,A1_pre,45,0.4888888888888889,0.6444444444444445,False,0.6170040878776035,0.6616915422885572,0.07
89,R1,45,0.5111111111111111,0.6444444444444445,False,0.5,0.6318407960199005,0.085
89,R2,45,0.8222222222222222,0.6444444444444445,True,7.687045098236922e-06,0.004975124378109453,0.075
89,R12,45,0.8,0.6444444444444445,True,3.28733162291428e-05,0.004975124378109453,0.085
90,F1,45,0.6666666666666666,0.6444444444444445,True,0.017848901777597348,0.03980099502487562,0.07
90,F1_pre,45,0.4222222222222222,0.6444444444444445,False,0.8836534040458446,0.8258706467661692,0.085
90,F2,45,0.7333333333333333,0.6444444444444445,True,0.001229450161048362,0.014925373134328358,0.055
90,O1,45,0.6666666666666666,0.6444444444444445,True,0.017848901777597348,0.04477611940298507,0.055
90,O1_pre,45,0.6222222222222222,0.6444444444444445,False,0.0675782254228352,0.10945273631840796,0.075
90,O2,45,0.6666666666666666,0.6444444444444445,True,0.017848901777597348,0.014925373134328358,0.03
90,O2_pre,45,0.4666666666666667,0.6444444444444445,False,0.7242578350987401,0.681592039800995,0.04
90,G1,45,0.5111111111111111,0.6444444444444445,False,0.5,0.5074626865671642,0.06
90,G1_pre,45,0.4,0.6444444444444445,False,0.9324217745771648,0.900497512437811,0.035
90,N1,45,0.6222222222222222,0.6444444444444445,False,0.0675782254228352,0.0945273631840796,0.055
90,N1_pre,45,0.37777777777777777,0.6444444444444445,False,0.9637728699187278,0.9154228855721394,0.055
90,N2,45,0.6888888888888889,0.6444444444444445,True,0.008047180015637421,0.024875621890547265,0.095
90,N2_pre,45,0.5333333333333333,0.6444444444444445,False,0.3829959121223965,0.4228855721393035,0.08
90,M1,45,0.4444444444444444,0.6444444444444445,False,0.8143509827644948,0.8706467661691543,0.02
90,M1_pre,45,0.4444444444444444,0.6444444444444445,False,0.8143509827644948,0.736318407960199,0.08
90,A1,45,0.6222222222222222,0.6444444444444445,False,0.0675782254228352,0.0845771144278607,0.05
90,A1_pre,45,0.4,0.6444444444444445,False,0.9324217745771648,0.9104477611940298,0.04
90,R1,45,0.4888888888888889,0.6444444444444445,False,0.6170040878776035,0.5920398009950248,0.08
90,R2,45,0.7555555555555555,0.6444444444444445,True,0.00041204117979987126,0.004975124378109453,0.075
90,R12,45,0.7555555555555555,0.6444444444444445,True,0.00041204117979987126,0.004975124378109453,0.05
91,F1,45,0.7555555555555555,0.6444444444444445,True,0.00041204117979987126,0.004975124378109453,0.075
91,F1_pre,45,0.5111111111111111,0.6444444444444445,False,0.5,0.48756218905472637,0.085
91,F2,45,0.6,0.6444444444444445,False,0.11634659595415542,0.22388059701492538,0.105
91,O1,45,0.6888888888888889,0.6444444444444445,True,0.008047180015637421,0.03980099502487562,0.075
91,O1_pre,45,0.6,0.6444444444444445,False,0.11634659595415542,0.19900497512437812,0.105
91,O2,45,0.35555555555555557,0.6444444444444445,False,0.9821510982224027,0.9502487562189055,0.045
91,O2_pre,45,0.5333333333333333,0.6444444444444445,False,0.3829959121223965,0.35323383084577115,0.055
91,G1,45,0.4444444444444444,0.6444444444444445,False,0.8143509827644948,0.8656716417910447,0.0
91,G1_pre,45,0.5333333333333333,0.6444444444444445,False,0.3829959121223965,0.31343283582089554,0.005
91,N1,45,0.35555555555555557,0.6444444444444445,False,0.9821510982224027,0.9651741293532339,0.045
91,N1_pre,45,0.3333333333333333,0.6444444444444445,False,0.9919528199843626,0.9751243781094527,0.06
91,N2,45,0.7333333333333333,0.6444444444444445,True,0.001229450161048362,0.004975124378109453,0.07
91,N2_pre,45,0.5555555555555556,0.6444444444444445,False,0.2757421649012599,0.25870646766169153,0.07
91,M1,45,0.4,0.6444444444444445,False,0.9324217745771648,0.8656716417910447,0.045
91,M1_pre,45,0.4666666666666667,0.6444444444444445,False,0.7242578350987401,0.7164179104477612,0.07
91,A1,45,0.4,0.6444444444444445,False,0.9324217745771648,0.9154228855721394,0.055
91,A1_pre,45,0.35555555555555557,0.6444444444444445,False,0.9821510982224027,0.9751243781094527,0.075
91,R1,45,0.4666666666666667,0.6444444444444445,False,0.7242578350987401,0.6467661691542289,0.04
91,R2,45,0.6,0.6444444444444445,False,0.11634659595415542,0.17412935323383086,0.08
91,R12,45,0.6444444444444445,0.6444444444444445,True,0.03622713008127221,0.05472636815920398,0.05
92,F1,54,0.7407407407407407,0.6296296296296297,True,0.0002677177514285311,0.004975124378109453,0.085
92,F1_pre,54,0.46296296296296297,0.6296296296296297,False,0.7516912823410333,0.736318407960199,0.085
92,F2,54,0.7777777777777778,0.6296296296296297,True,2.604723600396763e-05,0.004975124378109453,0.07
92,O1,54,0.5185185185185185,0.6296296296296297,False,0.4459615755523744,0.48756218905472637,0.115
92,O1_pre,54,0.42592592592592593,0.6296296296296297,False,0.8898357529116945,0.8258706467661692,0.04
92,O2,54,0.5555555555555556,0.6296296296296297,False,0.24830871765896673,0.29850746268656714,0.07
92,O2_pre,54,0.48148148148148145,0.6296296296296297,False,0.6582553858823315,0.6616915422885572,0.085
92,G1,54,0.5185185185185185,0.6296296296296297,False,0.4459615755523744,0.5472636815920398,0.015
92,G1_pre,54,0.3888888888888889,0.6296296296296297,False,0.9620476352554493,0.9800995024875622,0.04
92,N1,54,0.6296296296296297,0.6296296296296297,True,0.0379523647445507,0.07462686567164178,0.07
92,N1_pre,54,0.42592592592592593,0.6296296296296297,False,0.8898357529116945,0.8606965174129353,0.065
92,N2,54,0.6666666666666666,0.6296296296296297,True,0.00991716336403414,0.04477611940298507,0.08
92,N2_pre,54,0.42592592592592593,0.6296296296296297,False,0.8898357529116945,0.8756218905472637,0.09
92,M1,54,0.5370370370370371,0.6296296296296297,False,0.34174461411766854,0.4129353233830846,0.065
92,M1_pre,54,0.6666666666666666,0.6296296296296297,True,0.00991716336403414,0.024875621890547265,0.055
92,A1,54,0.6111111111111112,0.6296296296296297,False,0.06683711768205261,0.11442786069651742,0.05
92,A1_pre,54,0.5925925925925926,0.6296296296296297,False,0.11016424708830547,0.18407960199004975,0.06
92,R1,54,0.5,0.6296296296296297,False,0.5540384244476255,0.7810945273631841,0.045
92,R2,54,0.7037037037037037,0.6296296296296297,True,0.001919132940163048,0.004975124378109453,0.09
92,R12,54,0.6851851851851852,0.6296296296296297,True,0.004536670169793587,0.024875621890547265,0.09
93,F1,45,0.6222222222222222,0.6444444444444445,False,0.0675782254228352,0.07960199004975124,0.055
93,F1_pre,45,0.4666666666666667,0.6444444444444445,False,0.7242578350987401,0.7014925373134329,0.07
93,F2,45,0.6222222222222222,0.6444444444444445,False,0.0675782254228352,0.13432835820895522,0.085
93,O1,45,0.5555555555555556,0.6444444444444445,False,0.2757421649012599,0.2935323383084577,0.06
93,O1_pre,45,0.5777777777777777,0.6444444444444445,False,0.1856490172355052,0.22388059701492538,0.045
93,O2,45,0.6,0.6444444444444445,False,0.11634659595415542,0.12935323383084577,0.04
93,O2_pre,45,0.4666666666666667,0.6444444444444445,False,0.7242578350987401,0.7164179104477612,0.06
93,G1,45,0.6,0.6444444444444445,False,0.11634659595415542,0.07960199004975124,0.01
93,G1_pre,45,0.35555555555555557,0.6444444444444445,False,0.9821510982224027,0.9651741293532339,0.105
93,N1,45,0.6444444444444445,0.6444444444444445,True,0.03622713008127221,0.04975124378109453,0.045
93,N1_pre,45,0.4222222222222222,0.6444444444444445,False,0.8836534040458446,0.845771144278607,0.09
93,N2,45,0.6222222222222222,0.6444444444444445,False,0.0675782254228352,0.1044776119402985,0.065
93,N2_pre,45,0.6,0.6444444444444445,False,0.11634659595415542,0.13930348258706468,0.025
93,M1,45,0.5777777777777777,0.6444444444444445,False,0.1856490172355052,0.22388059701492538,0.075
93,M1_pre,45,0.5111111111111111,0.6444444444444445,False,0.5,0.5870646766169154,0.075
93,A1,45,0.7111111111111111,0.6444444444444445,True,0.003304411421140684,0.014925373134328358,0.07
93,A1_pre,45,0.4888888888888889,0.6444444444444445,False,0.6170040878776035,0.6567164179104478,0.065
93,R1,45,0.5111111111111111,0.6444444444444445,False,0.5,0.48258706467661694,0.065
93,R2,45,0.7555555555555555,0.6444444444444445,True,0.00041204117979987126,0.004975124378109453,0.085
93,R12,45,0.7333333333333333,0.6444444444444445,True,0.001229450161048362,0.009950248756218905,0.085
94,F1,45,0.5777777777777777,0.6444444444444445,False,0.1856490172355052,0.21393034825870647,0.055
94,F1_pre,45,0.5555555555555556,0.6444444444444445,False,0.2757421649012599,0.34328358208955223,0.085
94,F2,45,0.7111111111111111,0.6444444444444445,True,0.003304411421140684,0.014925373134328358,0.085
94,O1,45,0.5777777777777777,0.6444444444444445,False,0.1856490172355052,0.21890547263681592,0.065
94,O1_pre,45,0.5111111111111111,0.6444444444444445,False,0.5,0.5024875621890548,0.055
94,O2,45,0.6,0.6444444444444445,False,0.11634659595415542,0.13930348258706468,0.05
94,O2_pre,45,0.4,0.6444444444444445,False,0.9324217745771648,0.8756218905472637,0.05
94,G1,45,0.5555555555555556,0.6444444444444445,False,0.2757421649012599,0.21393034825870647,0.01
94,G1_pre,45,0.4222222222222222,0.6444444444444445,False,0.8836534040458446,0.8905472636815921,0.045
94,N1,45,0.7333333333333333,0.6444444444444445,True,0.001229450161048362,0.014925373134328358,0.06
94,N1_pre,45,0.4666666666666667,0.6444444444444445,False,0.7242578350987401,0.6716417910447762,0.08
94,N2,45,0.6,0.6444444444444445,False,0.11634659595415542,0.14925373134328357,0.085
94,N2_pre,45,0.6222222222222222,0.6444444444444445,False,0.0675782254228352,0.11442786069651742,0.065
94,M1,45,0.6666666666666666,0.6444444444444445,True,0.017848901777597348,0.04477611940298507,0.06
94,M1_pre,45,0.4888888888888889,0.6444444444444445,False,0.6170040878776035,0.5920398009950248,0.045
94,A1,45,0.8,0.6444444444444445,True,3.28733162291428e-05,0.004975124378109453,0.045
94,A1_pre,45,0.5111111111111111,0.6444444444444445,False,0.5,0.472636815920398,0.055
94,R1,45,0.4888888888888889,0.6444444444444445,False,0.6170040878776035,0.5621890547263682,0.085
94,R2,45,0.7555555555555555,0.6444444444444445,True,0.00041204117979987126,0.009950248756218905,0.105
94,R12,45,0.7333333333333333,0.6444444444444445,True,0.001229450161048362,0.014925373134328358,0.075
95,F1,45,0.6,0.6444444444444445,False,0.11634659595415542,0.17412935323383086,0.05
95,F1_pre,45,0.4444444444444444,0.6444444444444445,False,0.8143509827644948,0.8159203980099502,0.065
95,F2,45,0.6444444444444445,0.6444444444444445,True,0.03622713008127221,0.07960199004975124,0.075
95,O1,45,0.5111111111111111,0.6444444444444445,False,0.5,0.5174129353233831,0.055
95,O1_pre,45,0.4222222222222222,0.6444444444444445,False,0.8836534040458446,0.8308457711442786,0.04
95,O2,45,0.6222222222222222,0.6444444444444445,False,0.0675782254228352,0.10945273631840796,0.06
95,O2_pre,45,0.4888888888888889,0.6444444444444445,False,0.6170040878776035,0.4975124378109453,0.055
95,G1,45,0.4888888888888889,0.6444444444444445,False,0.6170040878776035,0.6169154228855721,0.03
95,G1_pre,45,0.3111111111111111,0.6444444444444445,False,0.9966955885788593,0.9950248756218906,0.05
95,N1,45,0.4888888888888889,0.6444444444444445,False,0.6170040878776035,0.6417910447761194,0.04
95,N1_pre,45,0.5777777777777777,0.6444444444444445,False,0.1856490172355052,0.2835820895522388,0.095
95,N2,45,0.6,0.6444444444444445,False,0.11634659595415542,0.208955223880597,0.095
95,N2_pre,45,0.4444444444444444,0.6444444444444445,False,0.8143509827644948,0.7761194029850746,0.075
95,M1,45,0.4222222222222222,0.6444444444444445,False,0.8836534040458446,0.8905472636815921,0.065
95,M1_pre,45,0.4222222222222222,0.6444444444444445,False,0.8836534040458446,0.8656716417910447,0.035
95,A1,45,0.6,0.6444444444444445,False,0.11634659595415542,0.14427860696517414,0.04
95,A1_pre,45,0.4666666666666667,0.6444444444444445,False,0.7242578350987401,0.6517412935323383,0.055
95,R1,45,0.4222222222222222,0.6444444444444445,False,0.8836534040458446,0.8407960199004975,0.08
95,R2,45,0.5777777777777777,0.6444444444444445,False,0.1856490172355052,0.22885572139303484,0.065
95,R12,45,0.5555555555555556,0.6444444444444445,False,0.2757421649012599,0.3383084577114428,0.055
96,F1,45,0.8,0.6444444444444445,True,3.28733162291428e-05,0.004975124378109453,0.035
96,F1_pre,45,0.4222222222222222,0.6444444444444445,False,0.8836534040458446,0.8258706467661692,0.085
96,F2,45,0.7111111111111111,0.6444444444444445,True,0.003304411421140684,0.009950248756218905,0.055
96,O1,45,0.6222222222222222,0.6444444444444445,False,0.0675782254228352,0.1691542288557214,0.095
96,O1_pre,45,0.5333333333333333,0.6444444444444445,False,0.3829959121223965,0.40298507462686567,0.07
96,O2,45,0.6222222222222222,0.6444444444444445,False,0.0675782254228352,0.0945273631840796,0.05
96,O2_pre,45,0.4444444444444444,0.6444444444444445,False,0.8143509827644948,0.7761194029850746,0.07
96,G1,45,0.5777777777777777,0.6444444444444445,False,0.1856490172355052,0.20398009950248755,0.035
96,G1_pre,45,0.4222222222222222,0.6444444444444445,False,0.8836534040458446,0.845771144278607,0.05
96,N1,45,0.5555555555555556,0.6444444444444445,False,0.2757421649012599,0.263681592039801,0.065
96,N1_pre,45,0.3111111111111111,0.6444444444444445,False,0.9966955885788593,0.9850746268656716,0.055
96,N2,45,0.7555555555555555,0.6444444444444445,True,0.00041204117979987126,0.009950248756218905,0.055
96,N2_pre,45,0.5333333333333333,0.6444444444444445,False,0.3829959121223965,0.4925373134328358,0.075
96,M1,45,0.6444444444444445,0.6444444444444445,True,0.03622713008127221,0.07960199004975124,0.075
96,M1_pre,45,0.3333333333333333,0.6444444444444445,False,0.9919528199843626,0.9651741293532339,0.06
96,A1,45,0.6222222222222222,0.6444444444444445,False,0.0675782254228352,0.0845771144278607,0.05
96,A1_pre,45,0.3333333333333333,0.6444444444444445,False,0.9919528199843626,0.9800995024875622,0.075
96,R1,45,0.5111111111111111,0.6444444444444445,False,0.5,0.472636815920398,0.085
96,R2,45,0.5555555555555556,0.6444444444444445,False,0.2757421649012599,0.4079601990049751,0.125
96,R12,45,0.5777777777777777,0.6444444444444445,False,0.1856490172355052,0.22388059701492538,0.075
97,F1,45,0.6444444444444445,0.6444444444444445,True,0.03622713008127221,0.07960199004975124,0.075
97,F1_pre,45,0.26666666666666666,0.6444444444444445,False,0.9995879588202001,0.9950248756218906,0.09
97,F2,45,0.5111111111111111,0.6444444444444445,False,0.5,0.5323383084577115,0.07
97,O1,45,0.3111111111111111,0.6444444444444445,False,0.9966955885788593,0.9900497512437811,0.045
97,O1_pre,45,0.6444444444444445,0.6444444444444445,True,0.03622713008127221,0.07960199004975124,0.075
97,O2,45,0.6888888888888889,0.6444444444444445,True,0.008047180015637421,0.01990049751243781,0.075
97,O2_pre,45,0.37777777777777777,0.6444444444444445,False,0.9637728699187278,0.9054726368159204,0.06
97,G1,45,0.35555555555555557,0.6444444444444445,False,0.9821510982224027,0.9800995024875622,0.035
97,G1_pre,45,0.4666666666666667,0.6444444444444445,False,0.7242578350987401,0.7164179104477612,0.05
97,N1,45,0.7555555555555555,0.6444444444444445,True,0.00041204117979987126,0.009950248756218905,0.065
97,N1_pre,45,0.5111111111111111,0.6444444444444445,False,0.5,0.5074626865671642,0.04
97,N2,45,0.5111111111111111,0.6444444444444445,False,0.5,0.527363184079602,0.035
97,N2_pre,45,0.4888888888888889,0.6444444444444445,False,0.6170040878776035,0.6467661691542289,0.06
97,M1,45,0.7333333333333333,0.6444444444444445,True,0.001229450161048362,0.004975124378109453,0.065
97,M1_pre,45,0.5333333333333333,0.6444444444444445,False,0.3829959121223965,0.4527363184079602,0.07
97,A1,45,0.7333333333333333,0.6444444444444445,True,0.001229450161048362,0.004975124378109453,0.09
97,A1_pre,45,0.5333333333333333,0.6444444444444445,False,0.3829959121223965,0.417910447761194,0.06
97,R1,45,0.5111111111111111,0.6444444444444445,False,0.5,0.47761194029850745,0.06
97,R2,45,0.7333333333333333,0.6444444444444445,True,0.001229450161048362,0.004975124378109453,0.075
97,R12,45,0.7111111111111111,0.6444444444444445,True,0.003304411421140684,0.004975124378109453,0.05
98,F1,45,0.6444444444444445,0.6444444444444445,True,0.03622713008127221,0.07960199004975124,0.075
98,F1_pre,45,0.37777777777777777,0.6444444444444445,False,0.9637728699187278,0.9353233830845771,0.1
98,F2,45,0.4,0.6444444444444445,False,0.9324217745771648,0.9203980099502488,0.045
98,O1,45,0.5777777777777777,0.6444444444444445,False,0.1856490172355052,0.2736318407960199,0.08
98,O1_pre,45,0.5555555555555556,0.6444444444444445,False,0.2757421649012599,0.36318407960199006,0.08
98,O2,45,0.5111111111111111,0.6444444444444445,False,0.5,0.42786069651741293,0.045
98,O2_pre,45,0.5111111111111111,0.6444444444444445,False,0.5,0.5323383084577115,0.06
98,G1,45,0.5111111111111111,0.6444444444444445,False,0.5,0.42786069651741293,0.035
98,G1_pre,45,0.4888888888888889,0.6444444444444445,False,0.6170040878776035,0.6368159203980099,0.045
98,N1,45,0.5111111111111111,0.6444444444444445,False,0.5,0.46766169154228854,0.045
98,N1_pre,45,0.5555555555555556,0.6444444444444445,False,0.2757421649012599,0.2736318407960199,0.06
98,N2,45,0.5333333333333333,0.6444444444444445,False,0.3829959121223965,0.40298507462686567,0.075
98,N2_pre,45,0.5111111111111111,0.6444444444444445,False,0.5,0.5373134328358209,0.08
98,M1,45,0.4,0.6444444444444445,False,0.9324217745771648,0.9353233830845771,0.075
98,M1_pre,45,0.5111111111111111,0.6444444444444445,False,0.5,0.48258706467661694,0.065
98,A1,45,0.4666666666666667,0.6444444444444445,False,0.7242578350987401,0.6766169154228856,0.055
98,A1_pre,45,0.5777777777777777,0.6444444444444445,False,0.1856490172355052,0.22388059701492538,0.07
98,R1,45,0.4888888888888889,0.6444444444444445,False,0.6170040878776035,0.5970149253731343,0.07
98,R2,45,0.6222222222222222,0.6444444444444445,False,0.0675782254228352,0.07462686567164178,0.045
98,R12,45,0.6,0.6444444444444445,False,0.11634659595415542,0.1791044776119403,0.06
99,F1,45,0.5333333333333333,0.6444444444444445,False,0.3829959121223965,0.43283582089552236,0.08
99,F1_pre,45,0.5111111111111111,0.6444444444444445,False,0.5,0.5024875621890548,0.02
99,F2,45,0.5777777777777777,0.6444444444444445,False,0.1856490172355052,0.24378109452736318,0.05
99,O1,45,0.5555555555555556,0.6444444444444445,False,0.2757421649012599,0.31343283582089554,0.065
99,O1_pre,45,0.5111111111111111,0.6444444444444445,False,0.5,0.5174129353233831,0.045
99,O2,45,0.5333333333333333,0.6444444444444445,False,0.3829959121223965,0.35323383084577115,0.04
99,O2_pre,45,0.5333333333333333,0.6444444444444445,False,0.3829959121223965,0.39800995024875624,0.055
99,G1,45,0.4666666666666667,0.6444444444444445,False,0.7242578350987401,0.6467661691542289,0.03
99,G1_pre,45,0.6,0.6444444444444445,False,0.11634659595415542,0.13432835820895522,0.05
99,N1,45,0.5555555555555556,0.6444444444444445,False,0.2757421649012599,0.34328358208955223,0.06
99,N1_pre,45,0.4,0.6444444444444445,False,0.9324217745771648,0.9154228855721394,0.075
99,N2,45,0.4888888888888889,0.6444444444444445,False,0.6170040878776035,0.6019900497512438,0.055
99,N2_pre,45,0.4666666666666667,0.6444444444444445,False,0.7242578350987401,0.7064676616915423,0.065
99,M1,45,0.6222222222222222,0.6444444444444445,False,0.0675782254228352,0.09950248756218906,0.04
99,M1_pre,45,0.35555555555555557,0.6444444444444445,False,0.9821510982224027,0.9502487562189055,0.045
99,A1,45,0.5555555555555556,0.6444444444444445,False,0.2757421649012599,0.2537313432835821,0.05
99,A1_pre,45,0.35555555555555557,0.6444444444444445,False,0.9821510982224027,0.9601990049751243,0.035
99,R1,45,0.4666666666666667,0.6444444444444445,False,0.7242578350987401,0.6318407960199005,0.07
99,R2,45,0.6222222222222222,0.6444444444444445,False,0.0675782254228352,0.15422885572139303,0.105
99,R12,45,0.6222222222222222,0.6444444444444445,False,0.0675782254228352,0.14925373134328357,0.09
100,F1,36,0.6388888888888888,0.6666666666666666,False,0.06624908198136838,0.0945273631840796,0.03
100,F1_pre,36,0.4444444444444444,0.6666666666666666,False,0.7974838769296184,0.8059701492537313,0.035
100,F2,36,0.6111111111111112,0.6666666666666666,False,0.12149247701745483,0.18407960199004975,0.055
100,O1,36,0.7222222222222222,0.6666666666666666,True,0.005665492091793567,0.01990049751243781,0.08
100,O1_pre,36,0.3888888888888889,0.6666666666666666,False,0.9337509180186316,0.8706467661691543,0.045
100,O2,36,0.4722222222222222,0.6666666666666666,False,0.691140341485152,0.6318407960199005,0.04
100,O2_pre,36,0.4722222222222222,0.6666666666666666,False,0.691140341485152,0.6965174129353234,0.045
100,G1,36,0.3888888888888889,0.6666666666666666,False,0.9337509180186316,0.9800995024875622,0.0
100,G1_pre,36,0.4722222222222222,0.6666666666666666,False,0.691140341485152,0.681592039800995,0.02
100,N1,36,0.4722222222222222,0.6666666666666666,False,0.691140341485152,0.746268656716418,0.015
100,N1_pre,36,0.5555555555555556,0.6666666666666666,False,0.308859658514848,0.25870646766169153,0.05
100,N2,36,0.5833333333333334,0.6666666666666666,False,0.2025161230703816,0.31840796019900497,0.095
100,N2_pre,36,0.5,0.6666666666666666,False,0.5660302997857798,0.5870646766169154,0.06
100,M1,36,0.3055555555555556,0.6666666666666666,False,0.9943345079082064,0.9850746268656716,0.03
100,M1_pre,36,0.4722222222222222,0.6666666666666666,False,0.691140341485152,0.6616915422885572,0.055
100,A1,36,0.4444444444444444,0.6666666666666666,False,0.7974838769296184,0.8009950248756219,0.02
100,A1_pre,36,0.4722222222222222,0.6666666666666666,False,0.691140341485152,0.6517412935323383,0.035
100,R1,36,0.5,0.6666666666666666,False,0.5660302997857798,0.5920398009950248,0.09
100,R2,36,0.8333333333333334,0.6666666666666666,True,3.480084706097841e-05,0.004975124378109453,0.105
100,R12,36,0.8611111111111112,0.6666666666666666,True,6.456742994487286e-06,0.004975124378109453,0.09
101,F1,45,0.9333333333333333,0.6444444444444445,True,4.327489477873314e-10,0.004975124378109453,0.06
101,F1_pre,45,0.4666666666666667,0.6444444444444445,False,0.7242578350987401,0.7114427860696517,0.08
101,F2,45,0.9777777777777777,0.6444444444444445,True,1.3073986337985843e-12,0.004975124378109453,0.03
101,O1,45,0.7333333333333333,0.6444444444444445,True,0.001229450161048362,0.014925373134328358,0.065
101,O1_pre,45,0.6222222222222222,0.6444444444444445,False,0.0675782254228352,0.13432835820895522,0.08
101,O2,45,0.4888888888888889,0.6444444444444445,False,0.6170040878776035,0.5671641791044776,0.06
101,O2_pre,45,0.5555555555555556,0.6444444444444445,False,0.2757421649012599,0.3383084577114428,0.09
101,G1,45,0.5777777777777777,0.6444444444444445,False,0.1856490172355052,0.1890547263681592,0.025
101,G1_pre,45,0.4444444444444444,0.6444444444444445,False,0.8143509827644948,0.7512437810945274,0.065
101,N1,45,0.6,0.6444444444444445,False,0.11634659595415542,0.17412935323383086,0.08
101,N1_pre,45,0.4888888888888889,0.6444444444444445,False,0.6170040878776035,0.6368159203980099,0.08
101,N2,45,0.8888888888888888,0.6444444444444445,True,3.9391920836351346e-08,0.004975124378109453,0.06
101,N2_pre,45,0.5111111111111111,0.6444444444444445,False,0.5,0.48258706467661694,0.065
101,M1,45,0.4444444444444444,0.6444444444444445,False,0.8143509827644948,0.7810945273631841,0.07
101,M1_pre,45,0.5111111111111111,0.6444444444444445,False,0.5,0.5174129353233831,0.085
101,A1,45,0.5555555555555556,0.6444444444444445,False,0.2757421649012599,0.31840796019900497,0.075
101,A1_pre,45,0.6,0.6444444444444445,False,0.11634659595415542,0.11442786069651742,0.05
101,R1,45,0.4888888888888889,0.6444444444444445,False,0.6170040878776035,0.5124378109452736,0.03
101,R2,45,0.7111111111111111,0.6444444444444445,True,0.003304411421140684,0.03980099502487562,0.085
101,R12,45,0.7111111111111111,0.6444444444444445,True,0.003304411421140684,0.009950248756218905,0.065
102,F1,42,0.6666666666666666,0.6428571428571429,True,0.021779260961920954,0.05472636815920398,0.07
102,F1_pre,42,0.5,0.6428571428571429,False,0.5611928356238423,0.5174129353233831,0.05
102,F2,42,0.5714285714285714,0.6428571428571429,False,0.22039953367129783,0.24875621890547264,0.095
102,O1,42,0.5238095238095238,0.6428571428571429,False,0.4388071643761577,0.4577114427860697,0.135
102,O1_pre,42,0.40476190476190477,0.6428571428571429,False,0.9179252991084468,0.900497512437811,0.11
102,O2,42,0.5238095238095238,0.6428571428571429,False,0.4388071643761577,0.417910447761194,0.05
102,O2_pre,42,0.6666666666666666,0.6428571428571429,True,0.021779260961920954,0.04975124378109453,0.095
102,G1,42,0.5714285714285714,0.6428571428571429,False,0.22039953367129783,0.08955223880597014,0.0
102,G1_pre,42,0.3333333333333333,0.6428571428571429,False,0.9902397636087699,0.9950248756218906,0.04
102,N1,42,0.6190476190476191,0.6428571428571429,False,0.08207470089155322,0.10945273631840796,0.075
102,N1_pre,42,0.5238095238095238,0.6428571428571429,False,0.4388071643761577,0.4975124378109453,0.08
102,N2,42,0.5714285714285714,0.6428571428571429,False,0.22039953367129783,0.263681592039801,0.085
102,N2_pre,42,0.3333333333333333,0.6428571428571429,False,0.9902397636087699,0.9751243781094527,0.085
102,M1,42,0.6190476190476191,0.6428571428571429,False,0.08207470089155322,0.10945273631840796,0.07
102,M1_pre,42,0.5952380952380952,0.6428571428571429,False,0.13997811926446957,0.208955223880597,0.09
102,A1,42,0.5476190476190477,0.6428571428571429,False,0.32198447818518616,0.38308457711442784,0.04
102,A1_pre,42,0.5952380952380952,0.6428571428571429,False,0.13997811926446957,0.1691542288557214,0.075
102,R1,42,0.5238095238095238,0.6428571428571429,False,0.4388071643761577,0.46766169154228854,0.055
102,R2,42,0.8333333333333334,0.6428571428571429,True,7.5486004789127045e-06,0.004975124378109453,0.14
102,R12,42,0.7857142857142857,0.6428571428571429,True,0.00013576961714534266,0.004975124378109453,0.115
103,F1,45,0.6666666666666666,0.6444444444444445,True,0.017848901777597348,0.04477611940298507,0.08
103,F1_pre,45,0.4222222222222222,0.6444444444444445,False,0.8836534040458446,0.8208955223880597,0.085
103,F2,45,0.6222222222222222,0.6444444444444445,False,0.0675782254228352,0.10945273631840796,0.07
103,O1,45,0.26666666666666666,0.6444444444444445,False,0.9995879588202001,0.9850746268656716,0.08
103,O1_pre,45,0.5777777777777777,0.6444444444444445,False,0.1856490172355052,0.1791044776119403,0.035
103,O2,45,0.5111111111111111,0.6444444444444445,False,0.5,0.527363184079602,0.09
103,O2_pre,45,0.4,0.6444444444444445,False,0.9324217745771648,0.9104477611940298,0.07
103,G1,45,0.4666666666666667,0.6444444444444445,False,0.7242578350987401,0.7860696517412935,0.025
103,G1_pre,45,0.4666666666666667,0.6444444444444445,False,0.7242578350987401,0.7164179104477612,0.04
103,N1,45,0.5333333333333333,0.6444444444444445,False,0.3829959121223965,0.39800995024875624,0.035
103,N1_pre,45,0.5111111111111111,0.6444444444444445,False,0.5,0.5373134328358209,0.065
103,N2,45,0.6666666666666666,0.6444444444444445,True,0.017848901777597348,0.029850746268656716,0.065
103,N2_pre,45,0.5555555555555556,0.6444444444444445,False,0.2757421649012599,0.29850746268656714,0.08
103,M1,45,0.6444444444444445,0.6444444444444445,True,0.03622713008127221,0.07462686567164178,0.07
103,M1_pre,45,0.5555555555555556,0.6444444444444445,False,0.2757421649012599,0.31840796019900497,0.105
103,A1,45,0.6222222222222222,0.6444444444444445,False,0.0675782254228352,0.11940298507462686,0.075
103,A1_pre,45,0.5333333333333333,0.6444444444444445,False,0.3829959121223965,0.3781094527363184,0.06
103,R1,45,0.4444444444444444,0.6444444444444445,False,0.8143509827644948,0.6517412935323383,0.07
103,R2,45,0.6444444444444445,0.6444444444444445,True,0.03622713008127221,0.11940298507462686,0.115
103,R12,45,0.6222222222222222,0.6444444444444445,False,0.0675782254228352,0.1044776119402985,0.055
104,F1,42,0.5476190476190477,0.6428571428571429,False,0.32198447818518616,0.27860696517412936,0.075
104,F1_pre,42,0.47619047619047616,0.6428571428571429,False,0.6780155218148138,0.6368159203980099,0.1
104,F2,42,0.6666666666666666,0.6428571428571429,True,0.021779260961920954,0.04975124378109453,0.085
104,O1,42,0.5952380952380952,0.6428571428571429,False,0.13997811926446957,0.21393034825870647,0.085
104,O1_pre,42,0.5238095238095238,0.6428571428571429,False,0.4388071643761577,0.48258706467661694,0.11
104,O2,42,0.6666666666666666,0.6428571428571429,True,0.021779260961920954,0.009950248756218905,0.035
104,O2_pre,42,0.4523809523809524,0.6428571428571429,False,0.7796004663287022,0.6965174129353234,0.05
104,G1,42,0.4523809523809524,0.6428571428571429,False,0.7796004663287022,0.8109452736318408,0.02
104,G1_pre,42,0.38095238095238093,0.6428571428571429,False,0.9557852265061229,0.9402985074626866,0.03
104,N1,42,0.5714285714285714,0.6428571428571429,False,0.22039953367129783,0.2736318407960199,0.07
104,N1_pre,42,0.38095238095238093,0.6428571428571429,False,0.9557852265061229,0.9154228855721394,0.09
104,N2,42,0.6666666666666666,0.6428571428571429,True,0.021779260961920954,0.03482587064676617,0.045
104,N2_pre,42,0.5476190476190477,0.6428571428571429,False,0.32198447818518616,0.3582089552238806,0.095
104,M1,42,0.5476190476190477,0.6428571428571429,False,0.32198447818518616,0.3383084577114428,0.07
104,M1_pre,42,0.47619047619047616,0.6428571428571429,False,0.6780155218148138,0.6069651741293532,0.1
104,A1,42,0.7142857142857143,0.6428571428571429,True,0.003957948667448363,0.01990049751243781,0.055
104,A1_pre,42,0.5238095238095238,0.6428571428571429,False,0.4388071643761577,0.4626865671641791,0.1
104,R1,42,0.5,0.6428571428571429,False,0.5611928356238423,0.4975124378109453,0.09
104,R2,42,0.6666666666666666,0.6428571428571429,True,0.021779260961920954,0.04477611940298507,0.095
104,R12,42,0.7142857142857143,0.6428571428571429,True,0.003957948667448363,0.01990049751243781,0.085
105,F1,45,0.9333333333333333,0.6444444444444445,True,4.327489477873314e-10,0.004975124378109453,0.065
105,F1_pre,45,0.4666666666666667,0.6444444444444445,False,0.7242578350987401,0.6915422885572139,0.065
105,F2,45,0.7111111111111111,0.6444444444444445,True,0.003304411421140684,0.004975124378109453,0.03
105,O1,45,0.7555555555555555,0.6444444444444445,True,0.00041204117979987126,0.004975124378109453,0.055
105,O1_pre,45,0.5111111111111111,0.6444444444444445,False,0.5,0.4427860696517413,0.095
105,O2,45,0.7111111111111111,0.6444444444444445,True,0.003304411421140684,0.014925373134328358,0.07
105,O2_pre,45,0.5111111111111111,0.6444444444444445,False,0.5,0.4527363184079602,0.06
105,G1,45,0.5555555555555556,0.6444444444444445,False,0.2757421649012599,0.22388059701492538,0.035
105,G1_pre,45,0.5333333333333333,0.6444444444444445,False,0.3829959121223965,0.35323383084577115,0.055
105,N1,45,0.7333333333333333,0.6444444444444445,True,0.001229450161048362,0.004975124378109453,0.09
105,N1_pre,45,0.4666666666666667,0.6444444444444445,False,0.7242578350987401,0.6965174129353234,0.075
105,N2,45,0.8888888888888888,0.6444444444444445,True,3.9391920836351346e-08,0.004975124378109453,0.055
105,N2_pre,45,0.5777777777777777,0.6444444444444445,False,0.1856490172355052,0.22388059701492538,0.065
105,M1,45,0.6,0.6444444444444445,False,0.11634659595415542,0.21393034825870647,0.095
105,M1_pre,45,0.37777777777777777,0.6444444444444445,False,0.9637728699187278,0.9203980099502488,0.09
105,A1,45,0.6666666666666666,0.6444444444444445,True,0.017848901777597348,0.01990049751243781,0.035
105,A1_pre,45,0.4888888888888889,0.6444444444444445,False,0.6170040878776035,0.5621890547263682,0.08
105,R1,45,0.5111111111111111,0.6444444444444445,False,0.5,0.417910447761194,0.065
105,R2,45,0.7111111111111111,0.6444444444444445,True,0.003304411421140684,0.009950248756218905,0.06
105,R12,45,0.7111111111111111,0.6444444444444445,True,0.003304411421140684,0.009950248756218905,0.1
106,F1,45,0.4666666666666667,0.6444444444444445,False,0.7242578350987401,0.7064676616915423,0.04
106,F1_pre,45,0.4444444444444444,0.6444444444444445,False,0.8143509827644948,0.736318407960199,0.045
106,F2,45,0.6222222222222222,0.6444444444444445,False,0.0675782254228352,0.1044776119402985,0.05
106,O1,45,0.4444444444444444,0.6444444444444445,False,0.8143509827644948,0.7860696517412935,0.095
106,O1_pre,45,0.4888888888888889,0.6444444444444445,False,0.6170040878776035,0.6119402985074627,0.105
106,O2,45,0.7333333333333333,0.6444444444444445,True,0.001229450161048362,0.004975124378109453,0.065
106,O2_pre,45,0.5555555555555556,0.6444444444444445,False,0.2757421649012599,0.3582089552238806,0.075
106,G1,45,0.5333333333333333,0.6444444444444445,False,0.3829959121223965,0.4079601990049751,0.02
106,G1_pre,45,0.5333333333333333,0.6444444444444445,False,0.3829959121223965,0.4577114427860697,0.04
106,N1,45,0.6444444444444445,0.6444444444444445,True,0.03622713008127221,0.07462686567164178,0.07
106,N1_pre,45,0.4888888888888889,0.6444444444444445,False,0.6170040878776035,0.6268656716417911,0.07
106,N2,45,0.5333333333333333,0.6444444444444445,False,0.3829959121223965,0.4079601990049751,0.09
106,N2_pre,45,0.4888888888888889,0.6444444444444445,False,0.6170040878776035,0.6417910447761194,0.085
106,M1,45,0.5555555555555556,0.6444444444444445,False,0.2757421649012599,0.32338308457711445,0.095
106,M1_pre,45,0.5111111111111111,0.6444444444444445,False,0.5,0.5223880597014925,0.065
106,A1,45,0.6888888888888889,0.6444444444444445,True,0.008047180015637421,0.04477611940298507,0.11
106,A1_pre,45,0.5111111111111111,0.6444444444444445,False,0.5,0.5671641791044776,0.07
106,R1,45,0.5333333333333333,0.6444444444444445,False,0.3829959121223965,0.4975124378109453,0.055
106,R2,45,0.6888888888888889,0.6444444444444445,True,0.008047180015637421,0.03980099502487562,0.095
106,R12,45,0.6222222222222222,0.6444444444444445,False,0.0675782254228352,0.11442786069651742,0.065
107,F1,45,0.4444444444444444,0.6444444444444445,False,0.8143509827644948,0.6965174129353234,0.07
107,F1_pre,45,0.4444444444444444,0.6444444444444445,False,0.8143509827644948,0.7761194029850746,0.085
107,F2,45,0.4222222222222222,0.6444444444444445,False,0.8836534040458446,0.8208955223880597,0.1
107,O1,45,0.4666666666666667,0.6444444444444445,False,0.7242578350987401,0.7313432835820896,0.09
107,O1_pre,45,0.4222222222222222,0.6444444444444445,False,0.8836534040458446,0.8606965174129353,0.11
107,O2,45,0.4666666666666667,0.6444444444444445,False,0.7242578350987401,0.7661691542288557,0.125
107,O2_pre,45,0.4222222222222222,0.6444444444444445,False,0.8836534040458446,0.9353233830845771,0.075
107,G1,45,0.5333333333333333,0.6444444444444445,False,0.3829959121223965,0.4626865671641791,0.06
107,G1_pre,45,0.5111111111111111,0.6444444444444445,False,0.5,0.6069651741293532,0.08
107,N1,45,0.4,0.6444444444444445,False,0.9324217745771648,0.8905472636815921,0.115
107,N1_pre,45,0.6222222222222222,0.6444444444444445,False,0.0675782254228352,0.10945273631840796,0.06
107,N2,45,0.5111111111111111,0.6444444444444445,False,0.5,0.5870646766169154,0.11
107,N2_pre,45,0.3333333333333333,0.6444444444444445,False,0.9919528199843626,0.9701492537313433,0.085
107,M1,45,0.4888888888888889,0.6444444444444445,False,0.6170040878776035,0.6666666666666666,0.095
107,M1_pre,45,0.5111111111111111,0.6444444444444445,False,0.5,0.5373134328358209,0.06
107,A1,45,0.37777777777777777,0.6444444444444445,False,0.9637728699187278,0.9502487562189055,0.085
107,A1_pre,45,0.5333333333333333,0.6444444444444445,False,0.3829959121223965,0.48258706467661694,0.06
107,R1,45,0.5333333333333333,0.6444444444444445,False,0.3829959121223965,0.5074626865671642,0.055
107,R2,45,0.8222222222222222,0.6444444444444445,True,7.687045098236922e-06,0.004975124378109453,0.085
107,R12,45,0.8222222222222222,0.6444444444444445,True,7.687045098236922e-06,0.004975124378109453,0.105
108,F1,45,0.6666666666666666,0.6444444444444445,True,0.017848901777597348,0.03980099502487562,0.06
108,F1_pre,45,0.5555555555555556,0.6444444444444445,False,0.2757421649012599,0.23880597014925373,0.06
108,F2,45,0.4222222222222222,0.6444444444444445,False,0.8836534040458446,0.8905472636815921,0.05
108,O1,45,0.5111111111111111,0.6444444444444445,False,0.5,0.527363184079602,0.065
108,O1_pre,45,0.5111111111111111,0.6444444444444445,False,0.5,0.4626865671641791,0.05
108,O2,45,0.6444444444444445,0.6444444444444445,True,0.03622713008127221,0.029850746268656716,0.025
108,O2_pre,45,0.4444444444444444,0.6444444444444445,False,0.8143509827644948,0.7313432835820896,0.045
108,G1,45,0.6444444444444445,0.6444444444444445,True,0.03622713008127221,0.06467661691542288,0.06
108,G1_pre,45,0.4444444444444444,0.6444444444444445,False,0.8143509827644948,0.7761194029850746,0.03
108,N1,45,0.6888888888888889,0.6444444444444445,True,0.008047180015637421,0.024875621890547265,0.065
108,N1_pre,45,0.37777777777777777,0.6444444444444445,False,0.9637728699187278,0.9402985074626866,0.045
108,N2,45,0.6444444444444445,0.6444444444444445,True,0.03622713008127221,0.05472636815920398,0.05
108,N2_pre,45,0.5777777777777777,0.6444444444444445,False,0.1856490172355052,0.23383084577114427,0.065
108,M1,45,0.5777777777777777,0.6444444444444445,False,0.1856490172355052,0.21890547263681592,0.04
108,M1_pre,45,0.6222222222222222,0.6444444444444445,False,0.0675782254228352,0.05472636815920398,0.04
108,A1,45,0.7333333333333333,0.6444444444444445,True,0.001229450161048362,0.009950248756218905,0.045
108,A1_pre,45,0.4,0.6444444444444445,False,0.9324217745771648,0.8955223880597015,0.08
108,R1,45,0.5111111111111111,0.6444444444444445,False,0.5,0.43781094527363185,0.035
108,R2,45,0.6888888888888889,0.6444444444444445,True,0.008047180015637421,0.01990049751243781,0.085
108,R12,45,0.6222222222222222,0.6444444444444445,False,0.0675782254228352,0.07960199004975124,0.055
109,F1,45,0.6444444444444445,0.6444444444444445,True,0.03622713008127221,0.05970149253731343,0.055
109,F1_pre,45,0.5555555555555556,0.6444444444444445,False,0.2757421649012599,0.31343283582089554,0.08
109,F2,45,0.6888888888888889,0.6444444444444445,True,0.008047180015637421,0.024875621890547265,0.08
109,O1,45,0.6666666666666666,0.6444444444444445,True,0.017848901777597348,0.06467661691542288,0.09
109,O1_pre,45,0.6222222222222222,0.6444444444444445,False,0.0675782254228352,0.0845771144278607,0.055
109,O2,45,0.5777777777777777,0.6444444444444445,False,0.1856490172355052,0.2537313432835821,0.05
109,O2_pre,45,0.4666666666666667,0.6444444444444445,False,0.7242578350987401,0.6368159203980099,0.04
109,G1,45,0.5111111111111111,0.6444444444444445,False,0.5,0.4975124378109453,0.07
109,G1_pre,45,0.4444444444444444,0.6444444444444445,False,0.8143509827644948,0.8208955223880597,0.065
109,N1,45,0.6888888888888889,0.6444444444444445,True,0.008047180015637421,0.009950248756218905,0.025
109,N1_pre,45,0.4222222222222222,0.6444444444444445,False,0.8836534040458446,0.8059701492537313,0.035
109,N2,45,0.7111111111111111,0.6444444444444445,True,0.003304411421140684,0.024875621890547265,0.08
109,N2_pre,45,0.6222222222222222,0.6444444444444445,False,0.0675782254228352,0.11940298507462686,0.09
109,M1,45,0.5555555555555556,0.6444444444444445,False,0.2757421649012599,0.32338308457711445,0.07
109,M1_pre,45,0.5555555555555556,0.6444444444444445,False,0.2757421649012599,0.2935323383084577,0.07
109,A1,45,0.5111111111111111,0.6444444444444445,False,0.5,0.5373134328358209,0.05
109,A1_pre,45,0.4888888888888889,0.6444444444444445,False,0.6170040878776035,0.5970149253731343,0.03
109,R1,45,0.5111111111111111,0.6444444444444445,False,0.5,0.5124378109452736,0.05
109,R2,45,0.7777777777777778,0.6444444444444445,True,0.00012354389230040397,0.004975124378109453,0.075
109,R12,45,0.7555555555555555,0.6444444444444445,True,0.00041204117979987126,0.009950248756218905,0.07
