name,x,y
Fc5,-0.7714,0.3451
Fc3,-0.5074,0.324
Fc1,-0.2519,0.3046
Fcz,-0.0039,0.301
Fc2,0.2468,0.3119
Fc4,0.5063,0.3304
Fc6,0.7689,0.3547
C5,-0.8028,0.0253
C3,-0.5252,0.0371
C1,-0.2574,0.044
Cz,-0.0036,0.0468
C2,0.2586,0.0471
C4,0.5284,0.0433
C6,0.805,0.0346
Cp5,-0.7502,-0.2816
Cp3,-0.4901,-0.2332
Cp1,-0.2413,-0.205
Cpz,-0.0036,-0.1984
Cp2,0.2488,-0.2044
Cp4,0.4966,-0.2293
Cp6,0.7552,-0.273
Fp1,-0.308,1.0161
Fpz,-0.0082,1.0299
Fp2,0.2918,1.0211
Af7,-0.5963,0.9075
Af3,-0.3088,0.8302
Afz,-0.0059,0.796
Af4,0.3059,0.8275
Af8,0.584,0.9163
F7,-0.8482,0.7003
F5,-0.6455,0.6351
F3,-0.433,0.5874
F1,-0.2171,0.5591
Fz,-0.0047,0.5532
F2,0.2187,0.5658
F4,0.4328,0.6006
F6,0.6485,0.6406
F8,0.8426,0.7099
Ft7,-1.0343,0.3853
Ft8,1.0291,0.4039
T7,-1.0932,0.0039
T8,1.0952,0.0169
T9,-1.3407,0.0076
T10,1.3479,-0.0007
Tp7,-1.0126,-0.3506
Tp8,1.0143,-0.3504
P7,-0.8197,-0.6382
P5,-0.6217,-0.5466
P3,-0.417,-0.4829
P1,-0.2062,-0.4479
Pz,-0.0042,-0.4357
P2,0.213,-0.4413
P4,0.4198,-0.4775
P6,0.6181,-0.5502
P8,0.8171,-0.643
Po7,-0.5677,-0.8264
Po3,-0.3143,-0.7094
Poz,-0.0058,-0.6788
Po4,0.3041,-0.7173
Po8,0.5601,-0.8321
O1,-0.2904,-0.9197
Oz,-0.0079,-0.9263
O2,0.2784,-0.9234
Iz,-0.0107,-1.1601
