regime,scheme,decoder,rep_n,alt_n,rep_c,alt_c,ok_c,ok_n,acc_all,acc_repeat,acc_alternate,acc_balanced,z_balanced,p_balanced
pooled_xs,cell_balanced,A1,424,1249,228,689,917,1673,0.5481171548117155,0.5377358490566038,0.5516413130504404,0.544688581053522,3.1803340100784916,0.0007355269424508446
pooled_xs,cell_balanced,F1,424,1249,343,894,1237,1673,0.7393903167961745,0.8089622641509434,0.7157726180944756,0.7623674411227095,18.671796608186483,4.198982402070566e-78
pooled_xs,cell_balanced,F1_pre,424,1249,274,756,1030,1673,0.6156604901374776,0.6462264150943396,0.6052842273819056,0.6257553212381226,8.949577624828764,1.7842256361502332e-19
pooled_xs,cell_balanced,F2,424,1249,314,782,1096,1673,0.6551105797967722,0.7405660377358491,0.6261008807045636,0.6833334592202063,13.047217472513767,3.2955490242453546e-39
pooled_xs,cell_balanced,G1,424,1249,194,618,812,1673,0.48535564853556484,0.45754716981132076,0.49479583666933546,0.4761715032403281,-1.6957929043007083,0.9550374466259766
pooled_xs,cell_balanced,M1,424,1249,228,714,942,1673,0.5630603705917513,0.5377358490566038,0.5716573258606885,0.5546965874586461,3.8925697175667047,4.9593991283591634e-05
pooled_xs,cell_balanced,N1,424,1249,224,664,888,1673,0.5307830245068739,0.5283018867924528,0.5316253002401922,0.5299635935163225,2.132406831400556,0.01648670814326724
pooled_xs,cell_balanced,N2,424,1249,354,891,1245,1673,0.7441721458457861,0.8349056603773585,0.7133706965572458,0.7741381784673022,19.509479869059646,4.560267296918853e-85
pooled_xs,cell_balanced,N2_pre,424,1249,248,729,977,1673,0.5839808726838015,0.5849056603773585,0.5836669335468375,0.584286296962098,5.998368498008269,9.965491326144535e-10
pooled_xs,cell_balanced,O1,424,1249,280,738,1018,1673,0.6084877465630604,0.660377358490566,0.5908726981585268,0.6256250283245464,8.940305122221835,1.9404864505181443e-19
pooled_xs,cell_balanced,O1_pre,424,1249,237,676,913,1673,0.5457262402869097,0.5589622641509434,0.5412329863891113,0.5500976252700274,3.5652772523615117,0.00018173587471122167
pooled_xs,cell_balanced,O2,424,1249,233,654,887,1673,0.5301852958756724,0.5495283018867925,0.5236188951160928,0.5365735985014426,2.6028183585821516,0.004623046313187085
pooled_xs,plain,A1,424,1249,235,690,925,1673,0.552898983861327,0.5542452830188679,0.5524419535628503,0.5533436182908591,3.7962835129600445,7.34407562199969e-05
pooled_xs,plain,F1,424,1249,342,896,1238,1673,0.739988045427376,0.8066037735849056,0.7173738991192954,0.7619888363521006,18.64485259698811,6.951852793855891e-78
pooled_xs,plain,F1_pre,424,1249,270,752,1022,1673,0.6108786610878661,0.6367924528301887,0.6020816653322658,0.6194370590812273,8.499928440440922,9.485380322010257e-18
pooled_xs,plain,F2,424,1249,303,783,1086,1673,0.6491332934847579,0.714622641509434,0.6269015212169736,0.6707620813632038,12.152555355041555,2.7800088650176817e-34
pooled_xs,plain,G1,424,1249,213,616,829,1673,0.4955170352659892,0.5023584905660378,0.4931945556445156,0.49777652310527665,-0.1582372727485622,0.5628650828409805
pooled_xs,plain,M1,424,1249,221,693,914,1673,0.5463239689181112,0.5212264150943396,0.55484387510008,0.5380351450972098,2.706831648694586,0.003396434750843583
pooled_xs,plain,N1,424,1249,232,675,907,1673,0.5421398684997011,0.5471698113207547,0.5404323458767014,0.5438010785987281,3.117173485074824,0.0009129704335059746
pooled_xs,plain,N2,424,1249,351,905,1256,1673,0.7507471607890018,0.8278301886792453,0.7245796637309848,0.776204926205115,19.65656326186075,2.5399818955328107e-86
pooled_xs,plain,N2_pre,424,1249,253,732,985,1673,0.588762701733413,0.5966981132075472,0.5860688550840673,0.5913834841458072,6.503451121894012,3.9248967669491255e-11
pooled_xs,plain,O1,424,1249,274,738,1012,1673,0.6049013747758517,0.6462264150943396,0.5908726981585268,0.6185495566264332,8.436767915437247,1.6311667348325013e-17
pooled_xs,plain,O1_pre,424,1249,230,692,922,1673,0.5511057979677226,0.5424528301886793,0.5540432345876701,0.5482480323881747,3.433648030571941,0.00029775846490671254
pooled_xs,plain,O2,424,1249,229,652,881,1673,0.5265989240884639,0.5400943396226415,0.522017614091273,0.5310559768569573,2.210148030793373,0.013547445179071273
pooled_xs,readout_prev,A1,424,1249,197,674,871,1673,0.5206216377764495,0.46462264150943394,0.5396317053642914,0.5021271734368626,0.15138368386517898,0.43983652975936044
pooled_xs,readout_prev,F1,424,1249,118,799,917,1673,0.5481171548117155,0.2783018867924528,0.6397117694155324,0.4590068281039926,-2.917344334690866,0.9982348709400868
pooled_xs,readout_prev,F1_pre,424,1249,164,723,887,1673,0.5301852958756724,0.3867924528301887,0.5788630904723779,0.4828277716512833,-1.2220889667731671,0.8891630075061392
pooled_xs,readout_prev,F2,424,1249,170,715,885,1673,0.5289898386132695,0.4009433962264151,0.5724579663730984,0.48670068129975674,-0.9464671863848098,0.8280448244278271
pooled_xs,readout_prev,G1,424,1249,211,615,826,1673,0.49372384937238495,0.49764150943396224,0.4923939151321057,0.49501771228303393,-0.3545724366429555,0.6385450357355787
pooled_xs,readout_prev,M1,424,1249,199,690,889,1673,0.5313807531380753,0.4693396226415094,0.5524419535628503,0.5108907881021798,0.7750602722524984,0.21915202268987177
pooled_xs,readout_prev,N1,424,1249,194,669,863,1673,0.515839808726838,0.45754716981132076,0.5356285028022418,0.49658783630678127,-0.24283206102475463,0.5959322511551359
pooled_xs,readout_prev,N2,424,1249,144,768,912,1673,0.5451285116557083,0.33962264150943394,0.6148919135308246,0.47725727752012925,-1.6185220492430272,0.9472249305267814
pooled_xs,readout_prev,N2_pre,424,1249,174,674,848,1673,0.5068738792588166,0.41037735849056606,0.5396317053642914,0.47500453192742875,-1.7788422754757458,0.962367187971009
pooled_xs,readout_prev,O1,424,1249,215,686,901,1673,0.5385534967124925,0.5070754716981132,0.5492393915132106,0.5281574316056619,2.0038684438132943,0.022542077333141442
pooled_xs,readout_prev,O1_pre,424,1249,204,665,869,1673,0.5194261805140467,0.4811320754716981,0.5324259407526021,0.5067790081121502,0.4824389037514531,0.31474709511081633
pooled_xs,readout_prev,O2,424,1249,203,653,856,1673,0.511655708308428,0.47877358490566035,0.5228182546036829,0.5007959197546716,0.05664289635967393,0.47741483151207975
within,cell_balanced,A1,424,1249,237,717,954,1673,0.5702331141661685,0.5589622641509434,0.5740592473979184,0.5665107557744309,4.733343812642179,1.104254605852298e-06
within,cell_balanced,F1,424,1249,314,840,1154,1673,0.6897788404064554,0.7405660377358491,0.6725380304243395,0.7065520340800943,14.699604313886423,3.241873377640804e-49
within,cell_balanced,F1_pre,424,1249,242,677,919,1673,0.5493126120741183,0.5707547169811321,0.5420336269015212,0.5563941719413267,4.013381019648199,2.992758961898398e-05
within,cell_balanced,F2,424,1249,249,754,1003,1673,0.5995218170950388,0.5872641509433962,0.6036829463570856,0.5954735486502409,6.794527073293911,5.4334204570607615e-12
within,cell_balanced,G1,424,1249,212,632,844,1673,0.5044829647340108,0.5,0.5060048038430744,0.5030024019215372,0.21367071224646306,0.4154019260594093
within,cell_balanced,M1,424,1249,213,695,908,1673,0.5427375971309025,0.5023584905660378,0.5564451561248999,0.5294018233454688,2.092427562914188,0.018200142651918598
within,cell_balanced,N1,424,1249,249,703,952,1673,0.5690376569037657,0.5872641509433962,0.5628502802241794,0.5750572155837879,5.341566230017965,4.60734687544724e-08
within,cell_balanced,N2,424,1249,302,817,1119,1673,0.6688583383144052,0.7122641509433962,0.6541232986389112,0.6831937247911537,13.037273049428089,3.75475917201296e-39
within,cell_balanced,N2_pre,424,1249,233,703,936,1673,0.5594739988045427,0.5495283018867925,0.5628502802241794,0.556189291055486,3.9988003452590575,3.1832177685481674e-05
within,cell_balanced,O1,424,1249,264,704,968,1673,0.5786013150029886,0.6226415094339622,0.5636509207365893,0.5931462150852758,6.628898675278964,1.6910031084523966e-11
within,cell_balanced,O1_pre,424,1249,210,658,868,1673,0.5188284518828452,0.49528301886792453,0.5268214571657326,0.5110522380168285,0.7865501124393384,0.21577263637855493
within,cell_balanced,O2,424,1249,243,696,939,1673,0.5612671846981471,0.5731132075471698,0.5572457966373099,0.5651795020922399,4.638603025136674,1.753860342229607e-06
within,plain,A1,424,1249,244,734,978,1673,0.5845786013150029,0.5754716981132075,0.5876701361088871,0.5815709171110472,5.805124168316178,3.215916061374588e-09
within,plain,F1,424,1249,299,848,1147,1673,0.6855947399880454,0.7051886792452831,0.6789431545236189,0.692065916884451,13.668676723321175,7.810502904158129e-43
within,plain,F1_pre,424,1249,230,700,930,1673,0.5558876270173342,0.5424528301886793,0.5604483586869495,0.5514505944378144,3.661563456968172,0.00012534037526073236
within,plain,F2,424,1249,247,770,1017,1673,0.6078900179318589,0.5825471698113207,0.6164931945556446,0.5995201821834826,7.082512190491499,7.07821520579937e-13
within,plain,G1,424,1249,211,634,845,1673,0.5050806933652122,0.49764150943396224,0.5076060848678943,0.5026237971509282,0.18672670104808217,0.4259374599413995
within,plain,M1,424,1249,216,709,925,1673,0.552898983861327,0.5094339622641509,0.567654123298639,0.538544042781395,2.743048162499888,0.0030435878334372085
within,plain,N1,424,1249,247,712,959,1673,0.5732217573221757,0.5825471698113207,0.5700560448358687,0.5763016073235947,5.430125349118851,2.815724175874232e-08
within,plain,N2,424,1249,310,827,1137,1673,0.6796174536760311,0.7311320754716981,0.6621297037630104,0.6966308896173543,13.99355027480283,8.53372826577747e-45
within,plain,N2_pre,424,1249,229,683,912,1673,0.5451285116557083,0.5400943396226415,0.5468374699759808,0.5434659047993111,3.093320308078753,0.0009896518885874922
within,plain,O1,424,1249,267,705,972,1673,0.5809922295277944,0.6297169811320755,0.5644515612489992,0.5970842711905373,6.909156706970786,2.4377158087566933e-12
within,plain,O1_pre,424,1249,214,637,851,1673,0.5086670651524208,0.5047169811320755,0.5100080064051241,0.5073624937685999,0.5239635893389758,0.30015193242849153
within,plain,O2,424,1249,243,710,953,1673,0.5696353855349672,0.5731132075471698,0.5684547638110489,0.5707839856791093,5.0374550213300635,2.35881185528877e-07
within,readout_prev,A1,424,1249,200,696,896,1673,0.5355648535564853,0.4716981132075472,0.5572457966373099,0.5144719549224286,1.0299197098471102,0.151523848771572
within,readout_prev,F1,424,1249,184,749,933,1673,0.5576808129109384,0.4339622641509434,0.5996797437950361,0.5168210039729897,1.1970935249632042,0.11563505173490479
within,readout_prev,F1_pre,424,1249,206,683,889,1673,0.5313807531380753,0.4858490566037736,0.5468374699759808,0.5163432632898772,1.1630943487378282,0.12239561236703289
within,readout_prev,F2,424,1249,206,714,920,1673,0.5499103407053197,0.4858490566037736,0.5716573258606885,0.5287531912322311,2.0462666260232085,0.02036507268307446
within,readout_prev,G1,424,1249,210,653,863,1673,0.515839808726838,0.49528301886792453,0.5228182546036829,0.5090506367358038,0.644102970941699,0.25975433198198117
within,readout_prev,M1,424,1249,204,692,896,1673,0.5355648535564853,0.4811320754716981,0.5540432345876701,0.5175876550296841,1.251653467838714,0.10534808129747525
within,readout_prev,N1,424,1249,211,668,879,1673,0.525403466826061,0.49764150943396224,0.5348278622898318,0.516234685861897,1.155367263232054,0.12397003094315695
within,readout_prev,N2,424,1249,190,697,887,1673,0.5301852958756724,0.4481132075471698,0.5580464371497198,0.5030798223484448,0.21918046017231893,0.41325473797674106
within,readout_prev,N2_pre,424,1249,209,666,875,1673,0.5230125523012552,0.49292452830188677,0.533226581265012,0.5130755547834494,0.9305426710381327,0.1760450907219095
within,readout_prev,O1,424,1249,214,644,858,1673,0.5128511655708309,0.5047169811320755,0.5156124899919936,0.5101647355620346,0.7233895874356709,0.23472028329270123
within,readout_prev,O1_pre,424,1249,203,639,842,1673,0.5032875074716079,0.47877358490566035,0.5116092874299439,0.49519143616780215,-0.34220909983372433,0.6339032312366035
within,readout_prev,O2,424,1249,194,675,869,1673,0.5194261805140467,0.45754716981132076,0.5404323458767014,0.4989897578440111,-0.07189549122757943,0.5286574608774971
