job,exp,model,fold,seed,shift_mm,direction,acc,n
aug_eegnet_f1_s1_n30,aug,eegnet,1,1,0.0,any,0.8222222222222222,225
aug_eegnet_f1_s1_n30,aug,eegnet,1,1,2.5,right,0.8222222222222222,225
aug_eegnet_f1_s1_n30,aug,eegnet,1,1,2.5,left,0.8222222222222222,225
aug_eegnet_f1_s1_n30,aug,eegnet,1,1,2.5,anterior,0.8177777777777778,225
aug_eegnet_f1_s1_n30,aug,eegnet,1,1,2.5,posterior,0.8222222222222222,225
aug_eegnet_f1_s1_n30,aug,eegnet,1,1,5.0,right,0.8177777777777778,225
aug_eegnet_f1_s1_n30,aug,eegnet,1,1,5.0,left,0.8222222222222222,225
aug_eegnet_f1_s1_n30,aug,eegnet,1,1,5.0,anterior,0.8177777777777778,225
aug_eegnet_f1_s1_n30,aug,eegnet,1,1,5.0,posterior,0.8266666666666667,225
aug_eegnet_f1_s1_n30,aug,eegnet,1,1,10.0,right,0.8088888888888889,225
aug_eegnet_f1_s1_n30,aug,eegnet,1,1,10.0,left,0.8266666666666667,225
aug_eegnet_f1_s1_n30,aug,eegnet,1,1,10.0,anterior,0.8177777777777778,225
aug_eegnet_f1_s1_n30,aug,eegnet,1,1,10.0,posterior,0.8222222222222222,225
aug_eegnet_f1_s1_n30,aug,eegnet,1,1,15.0,right,0.8,225
aug_eegnet_f1_s1_n30,aug,eegnet,1,1,15.0,left,0.8355555555555556,225
aug_eegnet_f1_s1_n30,aug,eegnet,1,1,15.0,anterior,0.8133333333333334,225
aug_eegnet_f1_s1_n30,aug,eegnet,1,1,15.0,posterior,0.8222222222222222,225
aug_eegnet_f1_s1_n30,aug,eegnet,1,1,20.0,right,0.7866666666666666,225
aug_eegnet_f1_s1_n30,aug,eegnet,1,1,20.0,left,0.8266666666666667,225
aug_eegnet_f1_s1_n30,aug,eegnet,1,1,20.0,anterior,0.8088888888888889,225
aug_eegnet_f1_s1_n30,aug,eegnet,1,1,20.0,posterior,0.8088888888888889,225
