job,model,exp,direction,layer,rel_change
base_eegnet_f1_s2_n30,eegnet,base,right,temporal,0.12675020098686218
base_eegnet_f1_s2_n30,eegnet,base,right,spatial (depthwise),0.15102849900722504
base_eegnet_f1_s2_n30,eegnet,base,right,block2,0.2564840614795685
base_eegnet_f1_s2_n30,eegnet,base,right,logits,0.14911067485809326
base_eegnet_f1_s2_n30,eegnet,base,left,temporal,0.12571017444133759
base_eegnet_f1_s2_n30,eegnet,base,left,spatial (depthwise),0.15002578496932983
base_eegnet_f1_s2_n30,eegnet,base,left,block2,0.24886013567447662
base_eegnet_f1_s2_n30,eegnet,base,left,logits,0.14551202952861786
base_eegnet_f1_s2_n30,eegnet,base,anterior,temporal,0.12252718955278397
base_eegnet_f1_s2_n30,eegnet,base,anterior,spatial (depthwise),0.13113616406917572
base_eegnet_f1_s2_n30,eegnet,base,anterior,block2,0.16485364735126495
base_eegnet_f1_s2_n30,eegnet,base,anterior,logits,0.07444404810667038
base_eegnet_f1_s2_n30,eegnet,base,posterior,temporal,0.11682606488466263
base_eegnet_f1_s2_n30,eegnet,base,posterior,spatial (depthwise),0.1262853741645813
base_eegnet_f1_s2_n30,eegnet,base,posterior,block2,0.16097259521484375
base_eegnet_f1_s2_n30,eegnet,base,posterior,logits,0.07184211909770966
